<?xml version="1.0" encoding="UTF-8"?>
<class-scheme publication-date="2024-08-01" scheme-type="cpc" publication-type="official">
<classification-item breakdown-code="false" not-allocatable="true" level="5" additional-only="false" sort-key="B01B" definition-exists="true" date-revised="2020-01-01" status="published"><classification-symbol>B01B</classification-symbol><class-title date-revised="2018-08-01"><title-part><text>BOILING</text></title-part><title-part><text>BOILING APPARATUS </text><CPC-specific-text><text>; EVAPORATION; EVAPORATION APPARATUS</text></CPC-specific-text></title-part></class-title>
<classification-item breakdown-code="false" not-allocatable="true" level="6" additional-only="false" sort-key="B01B1/00" date-revised="2013-01-01" status="published"><classification-symbol>B01B1/00</classification-symbol>
<classification-item breakdown-code="false" not-allocatable="false" level="7" additional-only="false" sort-key="B01B1/00" definition-exists="true" ipc-concordant="B01B1/00" c-set-base-allowed="false" c-set-subsequent-allowed="true" date-revised="2020-01-01" status="published"><classification-symbol>B01B1/00</classification-symbol><class-title date-revised="2020-01-01"><title-part><text>Boiling</text></title-part><title-part><text>Boiling apparatus for physical or chemical purposes </text><CPC-specific-text><text>; Evaporation in general</text></CPC-specific-text></title-part></class-title>
<classification-item breakdown-code="false" not-allocatable="false" level="8" additional-only="false" sort-key="B01B1/005" definition-exists="true" ipc-concordant="B01B1/00" c-set-base-allowed="false" c-set-subsequent-allowed="true" date-revised="2018-08-01" status="published"><classification-symbol>B01B1/005</classification-symbol><class-title date-revised="2018-08-01"><title-part><CPC-specific-text><text>Evaporation for physical or chemical purposes; Evaporation apparatus therefor, e.g. evaporation of liquids for gas phase reactions</text></CPC-specific-text></title-part></class-title></classification-item>
<classification-item breakdown-code="false" not-allocatable="false" level="8" additional-only="false" sort-key="B01B1/02" definition-exists="true" ipc-concordant="B01B1/02" c-set-base-allowed="false" c-set-subsequent-allowed="true" date-revised="2020-01-01" status="published"><classification-symbol>B01B1/02</classification-symbol><class-title date-revised="2020-01-01"><title-part><text>Preventing foaming</text></title-part></class-title>
<classification-item breakdown-code="false" not-allocatable="false" level="9" additional-only="false" sort-key="B01B1/04" definition-exists="false" ipc-concordant="B01B1/04" c-set-base-allowed="false" c-set-subsequent-allowed="true" date-revised="2013-01-01" status="published"><classification-symbol>B01B1/04</classification-symbol><class-title date-revised="2013-01-01"><title-part><text>by chemical means</text></title-part></class-title></classification-item></classification-item>
<classification-item breakdown-code="false" not-allocatable="false" level="8" additional-only="false" sort-key="B01B1/06" definition-exists="false" ipc-concordant="B01B1/06" c-set-base-allowed="false" c-set-subsequent-allowed="true" date-revised="2013-01-01" status="published"><classification-symbol>B01B1/06</classification-symbol><class-title date-revised="2013-01-01"><title-part><text>Preventing bumping</text></title-part></class-title></classification-item>
<classification-item breakdown-code="false" not-allocatable="false" level="8" additional-only="false" sort-key="B01B1/08" definition-exists="true" ipc-concordant="B01B1/08" c-set-base-allowed="false" c-set-subsequent-allowed="true" date-revised="2013-01-01" status="published"><classification-symbol>B01B1/08</classification-symbol><class-title date-revised="2013-01-01"><title-part><text>Boiling apparatus provided with reflux condenser</text></title-part></class-title></classification-item></classification-item></classification-item></classification-item></class-scheme>