<?xml version="1.0" encoding="UTF-8"?>
<class-scheme publication-date="2024-08-01" scheme-type="cpc" publication-type="official">
<classification-item breakdown-code="false" not-allocatable="true" level="5" additional-only="false" sort-key="B41K" definition-exists="true" date-revised="2018-08-01" status="published"><classification-symbol>B41K</classification-symbol><class-title date-revised="2013-01-01"><title-part><text>STAMPS</text></title-part><title-part><text>STAMPING OR NUMBERING APPARATUS OR DEVICES </text><reference><text>marking meat <class-ref scheme="cpc">A22C17/10</class-ref>; embossing combined with printing <class-ref scheme="cpc">B41F19/00</class-ref>; selective printing mechanisms <class-ref scheme="cpc">B41J</class-ref>; embossing decorations or marks <class-ref scheme="cpc">B44B5/00</class-ref>; marking or coding completed packages <class-ref scheme="cpc">B65B61/26</class-ref>; ticket printing and issuing, fare registering, nonprinting aspects of franking apparatus <class-ref scheme="cpc">G07B</class-ref></text></reference></title-part></class-title><notes-and-warnings><note type="warning"><note-paragraph>In this subclass non-limiting references (in the sense of paragraph 39 of the Guide to the IPC) may still be displayed in the scheme.</note-paragraph></note></notes-and-warnings>
<classification-item breakdown-code="false" not-allocatable="true" level="6" additional-only="false" sort-key="B41K1/00" date-revised="2013-01-01" status="published"><classification-symbol>B41K1/00</classification-symbol>
<classification-item breakdown-code="false" not-allocatable="false" level="7" additional-only="false" sort-key="B41K1/00" definition-exists="true" ipc-concordant="B41K1/00" c-set-base-allowed="false" c-set-subsequent-allowed="true" date-revised="2013-01-01" status="published"><classification-symbol>B41K1/00</classification-symbol><class-title date-revised="2013-01-01"><title-part><text>Portable hand-operated devices without means for supporting or locating the articles to be stamped, i.e. hand stamps</text></title-part><title-part><text>Inking devices or other accessories therefor</text></title-part></class-title>
<classification-item breakdown-code="false" not-allocatable="false" level="8" additional-only="false" sort-key="B41K1/003" definition-exists="false" ipc-concordant="B41K1/00" c-set-base-allowed="false" c-set-subsequent-allowed="true" date-revised="2013-01-01" status="published"><classification-symbol>B41K1/003</classification-symbol><class-title date-revised="2013-01-01"><title-part><CPC-specific-text><text>combined with other articles </text><reference><text>combination of writing appliances with stamps <class-ref scheme="cpc">B43K29/005</class-ref></text></reference></CPC-specific-text></title-part></class-title></classification-item>
<classification-item breakdown-code="false" not-allocatable="false" level="8" additional-only="false" sort-key="B41K1/006" definition-exists="false" ipc-concordant="B41K1/00" c-set-base-allowed="false" c-set-subsequent-allowed="true" date-revised="2013-01-01" status="published"><classification-symbol>B41K1/006</classification-symbol><class-title date-revised="2013-01-01"><title-part><CPC-specific-text><text>Pocket stamps</text></CPC-specific-text></title-part></class-title></classification-item>
<classification-item breakdown-code="false" not-allocatable="false" level="8" additional-only="false" sort-key="B41K1/02" definition-exists="false" ipc-concordant="B41K1/02" c-set-base-allowed="false" c-set-subsequent-allowed="true" date-revised="2013-01-01" status="published"><classification-symbol>B41K1/02</classification-symbol><class-title date-revised="2013-01-01"><title-part><text>with one or more flat stamping surfaces having fixed images</text></title-part></class-title>
<classification-item breakdown-code="false" not-allocatable="false" level="9" additional-only="false" sort-key="B41K1/04" definition-exists="false" ipc-concordant="B41K1/04" c-set-base-allowed="false" c-set-subsequent-allowed="true" date-revised="2013-01-01" status="published"><classification-symbol>B41K1/04</classification-symbol><class-title date-revised="2013-01-01"><title-part><text>with multiple stamping surfaces</text></title-part><title-part><text>with stamping surfaces replaceable as a whole</text></title-part></class-title></classification-item>
<classification-item breakdown-code="false" not-allocatable="false" level="9" additional-only="false" sort-key="B41K1/06" definition-exists="false" ipc-concordant="B41K1/06" c-set-base-allowed="false" c-set-subsequent-allowed="true" date-revised="2013-01-01" status="published"><classification-symbol>B41K1/06</classification-symbol><class-title date-revised="2013-01-01"><title-part><text>with means for locating the image to be obtained</text></title-part></class-title></classification-item></classification-item>
<classification-item breakdown-code="false" not-allocatable="false" level="8" additional-only="false" sort-key="B41K1/08" definition-exists="false" ipc-concordant="B41K1/08" c-set-base-allowed="false" c-set-subsequent-allowed="true" date-revised="2013-01-01" status="published"><classification-symbol>B41K1/08</classification-symbol><class-title date-revised="2013-01-01"><title-part><text>with a flat stamping surface and changeable characters</text></title-part></class-title>
<classification-item breakdown-code="false" not-allocatable="false" level="9" additional-only="false" sort-key="B41K1/10" definition-exists="false" ipc-concordant="B41K1/10" c-set-base-allowed="false" c-set-subsequent-allowed="true" date-revised="2013-01-01" status="published"><classification-symbol>B41K1/10</classification-symbol><class-title date-revised="2013-01-01"><title-part><text>having movable type-carrying bands or chains</text></title-part></class-title></classification-item>
<classification-item breakdown-code="false" not-allocatable="false" level="9" additional-only="false" sort-key="B41K1/12" definition-exists="false" ipc-concordant="B41K1/12" c-set-base-allowed="false" c-set-subsequent-allowed="true" date-revised="2013-01-01" status="published"><classification-symbol>B41K1/12</classification-symbol><class-title date-revised="2013-01-01"><title-part><text>having adjustable type-carrying wheels</text></title-part></class-title></classification-item>
<classification-item breakdown-code="false" not-allocatable="false" level="9" additional-only="false" sort-key="B41K1/14" definition-exists="false" ipc-concordant="B41K1/14" c-set-base-allowed="false" c-set-subsequent-allowed="true" date-revised="2013-01-01" status="published"><classification-symbol>B41K1/14</classification-symbol><class-title date-revised="2013-01-01"><title-part><text>having automatic means for changing type-characters</text></title-part></class-title>
<classification-item breakdown-code="false" not-allocatable="false" level="10" additional-only="false" sort-key="B41K1/16" definition-exists="false" ipc-concordant="B41K1/16" c-set-base-allowed="false" c-set-subsequent-allowed="true" date-revised="2013-01-01" status="published"><classification-symbol>B41K1/16</classification-symbol><class-title date-revised="2013-01-01"><title-part><text>Numbering devices</text></title-part></class-title>
<classification-item breakdown-code="false" not-allocatable="false" level="11" additional-only="false" sort-key="B41K1/18" definition-exists="false" ipc-concordant="B41K1/18" c-set-base-allowed="false" c-set-subsequent-allowed="true" date-revised="2013-01-01" status="published"><classification-symbol>B41K1/18</classification-symbol><class-title date-revised="2013-01-01"><title-part><text>for pages</text></title-part></class-title></classification-item></classification-item></classification-item>
<classification-item breakdown-code="false" not-allocatable="false" level="9" additional-only="false" sort-key="B41K1/20" definition-exists="false" ipc-concordant="B41K1/20" c-set-base-allowed="false" c-set-subsequent-allowed="true" date-revised="2013-01-01" status="published"><classification-symbol>B41K1/20</classification-symbol><class-title date-revised="2013-01-01"><title-part><text>with means for locating the image to be obtained</text></title-part></class-title></classification-item></classification-item>
<classification-item breakdown-code="false" not-allocatable="false" level="8" additional-only="false" sort-key="B41K1/22" definition-exists="false" ipc-concordant="B41K1/22" c-set-base-allowed="false" c-set-subsequent-allowed="true" date-revised="2013-01-01" status="published"><classification-symbol>B41K1/22</classification-symbol><class-title date-revised="2013-01-01"><title-part><text>with curved stamping surfaces for stamping by rolling contact</text></title-part></class-title>
<classification-item breakdown-code="false" not-allocatable="false" level="9" additional-only="false" sort-key="B41K1/24" definition-exists="false" ipc-concordant="B41K1/24" c-set-base-allowed="false" c-set-subsequent-allowed="true" date-revised="2013-01-01" status="published"><classification-symbol>B41K1/24</classification-symbol><class-title date-revised="2013-01-01"><title-part><text>Rocking stamps</text></title-part></class-title></classification-item></classification-item>
<classification-item breakdown-code="false" not-allocatable="false" level="8" additional-only="false" sort-key="B41K1/26" definition-exists="false" ipc-concordant="B41K1/26" c-set-base-allowed="false" c-set-subsequent-allowed="true" date-revised="2013-01-01" status="published"><classification-symbol>B41K1/26</classification-symbol><class-title date-revised="2013-01-01"><title-part><text>with stamping surfaces adapted for application to non-flat surfaces</text></title-part></class-title>
<classification-item breakdown-code="false" not-allocatable="false" level="9" additional-only="false" sort-key="B41K1/28" definition-exists="false" ipc-concordant="B41K1/28" c-set-base-allowed="false" c-set-subsequent-allowed="true" date-revised="2013-01-01" status="published"><classification-symbol>B41K1/28</classification-symbol><class-title date-revised="2013-01-01"><title-part><text>flexible</text></title-part></class-title></classification-item></classification-item>
<classification-item breakdown-code="false" not-allocatable="false" level="8" additional-only="false" sort-key="B41K1/30" definition-exists="false" ipc-concordant="B41K1/30" c-set-base-allowed="false" c-set-subsequent-allowed="true" date-revised="2013-01-01" status="published"><classification-symbol>B41K1/30</classification-symbol><class-title date-revised="2013-01-01"><title-part><text>for offset or intaglio stamping</text></title-part></class-title></classification-item>
<classification-item breakdown-code="false" not-allocatable="false" level="8" additional-only="false" sort-key="B41K1/32" definition-exists="false" ipc-concordant="B41K1/32" c-set-base-allowed="false" c-set-subsequent-allowed="true" date-revised="2013-01-01" status="published"><classification-symbol>B41K1/32</classification-symbol><class-title date-revised="2013-01-01"><title-part><text>for stencilling</text></title-part></class-title></classification-item>
<classification-item breakdown-code="false" not-allocatable="false" level="8" additional-only="false" sort-key="B41K1/34" definition-exists="false" ipc-concordant="B41K1/34" c-set-base-allowed="false" c-set-subsequent-allowed="true" date-revised="2013-01-01" status="published"><classification-symbol>B41K1/34</classification-symbol><class-title date-revised="2013-01-01"><title-part><text>for multicolour stamping</text></title-part></class-title></classification-item>
<classification-item breakdown-code="false" not-allocatable="false" level="8" additional-only="false" sort-key="B41K1/36" definition-exists="false" ipc-concordant="B41K1/36" c-set-base-allowed="false" c-set-subsequent-allowed="true" date-revised="2013-01-01" status="published"><classification-symbol>B41K1/36</classification-symbol><class-title date-revised="2013-01-01"><title-part><text>Details</text></title-part></class-title>
<classification-item breakdown-code="false" not-allocatable="false" level="9" additional-only="false" sort-key="B41K1/363" definition-exists="false" ipc-concordant="B41K1/36" c-set-base-allowed="false" c-set-subsequent-allowed="true" date-revised="2013-01-01" status="published"><classification-symbol>B41K1/363</classification-symbol><class-title date-revised="2013-01-01"><title-part><CPC-specific-text><text>Labelling means</text></CPC-specific-text></title-part></class-title></classification-item>
<classification-item breakdown-code="false" not-allocatable="false" level="9" additional-only="false" sort-key="B41K1/366" definition-exists="false" ipc-concordant="B41K1/36" c-set-base-allowed="false" c-set-subsequent-allowed="true" date-revised="2013-01-01" status="published"><classification-symbol>B41K1/366</classification-symbol><class-title date-revised="2013-01-01"><title-part><CPC-specific-text><text>Arrangement of counting devices</text></CPC-specific-text></title-part></class-title></classification-item>
<classification-item breakdown-code="false" not-allocatable="false" level="9" additional-only="false" sort-key="B41K1/38" definition-exists="false" ipc-concordant="B41K1/38" c-set-base-allowed="false" c-set-subsequent-allowed="true" date-revised="2013-01-01" status="published"><classification-symbol>B41K1/38</classification-symbol><class-title date-revised="2013-01-01"><title-part><text>Inking devices</text></title-part><title-part><text>Stamping surfaces</text></title-part></class-title>
<classification-item breakdown-code="false" not-allocatable="false" level="10" additional-only="false" sort-key="B41K1/40" definition-exists="false" ipc-concordant="B41K1/40" c-set-base-allowed="false" c-set-subsequent-allowed="true" date-revised="2013-01-01" status="published"><classification-symbol>B41K1/40</classification-symbol><class-title date-revised="2013-01-01"><title-part><text>Inking devices operated by stamping movement</text></title-part></class-title>
<classification-item breakdown-code="false" not-allocatable="false" level="11" additional-only="false" sort-key="B41K1/42" definition-exists="false" ipc-concordant="B41K1/42" c-set-base-allowed="false" c-set-subsequent-allowed="true" date-revised="2013-01-01" status="published"><classification-symbol>B41K1/42</classification-symbol><class-title date-revised="2013-01-01"><title-part><text>with pads or rollers movable for inking</text></title-part></class-title></classification-item></classification-item>
<classification-item breakdown-code="false" not-allocatable="false" level="10" additional-only="false" sort-key="B41K1/44" definition-exists="false" ipc-concordant="B41K1/44" c-set-base-allowed="false" c-set-subsequent-allowed="true" date-revised="2013-01-01" status="published"><classification-symbol>B41K1/44</classification-symbol><class-title date-revised="2013-01-01"><title-part><text>for offset, intaglio, or stencil stamping</text></title-part></class-title></classification-item>
<classification-item breakdown-code="false" not-allocatable="false" level="10" additional-only="false" sort-key="B41K1/46" definition-exists="false" ipc-concordant="B41K1/46" c-set-base-allowed="false" c-set-subsequent-allowed="true" date-revised="2013-01-01" status="published"><classification-symbol>B41K1/46</classification-symbol><class-title date-revised="2013-01-01"><title-part><text>for multicolour stamping</text></title-part></class-title></classification-item>
<classification-item breakdown-code="false" not-allocatable="false" level="10" additional-only="false" sort-key="B41K1/48" definition-exists="false" ipc-concordant="B41K1/48" c-set-base-allowed="false" c-set-subsequent-allowed="true" date-revised="2013-01-01" status="published"><classification-symbol>B41K1/48</classification-symbol><class-title date-revised="2013-01-01"><title-part><text>with ink ribbons, ink sheets, or carbon tape or paper</text></title-part></class-title></classification-item>
<classification-item breakdown-code="false" not-allocatable="false" level="10" additional-only="false" sort-key="B41K1/50" definition-exists="false" ipc-concordant="B41K1/50" c-set-base-allowed="false" c-set-subsequent-allowed="true" date-revised="2013-01-01" status="published"><classification-symbol>B41K1/50</classification-symbol><class-title date-revised="2013-01-01"><title-part><text>Stamping surfaces impregnated with ink, or made of material leaving a mark after stamping contact</text></title-part></class-title></classification-item>
<classification-item breakdown-code="false" not-allocatable="false" level="10" additional-only="false" sort-key="B41K1/52" definition-exists="false" ipc-concordant="B41K1/52" c-set-base-allowed="false" c-set-subsequent-allowed="true" date-revised="2013-01-01" status="published"><classification-symbol>B41K1/52</classification-symbol><class-title date-revised="2013-01-01"><title-part><text>Ink reservoirs, e.g. integral with stamp handles</text></title-part></class-title></classification-item>
<classification-item breakdown-code="false" not-allocatable="false" level="10" additional-only="false" sort-key="B41K1/54" definition-exists="false" ipc-concordant="B41K1/54" c-set-base-allowed="false" c-set-subsequent-allowed="true" date-revised="2013-01-01" status="published"><classification-symbol>B41K1/54</classification-symbol><class-title date-revised="2013-01-01"><title-part><text>Inking pads</text></title-part></class-title></classification-item></classification-item>
<classification-item breakdown-code="false" not-allocatable="false" level="9" additional-only="false" sort-key="B41K1/56" definition-exists="false" ipc-concordant="B41K1/56" c-set-base-allowed="false" c-set-subsequent-allowed="true" date-revised="2013-01-01" status="published"><classification-symbol>B41K1/56</classification-symbol><class-title date-revised="2013-01-01"><title-part><text>Handles </text><CPC-specific-text><reference><text>combined with labelling means <class-ref scheme="cpc">B41K1/363</class-ref></text></reference></CPC-specific-text></title-part></class-title></classification-item>
<classification-item breakdown-code="false" not-allocatable="false" level="9" additional-only="false" sort-key="B41K1/58" definition-exists="false" ipc-concordant="B41K1/58" c-set-base-allowed="false" c-set-subsequent-allowed="true" date-revised="2013-01-01" status="published"><classification-symbol>B41K1/58</classification-symbol><class-title date-revised="2013-01-01"><title-part><text>Stands or other means for keeping hand stamps or the like within easy reach</text></title-part></class-title></classification-item></classification-item></classification-item>
<classification-item breakdown-code="false" not-allocatable="false" level="7" additional-only="false" sort-key="B41K3/00" definition-exists="true" ipc-concordant="B41K3/00" c-set-base-allowed="false" c-set-subsequent-allowed="true" date-revised="2013-01-01" status="published"><classification-symbol>B41K3/00</classification-symbol><class-title date-revised="2013-01-01"><title-part><text>Apparatus for stamping articles having integral means for supporting the articles to be stamped </text><reference><text>means for printing on articles of special shape or having a surface of particular configuration <class-ref scheme="cpc">B41F17/00</class-ref></text></reference></title-part></class-title>
<classification-item breakdown-code="false" not-allocatable="false" level="8" additional-only="false" sort-key="B41K3/005" definition-exists="false" ipc-concordant="B41K3/00" c-set-base-allowed="false" c-set-subsequent-allowed="true" date-revised="2016-05-01" status="published"><classification-symbol>B41K3/005</classification-symbol><class-title date-revised="2016-05-01"><title-part><CPC-specific-text><text>Cheque stamping machines </text><reference><text><class-ref scheme="cpc">B41K3/02</class-ref>&#160;-&#160;<class-ref scheme="cpc">B41K3/62</class-ref> take precedence</text></reference></CPC-specific-text></title-part></class-title></classification-item>
<classification-item breakdown-code="false" not-allocatable="false" level="8" additional-only="false" sort-key="B41K3/02" definition-exists="false" ipc-concordant="B41K3/02" c-set-base-allowed="false" c-set-subsequent-allowed="true" date-revised="2013-01-01" status="published"><classification-symbol>B41K3/02</classification-symbol><class-title date-revised="2013-01-01"><title-part><text>with stamping surface located above article-supporting surface</text></title-part></class-title>
<classification-item breakdown-code="false" not-allocatable="false" level="9" additional-only="false" sort-key="B41K3/04" definition-exists="false" ipc-concordant="B41K3/04" c-set-base-allowed="false" c-set-subsequent-allowed="true" date-revised="2013-01-01" status="published"><classification-symbol>B41K3/04</classification-symbol><class-title date-revised="2013-01-01"><title-part><text>and movable at right angles to the surface to be stamped</text></title-part></class-title>
<classification-item breakdown-code="false" not-allocatable="false" level="10" additional-only="false" sort-key="B41K3/06" definition-exists="false" ipc-concordant="B41K3/06" c-set-base-allowed="false" c-set-subsequent-allowed="true" date-revised="2013-01-01" status="published"><classification-symbol>B41K3/06</classification-symbol><class-title date-revised="2013-01-01"><title-part><text>having type-carrying bands or chains</text></title-part></class-title></classification-item>
<classification-item breakdown-code="false" not-allocatable="false" level="10" additional-only="false" sort-key="B41K3/08" definition-exists="false" ipc-concordant="B41K3/08" c-set-base-allowed="false" c-set-subsequent-allowed="true" date-revised="2013-01-01" status="published"><classification-symbol>B41K3/08</classification-symbol><class-title date-revised="2013-01-01"><title-part><text>having adjustable type-carrying wheels</text></title-part></class-title></classification-item>
<classification-item breakdown-code="false" not-allocatable="false" level="10" additional-only="false" sort-key="B41K3/10" definition-exists="false" ipc-concordant="B41K3/10" c-set-base-allowed="false" c-set-subsequent-allowed="true" date-revised="2013-01-01" status="published"><classification-symbol>B41K3/10</classification-symbol><class-title date-revised="2013-01-01"><title-part><text>having automatic means for changing type-characters, e.g. numbering devices</text></title-part></class-title>
<classification-item breakdown-code="false" not-allocatable="false" level="11" additional-only="false" sort-key="B41K3/102" definition-exists="false" ipc-concordant="B41K3/10" c-set-base-allowed="false" c-set-subsequent-allowed="true" date-revised="2013-01-01" status="published"><classification-symbol>B41K3/102</classification-symbol><class-title date-revised="2013-01-01"><title-part><CPC-specific-text><text>Numbering devices</text></CPC-specific-text></title-part></class-title>
<classification-item breakdown-code="false" not-allocatable="false" level="12" additional-only="false" sort-key="B41K3/105" definition-exists="false" ipc-concordant="B41K3/10" c-set-base-allowed="false" c-set-subsequent-allowed="true" date-revised="2013-01-01" status="published"><classification-symbol>B41K3/105</classification-symbol><class-title date-revised="2013-01-01"><title-part><CPC-specific-text><text>actuating means for changing type-characters</text></CPC-specific-text></title-part></class-title></classification-item>
<classification-item breakdown-code="false" not-allocatable="false" level="12" additional-only="false" sort-key="B41K3/107" definition-exists="false" ipc-concordant="B41K3/10" c-set-base-allowed="false" c-set-subsequent-allowed="true" date-revised="2013-01-01" status="published"><classification-symbol>B41K3/107</classification-symbol><class-title date-revised="2013-01-01"><title-part><CPC-specific-text><text>having movable type-carrying bands or chains</text></CPC-specific-text></title-part></class-title></classification-item></classification-item></classification-item></classification-item>
<classification-item breakdown-code="false" not-allocatable="false" level="9" additional-only="false" sort-key="B41K3/12" definition-exists="false" ipc-concordant="B41K3/12" c-set-base-allowed="false" c-set-subsequent-allowed="true" date-revised="2013-01-01" status="published"><classification-symbol>B41K3/12</classification-symbol><class-title date-revised="2013-01-01"><title-part><text>with curved stamping surface for stamping by rolling contact</text></title-part></class-title>
<classification-item breakdown-code="false" not-allocatable="false" level="10" additional-only="false" sort-key="B41K3/121" definition-exists="false" ipc-concordant="B41K3/12" c-set-base-allowed="false" c-set-subsequent-allowed="true" date-revised="2013-01-01" status="published"><classification-symbol>B41K3/121</classification-symbol><class-title date-revised="2013-01-01"><title-part><CPC-specific-text><text>using stamping rollers having changeable characters</text></CPC-specific-text></title-part></class-title>
<classification-item breakdown-code="false" not-allocatable="false" level="11" additional-only="false" sort-key="B41K3/122" definition-exists="false" ipc-concordant="B41K3/12" c-set-base-allowed="false" c-set-subsequent-allowed="true" date-revised="2013-01-01" status="published"><classification-symbol>B41K3/122</classification-symbol><class-title date-revised="2013-01-01"><title-part><CPC-specific-text><text>having type-carrying bands or chains</text></CPC-specific-text></title-part></class-title></classification-item>
<classification-item breakdown-code="false" not-allocatable="false" level="11" additional-only="false" sort-key="B41K3/123" definition-exists="false" ipc-concordant="B41K3/12" c-set-base-allowed="false" c-set-subsequent-allowed="true" date-revised="2013-01-01" status="published"><classification-symbol>B41K3/123</classification-symbol><class-title date-revised="2013-01-01"><title-part><CPC-specific-text><text>having adjustable type-carrying wheels</text></CPC-specific-text></title-part></class-title></classification-item>
<classification-item breakdown-code="false" not-allocatable="false" level="11" additional-only="false" sort-key="B41K3/125" definition-exists="false" ipc-concordant="B41K3/12" c-set-base-allowed="false" c-set-subsequent-allowed="true" date-revised="2013-01-01" status="published"><classification-symbol>B41K3/125</classification-symbol><class-title date-revised="2013-01-01"><title-part><CPC-specific-text><text>having automatic means for changing type-characters</text></CPC-specific-text></title-part></class-title>
<classification-item breakdown-code="false" not-allocatable="false" level="12" additional-only="false" sort-key="B41K3/126" definition-exists="false" ipc-concordant="B41K3/12" c-set-base-allowed="false" c-set-subsequent-allowed="true" date-revised="2013-01-01" status="published"><classification-symbol>B41K3/126</classification-symbol><class-title date-revised="2013-01-01"><title-part><CPC-specific-text><text>Numbering devices</text></CPC-specific-text></title-part></class-title>
<classification-item breakdown-code="false" not-allocatable="false" level="13" additional-only="false" sort-key="B41K3/127" definition-exists="false" ipc-concordant="B41K3/12" c-set-base-allowed="false" c-set-subsequent-allowed="true" date-revised="2013-01-01" status="published"><classification-symbol>B41K3/127</classification-symbol><class-title date-revised="2013-01-01"><title-part><CPC-specific-text><text>actuating means for changing type-characters</text></CPC-specific-text></title-part></class-title></classification-item>
<classification-item breakdown-code="false" not-allocatable="false" level="13" additional-only="false" sort-key="B41K3/128" definition-exists="false" ipc-concordant="B41K3/12" c-set-base-allowed="false" c-set-subsequent-allowed="true" date-revised="2013-01-01" status="published"><classification-symbol>B41K3/128</classification-symbol><class-title date-revised="2013-01-01"><title-part><CPC-specific-text><text>having type-carrying bands or chains</text></CPC-specific-text></title-part></class-title></classification-item></classification-item></classification-item></classification-item>
<classification-item breakdown-code="false" not-allocatable="false" level="10" additional-only="false" sort-key="B41K3/14" definition-exists="false" ipc-concordant="B41K3/14" c-set-base-allowed="false" c-set-subsequent-allowed="true" date-revised="2013-01-01" status="published"><classification-symbol>B41K3/14</classification-symbol><class-title date-revised="2013-01-01"><title-part><text>for relief stamping</text></title-part></class-title></classification-item>
<classification-item breakdown-code="false" not-allocatable="false" level="10" additional-only="false" sort-key="B41K3/16" definition-exists="false" ipc-concordant="B41K3/16" c-set-base-allowed="false" c-set-subsequent-allowed="true" date-revised="2013-01-01" status="published"><classification-symbol>B41K3/16</classification-symbol><class-title date-revised="2013-01-01"><title-part><text>for intaglio stamping</text></title-part></class-title></classification-item>
<classification-item breakdown-code="false" not-allocatable="false" level="10" additional-only="false" sort-key="B41K3/18" definition-exists="false" ipc-concordant="B41K3/18" c-set-base-allowed="false" c-set-subsequent-allowed="true" date-revised="2013-01-01" status="published"><classification-symbol>B41K3/18</classification-symbol><class-title date-revised="2013-01-01"><title-part><text>for offset stamping</text></title-part></class-title></classification-item>
<classification-item breakdown-code="false" not-allocatable="false" level="10" additional-only="false" sort-key="B41K3/20" definition-exists="false" ipc-concordant="B41K3/20" c-set-base-allowed="false" c-set-subsequent-allowed="true" date-revised="2013-01-01" status="published"><classification-symbol>B41K3/20</classification-symbol><class-title date-revised="2013-01-01"><title-part><text>for stencilling</text></title-part></class-title></classification-item>
<classification-item breakdown-code="false" not-allocatable="false" level="10" additional-only="false" sort-key="B41K3/22" definition-exists="false" ipc-concordant="B41K3/22" c-set-base-allowed="false" c-set-subsequent-allowed="true" date-revised="2013-01-01" status="published"><classification-symbol>B41K3/22</classification-symbol><class-title date-revised="2013-01-01"><title-part><text>with means for producing distorted images</text></title-part></class-title></classification-item></classification-item>
<classification-item breakdown-code="false" not-allocatable="false" level="9" additional-only="false" sort-key="B41K3/24" definition-exists="false" ipc-concordant="B41K3/24" c-set-base-allowed="false" c-set-subsequent-allowed="true" date-revised="2013-01-01" status="published"><classification-symbol>B41K3/24</classification-symbol><class-title date-revised="2013-01-01"><title-part><text>for multicolour stamping</text></title-part></class-title></classification-item></classification-item>
<classification-item breakdown-code="false" not-allocatable="false" level="8" additional-only="false" sort-key="B41K3/26" definition-exists="false" ipc-concordant="B41K3/26" c-set-base-allowed="false" c-set-subsequent-allowed="true" date-revised="2013-01-01" status="published"><classification-symbol>B41K3/26</classification-symbol><class-title date-revised="2013-01-01"><title-part><text>with stamping surface located below article-supporting surface</text></title-part></class-title>
<classification-item breakdown-code="false" not-allocatable="false" level="9" additional-only="false" sort-key="B41K3/263" definition-exists="false" ipc-concordant="B41K3/26" c-set-base-allowed="false" c-set-subsequent-allowed="true" date-revised="2013-01-01" status="published"><classification-symbol>B41K3/263</classification-symbol><class-title date-revised="2013-01-01"><title-part><CPC-specific-text><text>having a stamping surface with changeable characters</text></CPC-specific-text></title-part></class-title>
<classification-item breakdown-code="false" not-allocatable="false" level="10" additional-only="false" sort-key="B41K3/266" definition-exists="false" ipc-concordant="B41K3/26" c-set-base-allowed="false" c-set-subsequent-allowed="true" date-revised="2013-01-01" status="published"><classification-symbol>B41K3/266</classification-symbol><class-title date-revised="2013-01-01"><title-part><CPC-specific-text><text>having automatic means for changing type-characters, e.g. numbering devices</text></CPC-specific-text></title-part></class-title></classification-item></classification-item>
<classification-item breakdown-code="false" not-allocatable="false" level="9" additional-only="false" sort-key="B41K3/28" definition-exists="false" ipc-concordant="B41K3/28" c-set-base-allowed="false" c-set-subsequent-allowed="true" date-revised="2013-01-01" status="published"><classification-symbol>B41K3/28</classification-symbol><class-title date-revised="2013-01-01"><title-part><text>and bearing a positive image</text></title-part></class-title>
<classification-item breakdown-code="false" not-allocatable="false" level="10" additional-only="false" sort-key="B41K3/30" definition-exists="false" ipc-concordant="B41K3/30" c-set-base-allowed="false" c-set-subsequent-allowed="true" date-revised="2013-01-01" status="published"><classification-symbol>B41K3/30</classification-symbol><class-title date-revised="2013-01-01"><title-part><text>and having means for varying the image, e.g. by exchanging stamping plates in succession</text></title-part></class-title></classification-item></classification-item></classification-item>
<classification-item breakdown-code="false" not-allocatable="false" level="8" additional-only="false" sort-key="B41K3/32" definition-exists="false" ipc-concordant="B41K3/32" c-set-base-allowed="false" c-set-subsequent-allowed="true" date-revised="2013-01-01" status="published"><classification-symbol>B41K3/32</classification-symbol><class-title date-revised="2013-01-01"><title-part><text>with co-operating stamping and counter-stamping members</text></title-part></class-title>
<classification-item breakdown-code="false" not-allocatable="false" level="9" additional-only="false" sort-key="B41K3/34" definition-exists="false" ipc-concordant="B41K3/34" c-set-base-allowed="false" c-set-subsequent-allowed="true" date-revised="2013-01-01" status="published"><classification-symbol>B41K3/34</classification-symbol><class-title date-revised="2013-01-01"><title-part><text>in the form of indexable cylinders, e.g. of curved or polygonal cross-section, or of movable chains or bands</text></title-part></class-title></classification-item></classification-item>
<classification-item breakdown-code="false" not-allocatable="false" level="8" additional-only="false" sort-key="B41K3/36" definition-exists="false" ipc-concordant="B41K3/36" c-set-base-allowed="false" c-set-subsequent-allowed="true" date-revised="2013-01-01" status="published"><classification-symbol>B41K3/36</classification-symbol><class-title date-revised="2013-01-01"><title-part><text>with means for deforming or punching the copy matter</text></title-part></class-title>
<classification-item breakdown-code="false" not-allocatable="false" level="9" additional-only="false" sort-key="B41K3/38" definition-exists="false" ipc-concordant="B41K3/38" c-set-base-allowed="false" c-set-subsequent-allowed="true" date-revised="2013-01-01" status="published"><classification-symbol>B41K3/38</classification-symbol><class-title date-revised="2013-01-01"><title-part><text>separate from the stamping means</text></title-part></class-title></classification-item>
<classification-item breakdown-code="false" not-allocatable="false" level="9" additional-only="false" sort-key="B41K3/40" definition-exists="false" ipc-concordant="B41K3/40" c-set-base-allowed="false" c-set-subsequent-allowed="true" date-revised="2013-01-01" status="published"><classification-symbol>B41K3/40</classification-symbol><class-title date-revised="2013-01-01"><title-part><text>for numerical or alphabetical characters</text></title-part></class-title></classification-item></classification-item>
<classification-item breakdown-code="false" not-allocatable="false" level="8" additional-only="false" sort-key="B41K3/42" definition-exists="false" ipc-concordant="B41K3/42" c-set-base-allowed="false" c-set-subsequent-allowed="true" date-revised="2013-01-01" status="published"><classification-symbol>B41K3/42</classification-symbol><class-title date-revised="2013-01-01"><title-part><text>Stamping apparatus with selection mechanisms for successively stamping and delivering lists or other items giving information, e.g. for warehouse administration, washing lists, supermarket guides</text></title-part></class-title></classification-item>
<classification-item breakdown-code="false" not-allocatable="false" level="8" additional-only="false" sort-key="B41K3/44" definition-exists="false" ipc-concordant="B41K3/44" c-set-base-allowed="false" c-set-subsequent-allowed="true" date-revised="2013-01-01" status="published"><classification-symbol>B41K3/44</classification-symbol><class-title date-revised="2013-01-01"><title-part><text>Means for handling copy matter</text></title-part></class-title>
<classification-item breakdown-code="false" not-allocatable="false" level="9" additional-only="false" sort-key="B41K3/46" definition-exists="false" ipc-concordant="B41K3/46" c-set-base-allowed="false" c-set-subsequent-allowed="true" date-revised="2013-01-01" status="published"><classification-symbol>B41K3/46</classification-symbol><class-title date-revised="2013-01-01"><title-part><text>for locating when stationary</text></title-part></class-title></classification-item>
<classification-item breakdown-code="false" not-allocatable="false" level="9" additional-only="false" sort-key="B41K3/48" definition-exists="false" ipc-concordant="B41K3/48" c-set-base-allowed="false" c-set-subsequent-allowed="true" date-revised="2013-01-01" status="published"><classification-symbol>B41K3/48</classification-symbol><class-title date-revised="2013-01-01"><title-part><text>for conveying intermittently to or from stamping station</text></title-part></class-title></classification-item>
<classification-item breakdown-code="false" not-allocatable="false" level="9" additional-only="false" sort-key="B41K3/50" definition-exists="false" ipc-concordant="B41K3/50" c-set-base-allowed="false" c-set-subsequent-allowed="true" date-revised="2013-01-01" status="published"><classification-symbol>B41K3/50</classification-symbol><class-title date-revised="2013-01-01"><title-part><text>for conveying during stamping operation</text></title-part></class-title></classification-item>
<classification-item breakdown-code="false" not-allocatable="false" level="9" additional-only="false" sort-key="B41K3/52" definition-exists="false" ipc-concordant="B41K3/52" c-set-base-allowed="false" c-set-subsequent-allowed="true" date-revised="2013-01-01" status="published"><classification-symbol>B41K3/52</classification-symbol><class-title date-revised="2013-01-01"><title-part><text>for discharging</text></title-part></class-title></classification-item></classification-item>
<classification-item breakdown-code="false" not-allocatable="false" level="8" additional-only="false" sort-key="B41K3/54" definition-exists="false" ipc-concordant="B41K3/54" c-set-base-allowed="false" c-set-subsequent-allowed="true" date-revised="2013-01-01" status="published"><classification-symbol>B41K3/54</classification-symbol><class-title date-revised="2013-01-01"><title-part><text>Inking devices</text></title-part></class-title>
<classification-item breakdown-code="false" not-allocatable="false" level="9" additional-only="false" sort-key="B41K3/56" definition-exists="false" ipc-concordant="B41K3/56" c-set-base-allowed="false" c-set-subsequent-allowed="true" date-revised="2013-01-01" status="published"><classification-symbol>B41K3/56</classification-symbol><class-title date-revised="2013-01-01"><title-part><text>using inking pads</text></title-part></class-title></classification-item>
<classification-item breakdown-code="false" not-allocatable="false" level="9" additional-only="false" sort-key="B41K3/58" definition-exists="false" ipc-concordant="B41K3/58" c-set-base-allowed="false" c-set-subsequent-allowed="true" date-revised="2013-01-01" status="published"><classification-symbol>B41K3/58</classification-symbol><class-title date-revised="2013-01-01"><title-part><text>using ink ribbons, ink sheets, or carbon tape or paper</text></title-part></class-title></classification-item>
<classification-item breakdown-code="false" not-allocatable="false" level="9" additional-only="false" sort-key="B41K3/60" definition-exists="false" ipc-concordant="B41K3/60" c-set-base-allowed="false" c-set-subsequent-allowed="true" date-revised="2013-01-01" status="published"><classification-symbol>B41K3/60</classification-symbol><class-title date-revised="2013-01-01"><title-part><text>using rollers, e.g. rollers with integral ink-supply devices</text></title-part></class-title></classification-item></classification-item>
<classification-item breakdown-code="false" not-allocatable="false" level="8" additional-only="false" sort-key="B41K3/62" definition-exists="false" ipc-concordant="B41K3/62" c-set-base-allowed="false" c-set-subsequent-allowed="true" date-revised="2013-01-01" status="published"><classification-symbol>B41K3/62</classification-symbol><class-title date-revised="2013-01-01"><title-part><text>Details or accessories</text></title-part></class-title>
<classification-item breakdown-code="false" not-allocatable="false" level="9" additional-only="false" sort-key="B41K3/625" definition-exists="false" ipc-concordant="B41K3/62" c-set-base-allowed="false" c-set-subsequent-allowed="true" date-revised="2013-01-01" status="published"><classification-symbol>B41K3/625</classification-symbol><class-title date-revised="2013-01-01"><title-part><CPC-specific-text><text>Arrangement of counting devices</text></CPC-specific-text></title-part></class-title></classification-item>
<classification-item breakdown-code="false" not-allocatable="false" level="9" additional-only="false" sort-key="B41K3/64" definition-exists="false" ipc-concordant="B41K3/64" c-set-base-allowed="false" c-set-subsequent-allowed="true" date-revised="2013-01-01" status="published"><classification-symbol>B41K3/64</classification-symbol><class-title date-revised="2013-01-01"><title-part><text>Stamping mechanisms controlled by feed of copy matter</text></title-part></class-title></classification-item>
<classification-item breakdown-code="false" not-allocatable="false" level="9" additional-only="false" sort-key="B41K3/66" definition-exists="false" ipc-concordant="B41K3/66" c-set-base-allowed="false" c-set-subsequent-allowed="true" date-revised="2013-01-01" status="published"><classification-symbol>B41K3/66</classification-symbol><class-title date-revised="2013-01-01"><title-part><text>Safety devices, e.g. for preventing extraction of copy matter before completion of stamping operation</text></title-part></class-title></classification-item>
<classification-item breakdown-code="false" not-allocatable="false" level="9" additional-only="false" sort-key="B41K3/68" definition-exists="false" ipc-concordant="B41K3/68" c-set-base-allowed="false" c-set-subsequent-allowed="true" date-revised="2017-08-01" status="published"><classification-symbol>B41K3/68</classification-symbol><class-title date-revised="2017-08-01"><title-part><text>Cutting or severing devices </text><reference><text>in general <class-ref scheme="cpc">B26</class-ref></text></reference></title-part></class-title></classification-item></classification-item></classification-item>
<classification-item breakdown-code="false" not-allocatable="false" level="7" additional-only="false" sort-key="B41K5/00" definition-exists="true" ipc-concordant="B41K5/00" c-set-base-allowed="false" c-set-subsequent-allowed="true" date-revised="2013-01-01" status="published"><classification-symbol>B41K5/00</classification-symbol><class-title date-revised="2013-01-01"><title-part><text>Plier-like tools for stamping, or stamping and delivering, tickets or the like</text></title-part></class-title>
<classification-item breakdown-code="false" not-allocatable="false" level="8" additional-only="false" sort-key="B41K5/003" definition-exists="false" ipc-concordant="B41K5/00" c-set-base-allowed="false" c-set-subsequent-allowed="true" date-revised="2013-01-01" status="published"><classification-symbol>B41K5/003</classification-symbol><class-title date-revised="2013-01-01"><title-part><CPC-specific-text><text>Inking devices therefor</text></CPC-specific-text></title-part></class-title></classification-item>
<classification-item breakdown-code="false" not-allocatable="false" level="8" additional-only="false" sort-key="B41K5/006" definition-exists="false" ipc-concordant="B41K5/00" c-set-base-allowed="false" c-set-subsequent-allowed="true" date-revised="2013-01-01" status="published"><classification-symbol>B41K5/006</classification-symbol><class-title date-revised="2013-01-01"><title-part><CPC-specific-text><text>with means for deforming the copy matter</text></CPC-specific-text></title-part></class-title></classification-item>
<classification-item breakdown-code="false" not-allocatable="false" level="8" additional-only="false" sort-key="B41K5/02" definition-exists="false" ipc-concordant="B41K5/02" c-set-base-allowed="false" c-set-subsequent-allowed="true" date-revised="2013-01-01" status="published"><classification-symbol>B41K5/02</classification-symbol><class-title date-revised="2013-01-01"><title-part><text>with means for varying the image stamped</text></title-part></class-title>
<classification-item breakdown-code="false" not-allocatable="false" level="9" additional-only="false" sort-key="B41K5/023" definition-exists="false" ipc-concordant="B41K5/02" c-set-base-allowed="false" c-set-subsequent-allowed="true" date-revised="2013-01-01" status="published"><classification-symbol>B41K5/023</classification-symbol><class-title date-revised="2013-01-01"><title-part><CPC-specific-text><text>having type-carrying bands or chains</text></CPC-specific-text></title-part></class-title></classification-item>
<classification-item breakdown-code="false" not-allocatable="false" level="9" additional-only="false" sort-key="B41K5/026" definition-exists="false" ipc-concordant="B41K5/02" c-set-base-allowed="false" c-set-subsequent-allowed="true" date-revised="2013-01-01" status="published"><classification-symbol>B41K5/026</classification-symbol><class-title date-revised="2013-01-01"><title-part><CPC-specific-text><text>having adjustable type-carrying wheels</text></CPC-specific-text></title-part></class-title></classification-item></classification-item>
<classification-item breakdown-code="false" not-allocatable="false" level="8" additional-only="false" sort-key="B41K5/04" definition-exists="false" ipc-concordant="B41K5/04" c-set-base-allowed="false" c-set-subsequent-allowed="true" date-revised="2013-01-01" status="published"><classification-symbol>B41K5/04</classification-symbol><class-title date-revised="2013-01-01"><title-part><text>with devices for collecting counterfoils, or with other means for recording stamping operations </text><reference><text>counting devices <class-ref scheme="cpc">G06M</class-ref></text></reference></title-part></class-title>
<classification-item breakdown-code="false" not-allocatable="false" level="9" additional-only="false" sort-key="B41K5/06" definition-exists="false" ipc-concordant="B41K5/06" c-set-base-allowed="false" c-set-subsequent-allowed="true" date-revised="2013-01-01" status="published"><classification-symbol>B41K5/06</classification-symbol><class-title date-revised="2013-01-01"><title-part><text>for recording on separate tape</text></title-part></class-title></classification-item>
<classification-item breakdown-code="false" not-allocatable="false" level="9" additional-only="false" sort-key="B41K5/08" definition-exists="false" ipc-concordant="B41K5/08" c-set-base-allowed="false" c-set-subsequent-allowed="true" date-revised="2013-01-01" status="published"><classification-symbol>B41K5/08</classification-symbol><class-title date-revised="2013-01-01"><title-part><text>with counting devices</text></title-part></class-title></classification-item></classification-item></classification-item>
<classification-item breakdown-code="false" not-allocatable="false" level="7" additional-only="false" sort-key="B41K99/00" definition-exists="true" ipc-concordant="B41K99/00" c-set-base-allowed="false" c-set-subsequent-allowed="true" date-revised="2013-01-01" status="published"><classification-symbol>B41K99/00</classification-symbol><class-title date-revised="2013-01-01"><title-part><text>Subject matter not provided for in other groups of this subclass</text></title-part></class-title></classification-item></classification-item></classification-item></class-scheme>