<?xml version="1.0" encoding="UTF-8"?>
<class-scheme publication-date="2024-08-01" scheme-type="cpc" publication-type="official">
<classification-item breakdown-code="false" not-allocatable="true" level="5" additional-only="false" sort-key="B42B" definition-exists="true" date-revised="2018-08-01" status="published"><classification-symbol>B42B</classification-symbol><class-title date-revised="2013-01-01"><title-part><text>PERMANENTLY ATTACHING TOGETHER SHEETS, QUIRES OR SIGNATURES OR PERMANENTLY ATTACHING OBJECTS THERETO </text><reference><text>nailing or stapling in general <class-ref scheme="cpc">B25C</class-ref>, <class-ref scheme="cpc">B27F</class-ref>; machines for both collating or gathering and permanently attaching together sheets or signatures <class-ref scheme="cpc">B42C1/12</class-ref>; temporarily attaching sheets together <class-ref scheme="cpc">B42F</class-ref></text></reference></title-part></class-title><notes-and-warnings><note type="warning"><note-paragraph>In this subclass non-limiting references (in the sense of paragraph 39 of the Guide to the IPC) may still be displayed in the scheme.</note-paragraph></note></notes-and-warnings>
<classification-item breakdown-code="false" not-allocatable="true" level="6" additional-only="false" sort-key="B42B2/00" date-revised="2013-01-01" status="published"><classification-symbol>B42B2/00</classification-symbol>
<classification-item breakdown-code="false" not-allocatable="false" level="7" additional-only="false" sort-key="B42B2/00" definition-exists="true" ipc-concordant="B42B2/00" c-set-base-allowed="false" c-set-subsequent-allowed="true" date-revised="2013-01-01" status="published"><classification-symbol>B42B2/00</classification-symbol><class-title date-revised="2013-01-01"><title-part><text>Permanently attaching together sheets, quires or signatures by stitching with filamentary material, e.g. textile threads </text><reference><text>discontinuously <class-ref scheme="cpc">B42B4/00</class-ref></text></reference></title-part></class-title>
<classification-item breakdown-code="false" not-allocatable="false" level="8" additional-only="false" sort-key="B42B2/02" definition-exists="false" ipc-concordant="B42B2/02" c-set-base-allowed="false" c-set-subsequent-allowed="true" date-revised="2013-01-01" status="published"><classification-symbol>B42B2/02</classification-symbol><class-title date-revised="2013-01-01"><title-part><text>Machines for stitching with thread</text></title-part></class-title>
<classification-item breakdown-code="false" not-allocatable="false" level="9" additional-only="false" sort-key="B42B2/04" definition-exists="false" ipc-concordant="B42B2/04" c-set-base-allowed="false" c-set-subsequent-allowed="true" date-revised="2013-01-01" status="published"><classification-symbol>B42B2/04</classification-symbol><class-title date-revised="2013-01-01"><title-part><text>with straight needles</text></title-part></class-title></classification-item>
<classification-item breakdown-code="false" not-allocatable="false" level="9" additional-only="false" sort-key="B42B2/06" definition-exists="false" ipc-concordant="B42B2/06" c-set-base-allowed="false" c-set-subsequent-allowed="true" date-revised="2013-01-01" status="published"><classification-symbol>B42B2/06</classification-symbol><class-title date-revised="2013-01-01"><title-part><text>with curved needles</text></title-part></class-title></classification-item>
<classification-item breakdown-code="false" not-allocatable="false" level="9" additional-only="false" sort-key="B42B2/08" definition-exists="false" ipc-concordant="B42B2/08" c-set-base-allowed="false" c-set-subsequent-allowed="true" date-revised="2013-01-01" status="published"><classification-symbol>B42B2/08</classification-symbol><class-title date-revised="2013-01-01"><title-part><text>with devices for forming safety knots or with tying mechanisms</text></title-part></class-title></classification-item></classification-item>
<classification-item breakdown-code="false" not-allocatable="false" level="8" additional-only="false" sort-key="B42B2/10" definition-exists="false" ipc-concordant="B42B2/10" c-set-base-allowed="false" c-set-subsequent-allowed="true" date-revised="2013-01-01" status="published"><classification-symbol>B42B2/10</classification-symbol><class-title date-revised="2013-01-01"><title-part><text>Hand-stitching tools</text></title-part></class-title></classification-item></classification-item>
<classification-item breakdown-code="false" not-allocatable="false" level="7" additional-only="false" sort-key="B42B4/00" definition-exists="true" ipc-concordant="B42B4/00" c-set-base-allowed="false" c-set-subsequent-allowed="true" date-revised="2013-01-01" status="published"><classification-symbol>B42B4/00</classification-symbol><class-title date-revised="2013-01-01"><title-part><text>Permanently attaching together sheets, quires or signatures by discontinuous stitching with filamentary material, e.g. wire </text><CPC-specific-text><reference><text>by stapling <class-ref scheme="cpc">B25C5/00</class-ref>; staples <class-ref scheme="cpc">F16B15/00</class-ref></text></reference></CPC-specific-text></title-part></class-title>
<classification-item breakdown-code="false" not-allocatable="false" level="8" additional-only="false" sort-key="B42B4/02" definition-exists="false" ipc-concordant="B42B4/02" c-set-base-allowed="false" c-set-subsequent-allowed="true" date-revised="2013-01-01" status="published"><classification-symbol>B42B4/02</classification-symbol><class-title date-revised="2013-01-01"><title-part><text>Rotary type stitching machines</text></title-part></class-title></classification-item></classification-item>
<classification-item breakdown-code="false" not-allocatable="false" level="7" additional-only="false" sort-key="B42B5/00" definition-exists="true" ipc-concordant="B42B5/00" c-set-base-allowed="false" c-set-subsequent-allowed="true" date-revised="2013-01-01" status="published"><classification-symbol>B42B5/00</classification-symbol><class-title date-revised="2013-01-01"><title-part><text>Permanently attaching together sheets, quires or signatures otherwise than by stitching </text><reference><text>by deformation thereof <class-ref scheme="cpc">B31F</class-ref>; by adhesive peculiar to bookbinding <class-ref scheme="cpc">B42C9/00</class-ref></text></reference></title-part></class-title>
<classification-item breakdown-code="false" not-allocatable="false" level="8" additional-only="false" sort-key="B42B5/02" definition-exists="false" ipc-concordant="B42B5/02" c-set-base-allowed="false" c-set-subsequent-allowed="true" date-revised="2013-01-01" status="published"><classification-symbol>B42B5/02</classification-symbol><class-title date-revised="2013-01-01"><title-part><text>by eyelets </text><reference><text>for garments <class-ref scheme="cpc">A41H37/02</class-ref>; for shoes <class-ref scheme="cpc">A43D100/00</class-ref></text></reference></title-part></class-title></classification-item>
<classification-item breakdown-code="false" not-allocatable="false" level="8" additional-only="false" sort-key="B42B5/04" definition-exists="false" ipc-concordant="B42B5/04" c-set-base-allowed="false" c-set-subsequent-allowed="true" date-revised="2013-01-01" status="published"><classification-symbol>B42B5/04</classification-symbol><class-title date-revised="2013-01-01"><title-part><text>by laces or ribbons</text></title-part></class-title></classification-item>
<classification-item breakdown-code="false" not-allocatable="false" level="8" additional-only="false" sort-key="B42B5/06" definition-exists="false" ipc-concordant="B42B5/06" c-set-base-allowed="false" c-set-subsequent-allowed="true" date-revised="2013-01-01" status="published"><classification-symbol>B42B5/06</classification-symbol><class-title date-revised="2013-01-01"><title-part><text>by clips</text></title-part></class-title></classification-item>
<classification-item breakdown-code="false" not-allocatable="false" level="8" additional-only="false" sort-key="B42B5/08" definition-exists="false" ipc-concordant="B42B5/08" c-set-base-allowed="false" c-set-subsequent-allowed="true" date-revised="2013-01-01" status="published"><classification-symbol>B42B5/08</classification-symbol><class-title date-revised="2013-01-01"><title-part><text>by finger, claw or ring-like elements passing through the sheets, quires or signatures</text></title-part></class-title>
<classification-item breakdown-code="false" not-allocatable="false" level="9" additional-only="false" sort-key="B42B5/10" definition-exists="false" ipc-concordant="B42B5/10" c-set-base-allowed="false" c-set-subsequent-allowed="true" date-revised="2013-01-01" status="published"><classification-symbol>B42B5/10</classification-symbol><class-title date-revised="2013-01-01"><title-part><text>the elements being of castellated or comb-like form</text></title-part></class-title>
<classification-item breakdown-code="false" not-allocatable="false" level="10" additional-only="false" sort-key="B42B5/103" definition-exists="false" ipc-concordant="B42B5/10" c-set-base-allowed="false" c-set-subsequent-allowed="true" date-revised="2013-01-01" status="published"><classification-symbol>B42B5/103</classification-symbol><class-title date-revised="2013-01-01"><title-part><CPC-specific-text><text>Devices for assembling the elements with the stack of sheets</text></CPC-specific-text></title-part></class-title>
<classification-item breakdown-code="false" not-allocatable="false" level="11" additional-only="false" sort-key="B42B5/106" definition-exists="false" ipc-concordant="B42B5/10" c-set-base-allowed="false" c-set-subsequent-allowed="true" date-revised="2013-01-01" status="published"><classification-symbol>B42B5/106</classification-symbol><class-title date-revised="2013-01-01"><title-part><CPC-specific-text><text>combined with manufacturing of the elements </text><reference><text>manufacturing from wire <u>per se</u> <class-ref scheme="cpc">B21F1/04</class-ref>, <class-ref scheme="cpc">B21F45/16</class-ref></text></reference></CPC-specific-text></title-part></class-title></classification-item></classification-item></classification-item>
<classification-item breakdown-code="false" not-allocatable="false" level="9" additional-only="false" sort-key="B42B5/12" definition-exists="false" ipc-concordant="B42B5/12" c-set-base-allowed="false" c-set-subsequent-allowed="true" date-revised="2013-01-01" status="published"><classification-symbol>B42B5/12</classification-symbol><class-title date-revised="2013-01-01"><title-part><text>the elements being coils</text></title-part></class-title>
<classification-item breakdown-code="false" not-allocatable="false" level="10" additional-only="false" sort-key="B42B5/123" definition-exists="false" ipc-concordant="B42B5/12" c-set-base-allowed="false" c-set-subsequent-allowed="true" date-revised="2013-01-01" status="published"><classification-symbol>B42B5/123</classification-symbol><class-title date-revised="2013-01-01"><title-part><CPC-specific-text><text>Devices for assembling the elements with the stack of sheets</text></CPC-specific-text></title-part></class-title>
<classification-item breakdown-code="false" not-allocatable="false" level="11" additional-only="false" sort-key="B42B5/126" definition-exists="false" ipc-concordant="B42B5/12" c-set-base-allowed="false" c-set-subsequent-allowed="true" date-revised="2013-01-01" status="published"><classification-symbol>B42B5/126</classification-symbol><class-title date-revised="2013-01-01"><title-part><CPC-specific-text><text>combined with manufacturing of the elements </text><reference><text>manufacturing from wire <u>per se</u> <class-ref scheme="cpc">B21F3/04</class-ref>, <class-ref scheme="cpc">B21F45/16</class-ref></text></reference></CPC-specific-text></title-part></class-title></classification-item></classification-item></classification-item></classification-item></classification-item>
<classification-item breakdown-code="false" not-allocatable="false" level="7" additional-only="false" sort-key="B42B7/00" definition-exists="true" ipc-concordant="B42B7/00" c-set-base-allowed="false" c-set-subsequent-allowed="true" date-revised="2013-01-01" status="published"><classification-symbol>B42B7/00</classification-symbol><class-title date-revised="2013-01-01"><title-part><text>Permanently attaching objects, e.g. map sections, to sheets</text></title-part></class-title></classification-item>
<classification-item breakdown-code="false" not-allocatable="false" level="7" additional-only="false" sort-key="B42B9/00" definition-exists="true" ipc-concordant="B42B9/00" c-set-base-allowed="false" c-set-subsequent-allowed="true" date-revised="2016-05-01" status="published"><classification-symbol>B42B9/00</classification-symbol><class-title date-revised="2016-05-01"><title-part><text>Devices common to machines for carrying out the processes according to more than one of the preceding main groups </text><reference><text>auxiliary equipment in making paper articles <class-ref scheme="cpc">B31F</class-ref>; auxiliary equipment in printing machines <class-ref scheme="cpc">B41</class-ref>; conveyors in general <class-ref scheme="cpc">B65G</class-ref>; </text><CPC-specific-text><text>handling sheets in general <class-ref scheme="cpc">B65H</class-ref></text></CPC-specific-text></reference></title-part></class-title>
<classification-item breakdown-code="false" not-allocatable="false" level="8" additional-only="false" sort-key="B42B9/02" definition-exists="false" ipc-concordant="B42B9/02" c-set-base-allowed="false" c-set-subsequent-allowed="true" date-revised="2013-01-01" status="published"><classification-symbol>B42B9/02</classification-symbol><class-title date-revised="2013-01-01"><title-part><text>for opening quires or signatures</text></title-part></class-title></classification-item>
<classification-item breakdown-code="false" not-allocatable="false" level="8" additional-only="false" sort-key="B42B9/04" definition-exists="false" ipc-concordant="B42B9/04" c-set-base-allowed="false" c-set-subsequent-allowed="true" date-revised="2013-01-01" status="published"><classification-symbol>B42B9/04</classification-symbol><class-title date-revised="2013-01-01"><title-part><text>for conveying downwardly-open signatures</text></title-part></class-title></classification-item>
<classification-item breakdown-code="false" not-allocatable="false" level="8" additional-only="false" sort-key="B42B9/06" definition-exists="false" ipc-concordant="B42B9/06" c-set-base-allowed="false" c-set-subsequent-allowed="true" date-revised="2013-01-01" status="published"><classification-symbol>B42B9/06</classification-symbol><class-title date-revised="2013-01-01"><title-part><text>for pasting </text><reference><text>applying glue or adhesive peculiar to bookbinding <class-ref scheme="cpc">B42C9/00</class-ref></text></reference></title-part></class-title></classification-item></classification-item></classification-item></classification-item></class-scheme>