<?xml version="1.0" encoding="UTF-8"?>
<class-scheme publication-date="2024-08-01" scheme-type="cpc" publication-type="official">
<classification-item breakdown-code="false" not-allocatable="true" level="5" additional-only="false" sort-key="C06C" definition-exists="true" date-revised="2020-05-01" status="published"><classification-symbol>C06C</classification-symbol><class-title date-revised="2013-01-01"><title-part><text>DETONATING OR PRIMING DEVICES</text></title-part><title-part><text>FUSES </text><reference><text>ammunition fuzes <class-ref scheme="cpc">F42C</class-ref></text></reference></title-part><title-part><text>CHEMICAL LIGHTERS</text></title-part><title-part><text>PYROPHORIC COMPOSITIONS</text></title-part></class-title><notes-and-warnings><note type="warning"><note-paragraph>In this subclass non-limiting references (in the sense of paragraph 39 of the Guide to the IPC) may still be displayed in the scheme.</note-paragraph></note></notes-and-warnings>
<classification-item breakdown-code="false" not-allocatable="true" level="6" additional-only="false" sort-key="C06C5/00" date-revised="2013-01-01" status="published"><classification-symbol>C06C5/00</classification-symbol>
<classification-item breakdown-code="false" not-allocatable="false" level="7" additional-only="false" sort-key="C06C5/00" definition-exists="false" ipc-concordant="C06C5/00" c-set-base-allowed="false" c-set-subsequent-allowed="true" date-revised="2013-01-01" status="published"><classification-symbol>C06C5/00</classification-symbol><class-title date-revised="2013-01-01"><title-part><text>Fuses, e.g. fuse cords</text></title-part></class-title>
<classification-item breakdown-code="false" not-allocatable="false" level="8" additional-only="false" sort-key="C06C5/04" definition-exists="false" ipc-concordant="C06C5/04" c-set-base-allowed="false" c-set-subsequent-allowed="true" date-revised="2013-01-01" status="published"><classification-symbol>C06C5/04</classification-symbol><class-title date-revised="2013-01-01"><title-part><text>Detonating fuses</text></title-part></class-title></classification-item>
<classification-item breakdown-code="false" not-allocatable="false" level="8" additional-only="false" sort-key="C06C5/06" definition-exists="true" ipc-concordant="C06C5/06" c-set-base-allowed="false" c-set-subsequent-allowed="true" date-revised="2013-01-01" status="published"><classification-symbol>C06C5/06</classification-symbol><class-title date-revised="2013-01-01"><title-part><text>Fuse igniting means</text></title-part><title-part><text>Fuse connectors</text></title-part></class-title></classification-item>
<classification-item breakdown-code="false" not-allocatable="false" level="8" additional-only="false" sort-key="C06C5/08" definition-exists="false" ipc-concordant="C06C5/08" c-set-base-allowed="false" c-set-subsequent-allowed="true" date-revised="2013-01-01" status="published"><classification-symbol>C06C5/08</classification-symbol><class-title date-revised="2013-01-01"><title-part><text>Devices for the manufacture of fuses</text></title-part></class-title></classification-item></classification-item>
<classification-item breakdown-code="false" not-allocatable="false" level="7" additional-only="false" sort-key="C06C7/00" definition-exists="true" ipc-concordant="C06C7/00" c-set-base-allowed="false" c-set-subsequent-allowed="true" date-revised="2013-01-01" status="published"><classification-symbol>C06C7/00</classification-symbol><class-title date-revised="2013-01-01"><title-part><text>Non-electric detonators</text></title-part><title-part><text>Blasting caps</text></title-part><title-part><text>Primers</text></title-part></class-title>
<classification-item breakdown-code="false" not-allocatable="false" level="8" additional-only="false" sort-key="C06C7/02" definition-exists="false" ipc-concordant="C06C7/02" c-set-base-allowed="false" c-set-subsequent-allowed="true" date-revised="2013-01-01" status="published"><classification-symbol>C06C7/02</classification-symbol><class-title date-revised="2013-01-01"><title-part><text>Manufacture</text></title-part><title-part><text>Packing</text></title-part></class-title></classification-item></classification-item>
<classification-item breakdown-code="false" not-allocatable="false" level="7" additional-only="false" sort-key="C06C9/00" definition-exists="false" ipc-concordant="C06C9/00" c-set-base-allowed="false" c-set-subsequent-allowed="true" date-revised="2013-01-01" status="published"><classification-symbol>C06C9/00</classification-symbol><class-title date-revised="2013-01-01"><title-part><text>Chemical contact igniters</text></title-part><title-part><text>Chemical lighters</text></title-part></class-title></classification-item>
<classification-item breakdown-code="false" not-allocatable="false" level="7" additional-only="false" sort-key="C06C15/00" definition-exists="true" ipc-concordant="C06C15/00" c-set-base-allowed="false" c-set-subsequent-allowed="true" date-revised="2013-01-01" status="published"><classification-symbol>C06C15/00</classification-symbol><class-title date-revised="2013-01-01"><title-part><text>Pyrophoric compositions</text></title-part><title-part><text>Flints </text><reference><text>chemical lighters <class-ref scheme="cpc">C06C9/00</class-ref>; alloys in general <class-ref scheme="cpc">C22C</class-ref></text></reference></title-part></class-title></classification-item></classification-item></classification-item></class-scheme>