<?xml version="1.0" encoding="UTF-8"?>
<class-scheme publication-date="2024-08-01" scheme-type="cpc" publication-type="official">
<classification-item breakdown-code="false" not-allocatable="true" level="5" additional-only="false" sort-key="B60V" definition-exists="true" date-revised="2018-08-01" status="published"><classification-symbol>B60V</classification-symbol><class-title date-revised="2017-01-01"><title-part><text>AIR-CUSHION VEHICLES</text></title-part></class-title><notes-and-warnings date-revised="2013-01-01"><note type="note"><note-paragraph>The term &quot;air-cushion vehicles&quot; in this subclass includes all vehicles which are wholly or partly supported on land or water by air or other gaseous cushions</note-paragraph></note><note type="warning"><note-paragraph>In this subclass non-limiting references (in the sense of paragraph 39 of the Guide to the IPC) may still be displayed in the scheme.</note-paragraph></note></notes-and-warnings>
<classification-item breakdown-code="false" not-allocatable="true" level="6" additional-only="false" sort-key="B60V1/00" date-revised="2013-01-01" status="published"><classification-symbol>B60V1/00</classification-symbol>
<classification-item breakdown-code="false" not-allocatable="false" level="7" additional-only="false" sort-key="B60V1/00" definition-exists="true" ipc-concordant="B60V1/00" c-set-base-allowed="false" c-set-subsequent-allowed="true" date-revised="2013-01-01" status="published"><classification-symbol>B60V1/00</classification-symbol><class-title date-revised="2013-01-01"><title-part><text>Air-cushion </text><reference><text>land vehicles, waterborne vessels, or aircraft adapted or modified to travel on air cushion <class-ref scheme="cpc">B60V3/00</class-ref></text></reference></title-part></class-title>
<classification-item breakdown-code="false" not-allocatable="false" level="8" additional-only="false" sort-key="B60V1/02" definition-exists="true" ipc-concordant="B60V1/02" c-set-base-allowed="false" c-set-subsequent-allowed="true" date-revised="2013-01-01" status="published"><classification-symbol>B60V1/02</classification-symbol><class-title date-revised="2013-01-01"><title-part><text>wherein the cushion is generated and contained by at least one peripheral fluid curtain</text></title-part></class-title></classification-item>
<classification-item breakdown-code="false" not-allocatable="false" level="8" additional-only="false" sort-key="B60V1/04" definition-exists="true" ipc-concordant="B60V1/04" c-set-base-allowed="false" c-set-subsequent-allowed="true" date-revised="2013-01-01" status="published"><classification-symbol>B60V1/04</classification-symbol><class-title date-revised="2013-01-01"><title-part><text>wherein the cushion is contained at least in part by walls</text></title-part></class-title>
<classification-item breakdown-code="false" not-allocatable="false" level="9" additional-only="false" sort-key="B60V1/043" definition-exists="true" ipc-concordant="B60V1/04" c-set-base-allowed="false" c-set-subsequent-allowed="true" date-revised="2013-01-01" status="published"><classification-symbol>B60V1/043</classification-symbol><class-title date-revised="2013-01-01"><title-part><CPC-specific-text><text>the walls being flexible </text><reference><text>skirt details <class-ref scheme="cpc">B60V1/16</class-ref></text></reference></CPC-specific-text></title-part></class-title></classification-item>
<classification-item breakdown-code="false" not-allocatable="false" level="9" additional-only="false" sort-key="B60V1/046" definition-exists="false" ipc-concordant="B60V1/04" c-set-base-allowed="false" c-set-subsequent-allowed="true" date-revised="2013-01-01" status="published"><classification-symbol>B60V1/046</classification-symbol><class-title date-revised="2013-01-01"><title-part><CPC-specific-text><text>the walls or a part of them being rigid</text></CPC-specific-text></title-part></class-title></classification-item></classification-item>
<classification-item breakdown-code="false" not-allocatable="false" level="8" additional-only="false" sort-key="B60V1/06" definition-exists="true" ipc-concordant="B60V1/06" c-set-base-allowed="false" c-set-subsequent-allowed="true" date-revised="2013-01-01" status="published"><classification-symbol>B60V1/06</classification-symbol><class-title date-revised="2013-01-01"><title-part><text>wherein the cushion is formed within plenum chamber</text></title-part></class-title></classification-item>
<classification-item breakdown-code="false" not-allocatable="false" level="8" additional-only="false" sort-key="B60V1/08" definition-exists="true" ipc-concordant="B60V1/08" c-set-base-allowed="false" c-set-subsequent-allowed="true" date-revised="2013-01-01" status="published"><classification-symbol>B60V1/08</classification-symbol><class-title date-revised="2013-01-01"><title-part><text>wherein the cushion is created during forward movement of the vehicle by ram effect</text></title-part></class-title></classification-item>
<classification-item breakdown-code="false" not-allocatable="false" level="8" additional-only="false" sort-key="B60V1/10" definition-exists="true" ipc-concordant="B60V1/10" c-set-base-allowed="false" c-set-subsequent-allowed="true" date-revised="2013-01-01" status="published"><classification-symbol>B60V1/10</classification-symbol><class-title date-revised="2013-01-01"><title-part><text>in which the curtain-forming nozzle or the vehicle base is shaped to create a vortex curtain</text></title-part></class-title></classification-item>
<classification-item breakdown-code="false" not-allocatable="false" level="8" additional-only="false" sort-key="B60V1/11" definition-exists="true" ipc-concordant="B60V1/11" c-set-base-allowed="false" c-set-subsequent-allowed="true" date-revised="2013-01-01" status="published"><classification-symbol>B60V1/11</classification-symbol><class-title date-revised="2013-01-01"><title-part><text>Stability or attitude control</text></title-part></class-title>
<classification-item breakdown-code="false" not-allocatable="false" level="9" additional-only="false" sort-key="B60V1/115" definition-exists="false" ipc-concordant="B60V1/11" c-set-base-allowed="false" c-set-subsequent-allowed="true" date-revised="2013-01-01" status="published"><classification-symbol>B60V1/115</classification-symbol><class-title date-revised="2013-01-01"><title-part><CPC-specific-text><text>by ground or water engaging means, e.g. rudders or wheels</text></CPC-specific-text></title-part></class-title></classification-item>
<classification-item breakdown-code="false" not-allocatable="false" level="9" additional-only="false" sort-key="B60V1/12" definition-exists="true" ipc-concordant="B60V1/12" c-set-base-allowed="false" c-set-subsequent-allowed="true" date-revised="2013-01-01" status="published"><classification-symbol>B60V1/12</classification-symbol><class-title date-revised="2013-01-01"><title-part><text>by dividing the cushion</text></title-part></class-title></classification-item></classification-item>
<classification-item breakdown-code="false" not-allocatable="false" level="8" additional-only="false" sort-key="B60V1/14" definition-exists="true" ipc-concordant="B60V1/14" c-set-base-allowed="false" c-set-subsequent-allowed="true" date-revised="2013-01-01" status="published"><classification-symbol>B60V1/14</classification-symbol><class-title date-revised="2013-01-01"><title-part><text>Propulsion</text></title-part><title-part><text>Control thereof </text><reference><text><class-ref scheme="cpc">B60V1/11</class-ref> takes precedence</text></reference></title-part></class-title>
<classification-item breakdown-code="false" not-allocatable="false" level="9" additional-only="false" sort-key="B60V1/145" definition-exists="false" ipc-concordant="B60V1/14" c-set-base-allowed="false" c-set-subsequent-allowed="true" date-revised="2013-01-01" status="published"><classification-symbol>B60V1/145</classification-symbol><class-title date-revised="2013-01-01"><title-part><CPC-specific-text><text>using a watter propeller</text></CPC-specific-text></title-part></class-title></classification-item>
<classification-item breakdown-code="false" not-allocatable="false" level="9" additional-only="false" sort-key="B60V1/15" definition-exists="false" ipc-concordant="B60V1/15" c-set-base-allowed="false" c-set-subsequent-allowed="true" date-revised="2013-01-01" status="published"><classification-symbol>B60V1/15</classification-symbol><class-title date-revised="2013-01-01"><title-part><text>using part of the cushion-forming fluid</text></title-part></class-title></classification-item></classification-item>
<classification-item breakdown-code="false" not-allocatable="false" level="8" additional-only="false" sort-key="B60V1/16" definition-exists="true" ipc-concordant="B60V1/16" c-set-base-allowed="false" c-set-subsequent-allowed="true" date-revised="2013-01-01" status="published"><classification-symbol>B60V1/16</classification-symbol><class-title date-revised="2013-01-01"><title-part><text>Flexible skirts</text></title-part></class-title></classification-item>
<classification-item breakdown-code="false" not-allocatable="false" level="8" additional-only="false" sort-key="B60V1/18" definition-exists="true" ipc-concordant="B60V1/18" c-set-base-allowed="false" c-set-subsequent-allowed="true" date-revised="2013-01-01" status="published"><classification-symbol>B60V1/18</classification-symbol><class-title date-revised="2013-01-01"><title-part><text>Body structure</text></title-part></class-title></classification-item>
<classification-item breakdown-code="false" not-allocatable="false" level="8" additional-only="false" sort-key="B60V1/20" definition-exists="true" ipc-concordant="B60V1/20" c-set-base-allowed="false" c-set-subsequent-allowed="true" date-revised="2013-01-01" status="published"><classification-symbol>B60V1/20</classification-symbol><class-title date-revised="2013-01-01"><title-part><text>Spray deflectors</text></title-part></class-title></classification-item>
<classification-item breakdown-code="false" not-allocatable="false" level="8" additional-only="false" sort-key="B60V1/22" definition-exists="true" ipc-concordant="B60V1/22" c-set-base-allowed="false" c-set-subsequent-allowed="true" date-revised="2013-01-01" status="published"><classification-symbol>B60V1/22</classification-symbol><class-title date-revised="2013-01-01"><title-part><text>provided with hydrofoils </text><reference><text>hydrofoils <u>per se</u> <class-ref scheme="cpc">B63B1/24</class-ref></text></reference></title-part></class-title></classification-item></classification-item>
<classification-item breakdown-code="false" not-allocatable="false" level="7" additional-only="false" sort-key="B60V3/00" definition-exists="false" ipc-concordant="B60V3/00" c-set-base-allowed="false" c-set-subsequent-allowed="true" date-revised="2013-01-01" status="published"><classification-symbol>B60V3/00</classification-symbol><class-title date-revised="2013-01-01"><title-part><text>Land vehicles, waterborne vessels, or aircraft, adapted or modified to travel on air cushions</text></title-part></class-title>
<classification-item breakdown-code="false" not-allocatable="false" level="8" additional-only="false" sort-key="B60V3/02" definition-exists="true" ipc-concordant="B60V3/02" c-set-base-allowed="false" c-set-subsequent-allowed="true" date-revised="2013-01-01" status="published"><classification-symbol>B60V3/02</classification-symbol><class-title date-revised="2013-01-01"><title-part><text>Land vehicles, e.g. road vehicles</text></title-part></class-title>
<classification-item breakdown-code="false" not-allocatable="false" level="9" additional-only="false" sort-key="B60V3/025" definition-exists="true" ipc-concordant="B60V3/02" c-set-base-allowed="false" c-set-subsequent-allowed="true" date-revised="2013-01-01" status="published"><classification-symbol>B60V3/025</classification-symbol><class-title date-revised="2013-01-01"><title-part><CPC-specific-text><text>co-operating with a flat surface, e.g. transporting loads on platforms</text></CPC-specific-text></title-part></class-title></classification-item>
<classification-item breakdown-code="false" not-allocatable="false" level="9" additional-only="false" sort-key="B60V3/04" definition-exists="true" ipc-concordant="B60V3/04" c-set-base-allowed="false" c-set-subsequent-allowed="true" date-revised="2013-01-01" status="published"><classification-symbol>B60V3/04</classification-symbol><class-title date-revised="2013-01-01"><title-part><text>co-operating with rails or other guiding means, e.g. with air cushion between rail and vehicle</text></title-part></class-title></classification-item></classification-item>
<classification-item breakdown-code="false" not-allocatable="false" level="8" additional-only="false" sort-key="B60V3/06" definition-exists="true" ipc-concordant="B60V3/06" c-set-base-allowed="false" c-set-subsequent-allowed="true" date-revised="2013-01-01" status="published"><classification-symbol>B60V3/06</classification-symbol><class-title date-revised="2013-01-01"><title-part><text>Waterborne vessels</text></title-part></class-title>
<classification-item breakdown-code="false" not-allocatable="false" level="9" additional-only="false" sort-key="B60V3/065" definition-exists="true" ipc-concordant="B60V3/06" c-set-base-allowed="false" c-set-subsequent-allowed="true" date-revised="2013-01-01" status="published"><classification-symbol>B60V3/065</classification-symbol><class-title date-revised="2013-01-01"><title-part><CPC-specific-text><text>hulls therefor</text></CPC-specific-text></title-part></class-title></classification-item></classification-item>
<classification-item breakdown-code="false" not-allocatable="false" level="8" additional-only="false" sort-key="B60V3/08" definition-exists="true" ipc-concordant="B60V3/08" c-set-base-allowed="false" c-set-subsequent-allowed="true" date-revised="2013-01-01" status="published"><classification-symbol>B60V3/08</classification-symbol><class-title date-revised="2013-01-01"><title-part><text>Aircraft, e.g. air-cushion alighting-gear therefor</text></title-part></class-title></classification-item></classification-item></classification-item></classification-item></class-scheme>