<?xml version="1.0" encoding="UTF-8"?>
<class-scheme publication-date="2024-08-01" scheme-type="cpc" publication-type="official">
<classification-item breakdown-code="false" not-allocatable="true" level="5" additional-only="false" sort-key="D05D" definition-exists="false" date-revised="2013-01-01" status="published"><classification-symbol>D05D</classification-symbol><class-title date-revised="2013-01-01"><title-part><text>INDEXING SCHEME ASSOCIATED WITH SUBCLASSES <class-ref scheme="cpc">D05B</class-ref> AND <class-ref scheme="cpc">D05C</class-ref>, RELATING TO SEWING, EMBROIDERING AND TUFTING</text></title-part></class-title><notes-and-warnings date-revised="2013-01-01"><note type="note"><note-paragraph>This subclass constitutes an internal scheme for indexing only.</note-paragraph></note></notes-and-warnings>
<classification-item breakdown-code="true" not-allocatable="true" level="6" additional-only="true" sort-key="D05D203/00" date-revised="2013-01-01" status="published"><classification-symbol>D05D2203/00</classification-symbol>
<classification-item breakdown-code="true" not-allocatable="false" level="7" additional-only="true" sort-key="D05D203/00" definition-exists="false" ipc-concordant="CPCONLY" c-set-base-allowed="false" c-set-subsequent-allowed="true" date-revised="2013-01-01" status="published"><classification-symbol>D05D2203/00</classification-symbol><class-title date-revised="2013-01-01"><title-part><text>Selection of machines, accessories or parts of the same kind</text></title-part></class-title></classification-item>
<classification-item breakdown-code="true" not-allocatable="false" level="7" additional-only="true" sort-key="D05D205/00" definition-exists="false" ipc-concordant="CPCONLY" c-set-base-allowed="false" c-set-subsequent-allowed="true" date-revised="2013-01-01" status="published"><classification-symbol>D05D2205/00</classification-symbol><class-title date-revised="2013-01-01"><title-part><text>Interface between the operator and the machine</text></title-part></class-title>
<classification-item breakdown-code="true" not-allocatable="false" level="8" additional-only="true" sort-key="D05D205/02" definition-exists="false" ipc-concordant="CPCONLY" c-set-base-allowed="false" c-set-subsequent-allowed="true" date-revised="2013-01-01" status="published"><classification-symbol>D05D2205/02</classification-symbol><class-title date-revised="2013-01-01"><title-part><text>Operator to the machine</text></title-part></class-title>
<classification-item breakdown-code="true" not-allocatable="false" level="9" additional-only="true" sort-key="D05D205/04" definition-exists="false" ipc-concordant="CPCONLY" c-set-base-allowed="false" c-set-subsequent-allowed="true" date-revised="2013-01-01" status="published"><classification-symbol>D05D2205/04</classification-symbol><class-title date-revised="2013-01-01"><title-part><text>Pedals</text></title-part></class-title></classification-item>
<classification-item breakdown-code="true" not-allocatable="false" level="9" additional-only="true" sort-key="D05D205/06" definition-exists="false" ipc-concordant="CPCONLY" c-set-base-allowed="false" c-set-subsequent-allowed="true" date-revised="2013-01-01" status="published"><classification-symbol>D05D2205/06</classification-symbol><class-title date-revised="2013-01-01"><title-part><text>Handles </text><reference><text>joysticks <class-ref scheme="cpc">D05D2205/08</class-ref></text></reference></title-part></class-title></classification-item>
<classification-item breakdown-code="true" not-allocatable="false" level="9" additional-only="true" sort-key="D05D205/08" definition-exists="false" ipc-concordant="CPCONLY" c-set-base-allowed="false" c-set-subsequent-allowed="true" date-revised="2013-01-01" status="published"><classification-symbol>D05D2205/08</classification-symbol><class-title date-revised="2013-01-01"><title-part><text>Buttons, e.g. for pattern selection</text></title-part><title-part><text>Keyboards</text></title-part></class-title>
<classification-item breakdown-code="true" not-allocatable="false" level="10" additional-only="true" sort-key="D05D205/085" definition-exists="false" ipc-concordant="CPCONLY" c-set-base-allowed="false" c-set-subsequent-allowed="true" date-revised="2013-01-01" status="published"><classification-symbol>D05D2205/085</classification-symbol><class-title date-revised="2013-01-01"><title-part><text>combined with a display arrangement, e.g. touch sensitive control panel</text></title-part></class-title></classification-item></classification-item></classification-item>
<classification-item breakdown-code="true" not-allocatable="false" level="8" additional-only="true" sort-key="D05D205/12" definition-exists="false" ipc-concordant="CPCONLY" c-set-base-allowed="false" c-set-subsequent-allowed="true" date-revised="2013-01-01" status="published"><classification-symbol>D05D2205/12</classification-symbol><class-title date-revised="2013-01-01"><title-part><text>Machine to the operator</text></title-part><title-part><text>Alarms</text></title-part></class-title>
<classification-item breakdown-code="true" not-allocatable="false" level="9" additional-only="true" sort-key="D05D205/14" definition-exists="false" ipc-concordant="CPCONLY" c-set-base-allowed="false" c-set-subsequent-allowed="true" date-revised="2013-01-01" status="published"><classification-symbol>D05D2205/14</classification-symbol><class-title date-revised="2013-01-01"><title-part><text>acoustic</text></title-part></class-title></classification-item>
<classification-item breakdown-code="true" not-allocatable="false" level="9" additional-only="true" sort-key="D05D205/16" definition-exists="false" ipc-concordant="CPCONLY" c-set-base-allowed="false" c-set-subsequent-allowed="true" date-revised="2013-01-01" status="published"><classification-symbol>D05D2205/16</classification-symbol><class-title date-revised="2013-01-01"><title-part><text>Display arrangements</text></title-part></class-title>
<classification-item breakdown-code="true" not-allocatable="false" level="10" additional-only="true" sort-key="D05D205/18" definition-exists="false" ipc-concordant="CPCONLY" c-set-base-allowed="false" c-set-subsequent-allowed="true" date-revised="2013-01-01" status="published"><classification-symbol>D05D2205/18</classification-symbol><class-title date-revised="2013-01-01"><title-part><text>Screens</text></title-part></class-title></classification-item></classification-item></classification-item>
<classification-item breakdown-code="true" not-allocatable="false" level="8" additional-only="true" sort-key="D05D205/32" definition-exists="false" ipc-concordant="CPCONLY" c-set-base-allowed="false" c-set-subsequent-allowed="true" date-revised="2013-01-01" status="published"><classification-symbol>D05D2205/32</classification-symbol><class-title date-revised="2013-01-01"><title-part><text>Safety devices</text></title-part><title-part><text>Security devices</text></title-part></class-title></classification-item></classification-item>
<classification-item breakdown-code="true" not-allocatable="false" level="7" additional-only="true" sort-key="D05D207/00" definition-exists="false" ipc-concordant="CPCONLY" c-set-base-allowed="false" c-set-subsequent-allowed="true" date-revised="2013-01-01" status="published"><classification-symbol>D05D2207/00</classification-symbol><class-title date-revised="2013-01-01"><title-part><text>Use of special elements</text></title-part></class-title>
<classification-item breakdown-code="true" not-allocatable="false" level="8" additional-only="true" sort-key="D05D207/02" definition-exists="false" ipc-concordant="CPCONLY" c-set-base-allowed="false" c-set-subsequent-allowed="true" date-revised="2013-01-01" status="published"><classification-symbol>D05D2207/02</classification-symbol><class-title date-revised="2013-01-01"><title-part><text>Pneumatic or hydraulic devices</text></title-part></class-title>
<classification-item breakdown-code="true" not-allocatable="false" level="9" additional-only="true" sort-key="D05D207/04" definition-exists="false" ipc-concordant="CPCONLY" c-set-base-allowed="false" c-set-subsequent-allowed="true" date-revised="2013-01-01" status="published"><classification-symbol>D05D2207/04</classification-symbol><class-title date-revised="2013-01-01"><title-part><text>Suction or blowing devices</text></title-part></class-title></classification-item></classification-item>
<classification-item breakdown-code="true" not-allocatable="false" level="8" additional-only="true" sort-key="D05D207/05" definition-exists="false" ipc-concordant="CPCONLY" c-set-base-allowed="false" c-set-subsequent-allowed="true" date-revised="2013-01-01" status="published"><classification-symbol>D05D2207/05</classification-symbol><class-title date-revised="2013-01-01"><title-part><text>Magnetic devices</text></title-part></class-title>
<classification-item breakdown-code="true" not-allocatable="false" level="9" additional-only="true" sort-key="D05D207/06" definition-exists="false" ipc-concordant="CPCONLY" c-set-base-allowed="false" c-set-subsequent-allowed="true" date-revised="2013-01-01" status="published"><classification-symbol>D05D2207/06</classification-symbol><class-title date-revised="2013-01-01"><title-part><text>Permanent magnets</text></title-part></class-title></classification-item></classification-item></classification-item>
<classification-item breakdown-code="true" not-allocatable="false" level="7" additional-only="true" sort-key="D05D209/00" definition-exists="false" ipc-concordant="CPCONLY" c-set-base-allowed="false" c-set-subsequent-allowed="true" date-revised="2013-01-01" status="published"><classification-symbol>D05D2209/00</classification-symbol><class-title date-revised="2013-01-01"><title-part><text>Use of special materials</text></title-part></class-title>
<classification-item breakdown-code="true" not-allocatable="false" level="8" additional-only="true" sort-key="D05D209/02" definition-exists="false" ipc-concordant="CPCONLY" c-set-base-allowed="false" c-set-subsequent-allowed="true" date-revised="2013-01-01" status="published"><classification-symbol>D05D2209/02</classification-symbol><class-title date-revised="2013-01-01"><title-part><text>transparent</text></title-part></class-title></classification-item>
<classification-item breakdown-code="true" not-allocatable="false" level="8" additional-only="true" sort-key="D05D209/04" definition-exists="false" ipc-concordant="CPCONLY" c-set-base-allowed="false" c-set-subsequent-allowed="true" date-revised="2013-01-01" status="published"><classification-symbol>D05D2209/04</classification-symbol><class-title date-revised="2013-01-01"><title-part><text>with high friction</text></title-part></class-title></classification-item>
<classification-item breakdown-code="true" not-allocatable="false" level="8" additional-only="true" sort-key="D05D209/06" definition-exists="false" ipc-concordant="CPCONLY" c-set-base-allowed="false" c-set-subsequent-allowed="true" date-revised="2013-01-01" status="published"><classification-symbol>D05D2209/06</classification-symbol><class-title date-revised="2013-01-01"><title-part><text>with low friction</text></title-part></class-title></classification-item>
<classification-item breakdown-code="true" not-allocatable="false" level="8" additional-only="true" sort-key="D05D209/08" definition-exists="false" ipc-concordant="CPCONLY" c-set-base-allowed="false" c-set-subsequent-allowed="true" date-revised="2013-01-01" status="published"><classification-symbol>D05D2209/08</classification-symbol><class-title date-revised="2013-01-01"><title-part><text>elastic, e.g. rubber spring</text></title-part></class-title></classification-item>
<classification-item breakdown-code="true" not-allocatable="false" level="8" additional-only="true" sort-key="D05D209/10" definition-exists="false" ipc-concordant="CPCONLY" c-set-base-allowed="false" c-set-subsequent-allowed="true" date-revised="2013-01-01" status="published"><classification-symbol>D05D2209/10</classification-symbol><class-title date-revised="2013-01-01"><title-part><text>Particular use of plastics</text></title-part></class-title></classification-item>
<classification-item breakdown-code="true" not-allocatable="false" level="8" additional-only="true" sort-key="D05D209/12" definition-exists="false" ipc-concordant="CPCONLY" c-set-base-allowed="false" c-set-subsequent-allowed="true" date-revised="2013-01-01" status="published"><classification-symbol>D05D2209/12</classification-symbol><class-title date-revised="2013-01-01"><title-part><text>Metals or metal coatings</text></title-part></class-title></classification-item>
<classification-item breakdown-code="true" not-allocatable="false" level="8" additional-only="true" sort-key="D05D209/14" definition-exists="false" ipc-concordant="CPCONLY" c-set-base-allowed="false" c-set-subsequent-allowed="true" date-revised="2013-01-01" status="published"><classification-symbol>D05D2209/14</classification-symbol><class-title date-revised="2013-01-01"><title-part><text>Brushes</text></title-part></class-title></classification-item>
<classification-item breakdown-code="true" not-allocatable="false" level="8" additional-only="true" sort-key="D05D209/16" definition-exists="false" ipc-concordant="CPCONLY" c-set-base-allowed="false" c-set-subsequent-allowed="true" date-revised="2013-01-01" status="published"><classification-symbol>D05D2209/16</classification-symbol><class-title date-revised="2013-01-01"><title-part><text>Thick threads or thick material</text></title-part></class-title></classification-item></classification-item>
<classification-item breakdown-code="true" not-allocatable="false" level="7" additional-only="true" sort-key="D05D303/00" definition-exists="false" ipc-concordant="CPCONLY" c-set-base-allowed="false" c-set-subsequent-allowed="true" date-revised="2013-01-01" status="published"><classification-symbol>D05D2303/00</classification-symbol><class-title date-revised="2013-01-01"><title-part><text>Applied objects or articles</text></title-part></class-title>
<classification-item breakdown-code="true" not-allocatable="false" level="8" additional-only="true" sort-key="D05D303/02" definition-exists="false" ipc-concordant="CPCONLY" c-set-base-allowed="false" c-set-subsequent-allowed="true" date-revised="2013-01-01" status="published"><classification-symbol>D05D2303/02</classification-symbol><class-title date-revised="2013-01-01"><title-part><text>Tape</text></title-part></class-title>
<classification-item breakdown-code="true" not-allocatable="false" level="9" additional-only="true" sort-key="D05D303/04" definition-exists="false" ipc-concordant="CPCONLY" c-set-base-allowed="false" c-set-subsequent-allowed="true" date-revised="2013-01-01" status="published"><classification-symbol>D05D2303/04</classification-symbol><class-title date-revised="2013-01-01"><title-part><text>elastic</text></title-part></class-title></classification-item>
<classification-item breakdown-code="true" not-allocatable="false" level="9" additional-only="true" sort-key="D05D303/06" definition-exists="false" ipc-concordant="CPCONLY" c-set-base-allowed="false" c-set-subsequent-allowed="true" date-revised="2013-01-01" status="published"><classification-symbol>D05D2303/06</classification-symbol><class-title date-revised="2013-01-01"><title-part><text>comprising rigid objects, e.g. slide fasteners</text></title-part></class-title></classification-item></classification-item>
<classification-item breakdown-code="true" not-allocatable="false" level="8" additional-only="true" sort-key="D05D303/08" definition-exists="false" ipc-concordant="CPCONLY" c-set-base-allowed="false" c-set-subsequent-allowed="true" date-revised="2013-01-01" status="published"><classification-symbol>D05D2303/08</classification-symbol><class-title date-revised="2013-01-01"><title-part><text>Cordage</text></title-part></class-title>
<classification-item breakdown-code="true" not-allocatable="false" level="9" additional-only="true" sort-key="D05D303/10" definition-exists="false" ipc-concordant="CPCONLY" c-set-base-allowed="false" c-set-subsequent-allowed="true" date-revised="2013-01-01" status="published"><classification-symbol>D05D2303/10</classification-symbol><class-title date-revised="2013-01-01"><title-part><text>elastic</text></title-part></class-title></classification-item></classification-item>
<classification-item breakdown-code="true" not-allocatable="false" level="8" additional-only="true" sort-key="D05D303/12" definition-exists="false" ipc-concordant="CPCONLY" c-set-base-allowed="false" c-set-subsequent-allowed="true" date-revised="2013-01-01" status="published"><classification-symbol>D05D2303/12</classification-symbol><class-title date-revised="2013-01-01"><title-part><text>Rigid objects</text></title-part></class-title>
<classification-item breakdown-code="true" not-allocatable="false" level="9" additional-only="true" sort-key="D05D303/14" definition-exists="false" ipc-concordant="CPCONLY" c-set-base-allowed="false" c-set-subsequent-allowed="true" date-revised="2013-01-01" status="published"><classification-symbol>D05D2303/14</classification-symbol><class-title date-revised="2013-01-01"><title-part><text>Buttons</text></title-part></class-title>
<classification-item breakdown-code="true" not-allocatable="false" level="10" additional-only="true" sort-key="D05D303/16" definition-exists="false" ipc-concordant="CPCONLY" c-set-base-allowed="false" c-set-subsequent-allowed="true" date-revised="2013-01-01" status="published"><classification-symbol>D05D2303/16</classification-symbol><class-title date-revised="2013-01-01"><title-part><text>with shanks</text></title-part></class-title></classification-item></classification-item>
<classification-item breakdown-code="true" not-allocatable="false" level="9" additional-only="true" sort-key="D05D303/18" definition-exists="false" ipc-concordant="CPCONLY" c-set-base-allowed="false" c-set-subsequent-allowed="true" date-revised="2013-01-01" status="published"><classification-symbol>D05D2303/18</classification-symbol><class-title date-revised="2013-01-01"><title-part><text>Sequins</text></title-part></class-title></classification-item></classification-item>
<classification-item breakdown-code="true" not-allocatable="false" level="8" additional-only="true" sort-key="D05D303/20" definition-exists="false" ipc-concordant="CPCONLY" c-set-base-allowed="false" c-set-subsequent-allowed="true" date-revised="2013-01-01" status="published"><classification-symbol>D05D2303/20</classification-symbol><class-title date-revised="2013-01-01"><title-part><text>Small textile objects e.g., labels, beltloops</text></title-part></class-title></classification-item>
<classification-item breakdown-code="true" not-allocatable="false" level="8" additional-only="true" sort-key="D05D303/30" definition-exists="false" ipc-concordant="CPCONLY" c-set-base-allowed="false" c-set-subsequent-allowed="true" date-revised="2013-01-01" status="published"><classification-symbol>D05D2303/30</classification-symbol><class-title date-revised="2013-01-01"><title-part><text>Fibre mats</text></title-part></class-title></classification-item>
<classification-item breakdown-code="true" not-allocatable="false" level="8" additional-only="true" sort-key="D05D303/40" definition-exists="false" ipc-concordant="CPCONLY" c-set-base-allowed="false" c-set-subsequent-allowed="true" date-revised="2013-01-01" status="published"><classification-symbol>D05D2303/40</classification-symbol><class-title date-revised="2013-01-01"><title-part><text>Electronic or electrical components</text></title-part></class-title></classification-item>
<classification-item breakdown-code="true" not-allocatable="false" level="8" additional-only="true" sort-key="D05D303/42" definition-exists="false" ipc-concordant="CPCONLY" c-set-base-allowed="false" c-set-subsequent-allowed="true" date-revised="2013-01-01" status="published"><classification-symbol>D05D2303/42</classification-symbol><class-title date-revised="2013-01-01"><title-part><text>Optical fibers</text></title-part></class-title></classification-item></classification-item></classification-item>
<classification-item breakdown-code="true" not-allocatable="true" level="6" additional-only="true" sort-key="D05D305/00" date-revised="2013-01-01" status="published"><classification-symbol>D05D2305/00</classification-symbol><class-title date-revised="2013-01-01"><title-part><text>Indexing codes related to the work</text></title-part></class-title>
<classification-item breakdown-code="true" not-allocatable="false" level="7" additional-only="true" sort-key="D05D305/00" definition-exists="false" ipc-concordant="CPCONLY" c-set-base-allowed="false" c-set-subsequent-allowed="true" date-revised="2013-01-01" status="published"><classification-symbol>D05D2305/00</classification-symbol><class-title date-revised="2013-01-01"><title-part><text>Operations on the work before or after sewing</text></title-part></class-title>
<classification-item breakdown-code="true" not-allocatable="false" level="8" additional-only="true" sort-key="D05D305/02" definition-exists="false" ipc-concordant="CPCONLY" c-set-base-allowed="false" c-set-subsequent-allowed="true" date-revised="2013-01-01" status="published"><classification-symbol>D05D2305/02</classification-symbol><class-title date-revised="2013-01-01"><title-part><text>Folding</text></title-part></class-title>
<classification-item breakdown-code="true" not-allocatable="false" level="9" additional-only="true" sort-key="D05D305/04" definition-exists="false" ipc-concordant="CPCONLY" c-set-base-allowed="false" c-set-subsequent-allowed="true" date-revised="2013-01-01" status="published"><classification-symbol>D05D2305/04</classification-symbol><class-title date-revised="2013-01-01"><title-part><text>longitudinally to the sewing direction</text></title-part></class-title></classification-item>
<classification-item breakdown-code="true" not-allocatable="false" level="9" additional-only="true" sort-key="D05D305/06" definition-exists="false" ipc-concordant="CPCONLY" c-set-base-allowed="false" c-set-subsequent-allowed="true" date-revised="2013-01-01" status="published"><classification-symbol>D05D2305/06</classification-symbol><class-title date-revised="2013-01-01"><title-part><text>transversally</text></title-part></class-title></classification-item></classification-item>
<classification-item breakdown-code="true" not-allocatable="false" level="8" additional-only="true" sort-key="D05D305/08" definition-exists="false" ipc-concordant="CPCONLY" c-set-base-allowed="false" c-set-subsequent-allowed="true" date-revised="2013-01-01" status="published"><classification-symbol>D05D2305/08</classification-symbol><class-title date-revised="2013-01-01"><title-part><text>Cutting the workpiece</text></title-part></class-title>
<classification-item breakdown-code="true" not-allocatable="false" level="9" additional-only="true" sort-key="D05D305/10" definition-exists="false" ipc-concordant="CPCONLY" c-set-base-allowed="false" c-set-subsequent-allowed="true" date-revised="2013-01-01" status="published"><classification-symbol>D05D2305/10</classification-symbol><class-title date-revised="2013-01-01"><title-part><text>longitudinally</text></title-part></class-title></classification-item>
<classification-item breakdown-code="true" not-allocatable="false" level="9" additional-only="true" sort-key="D05D305/12" definition-exists="false" ipc-concordant="CPCONLY" c-set-base-allowed="false" c-set-subsequent-allowed="true" date-revised="2013-01-01" status="published"><classification-symbol>D05D2305/12</classification-symbol><class-title date-revised="2013-01-01"><title-part><text>transversally</text></title-part></class-title></classification-item></classification-item>
<classification-item breakdown-code="true" not-allocatable="false" level="8" additional-only="true" sort-key="D05D305/14" definition-exists="false" ipc-concordant="CPCONLY" c-set-base-allowed="false" c-set-subsequent-allowed="true" date-revised="2013-01-01" status="published"><classification-symbol>D05D2305/14</classification-symbol><class-title date-revised="2013-01-01"><title-part><text>Winding or unwinding</text></title-part></class-title></classification-item>
<classification-item breakdown-code="true" not-allocatable="false" level="8" additional-only="true" sort-key="D05D305/22" definition-exists="false" ipc-concordant="CPCONLY" c-set-base-allowed="false" c-set-subsequent-allowed="true" date-revised="2013-01-01" status="published"><classification-symbol>D05D2305/22</classification-symbol><class-title date-revised="2013-01-01"><title-part><text>Physico-chemical treatments</text></title-part></class-title>
<classification-item breakdown-code="true" not-allocatable="false" level="9" additional-only="true" sort-key="D05D305/24" definition-exists="false" ipc-concordant="CPCONLY" c-set-base-allowed="false" c-set-subsequent-allowed="true" date-revised="2013-01-01" status="published"><classification-symbol>D05D2305/24</classification-symbol><class-title date-revised="2013-01-01"><title-part><text>Marking</text></title-part></class-title></classification-item>
<classification-item breakdown-code="true" not-allocatable="false" level="9" additional-only="true" sort-key="D05D305/26" definition-exists="false" ipc-concordant="CPCONLY" c-set-base-allowed="false" c-set-subsequent-allowed="true" date-revised="2013-01-01" status="published"><classification-symbol>D05D2305/26</classification-symbol><class-title date-revised="2013-01-01"><title-part><text>Heating </text><reference><text>for activating an adhesive <class-ref scheme="cpc">D05D2305/30</class-ref></text></reference></title-part></class-title>
<classification-item breakdown-code="true" not-allocatable="false" level="10" additional-only="true" sort-key="D05D305/265" definition-exists="false" ipc-concordant="CPCONLY" c-set-base-allowed="false" c-set-subsequent-allowed="true" date-revised="2013-01-01" status="published"><classification-symbol>D05D2305/265</classification-symbol><class-title date-revised="2013-01-01"><title-part><text>with steam</text></title-part></class-title></classification-item></classification-item>
<classification-item breakdown-code="true" not-allocatable="false" level="9" additional-only="true" sort-key="D05D305/28" definition-exists="false" ipc-concordant="CPCONLY" c-set-base-allowed="false" c-set-subsequent-allowed="true" date-revised="2013-01-01" status="published"><classification-symbol>D05D2305/28</classification-symbol><class-title date-revised="2013-01-01"><title-part><text>using particular electromagnetic waves</text></title-part></class-title></classification-item>
<classification-item breakdown-code="true" not-allocatable="false" level="9" additional-only="true" sort-key="D05D305/30" definition-exists="false" ipc-concordant="CPCONLY" c-set-base-allowed="false" c-set-subsequent-allowed="true" date-revised="2013-01-01" status="published"><classification-symbol>D05D2305/30</classification-symbol><class-title date-revised="2013-01-01"><title-part><text>using adhesive</text></title-part></class-title></classification-item></classification-item>
<classification-item breakdown-code="true" not-allocatable="false" level="8" additional-only="true" sort-key="D05D305/32" definition-exists="false" ipc-concordant="CPCONLY" c-set-base-allowed="false" c-set-subsequent-allowed="true" date-revised="2013-01-01" status="published"><classification-symbol>D05D2305/32</classification-symbol><class-title date-revised="2013-01-01"><title-part><text>Measuring</text></title-part></class-title>
<classification-item breakdown-code="true" not-allocatable="false" level="9" additional-only="true" sort-key="D05D305/34" definition-exists="false" ipc-concordant="CPCONLY" c-set-base-allowed="false" c-set-subsequent-allowed="true" date-revised="2013-01-01" status="published"><classification-symbol>D05D2305/34</classification-symbol><class-title date-revised="2013-01-01"><title-part><text>Counting</text></title-part></class-title>
<classification-item breakdown-code="true" not-allocatable="false" level="10" additional-only="true" sort-key="D05D305/345" definition-exists="false" ipc-concordant="CPCONLY" c-set-base-allowed="false" c-set-subsequent-allowed="true" date-revised="2013-01-01" status="published"><classification-symbol>D05D2305/345</classification-symbol><class-title date-revised="2013-01-01"><title-part><text>Stitch counting</text></title-part></class-title></classification-item></classification-item>
<classification-item breakdown-code="true" not-allocatable="false" level="9" additional-only="true" sort-key="D05D305/36" definition-exists="false" ipc-concordant="CPCONLY" c-set-base-allowed="false" c-set-subsequent-allowed="true" date-revised="2013-01-01" status="published"><classification-symbol>D05D2305/36</classification-symbol><class-title date-revised="2013-01-01"><title-part><text>Quality control</text></title-part></class-title></classification-item></classification-item>
<classification-item breakdown-code="true" not-allocatable="false" level="8" additional-only="true" sort-key="D05D305/50" definition-exists="false" ipc-concordant="CPCONLY" c-set-base-allowed="false" c-set-subsequent-allowed="true" date-revised="2013-01-01" status="published"><classification-symbol>D05D2305/50</classification-symbol><class-title date-revised="2013-01-01"><title-part><text>Removing cut-out material or waste</text></title-part></class-title></classification-item>
<classification-item breakdown-code="true" not-allocatable="false" level="8" additional-only="true" sort-key="D05D305/60" definition-exists="false" ipc-concordant="CPCONLY" c-set-base-allowed="false" c-set-subsequent-allowed="true" date-revised="2013-01-01" status="published"><classification-symbol>D05D2305/60</classification-symbol><class-title date-revised="2013-01-01"><title-part><text>Pulling or pushing a thread across the workpiece</text></title-part></class-title></classification-item></classification-item></classification-item></classification-item></class-scheme>