<?xml version="1.0" encoding="UTF-8"?>
<class-scheme publication-date="2024-08-01" scheme-type="cpc" publication-type="official">
<classification-item breakdown-code="false" not-allocatable="true" level="5" additional-only="false" sort-key="A42C" definition-exists="true" date-revised="2021-01-01" status="published"><classification-symbol>A42C</classification-symbol><class-title date-revised="2021-01-01"><title-part><text>MANUFACTURING OR TRIMMING HEAD COVERINGS, e.g. HATS</text></title-part></class-title><notes-and-warnings><note type="warning"><note-paragraph>In this subclass non-limiting references (in the sense of paragraph 39 of the Guide to the IPC) may still be displayed in the scheme.</note-paragraph></note></notes-and-warnings>
<classification-item breakdown-code="false" not-allocatable="true" level="6" additional-only="false" sort-key="A42C1/00" date-revised="2013-01-01" status="published"><classification-symbol>A42C1/00</classification-symbol>
<classification-item breakdown-code="false" not-allocatable="false" level="7" additional-only="false" sort-key="A42C1/00" definition-exists="true" ipc-concordant="A42C1/00" c-set-base-allowed="false" c-set-subsequent-allowed="true" date-revised="2013-01-01" status="published"><classification-symbol>A42C1/00</classification-symbol><class-title date-revised="2013-01-01"><title-part><text>Manufacturing hats</text></title-part></class-title>
<classification-item breakdown-code="false" not-allocatable="false" level="8" additional-only="false" sort-key="A42C1/02" definition-exists="false" ipc-concordant="A42C1/02" c-set-base-allowed="false" c-set-subsequent-allowed="true" date-revised="2018-08-01" status="published"><classification-symbol>A42C1/02</classification-symbol><class-title date-revised="2018-08-01"><title-part><text>Making hat-bats</text></title-part><title-part><text>Bat-forming machines</text></title-part><title-part><text>Conical bat machines</text></title-part><title-part><text>Bat-forming tools</text></title-part></class-title></classification-item>
<classification-item breakdown-code="false" not-allocatable="false" level="8" additional-only="false" sort-key="A42C1/04" definition-exists="false" ipc-concordant="A42C1/04" c-set-base-allowed="false" c-set-subsequent-allowed="true" date-revised="2016-11-01" status="published"><classification-symbol>A42C1/04</classification-symbol><class-title date-revised="2016-11-01"><title-part><text>Blocking</text></title-part><title-part><text>Pressing</text></title-part><title-part><text>Steaming</text></title-part><title-part><text>Stretching</text></title-part></class-title></classification-item>
<classification-item breakdown-code="false" not-allocatable="false" level="8" additional-only="false" sort-key="A42C1/06" definition-exists="false" ipc-concordant="A42C1/06" c-set-base-allowed="false" c-set-subsequent-allowed="true" date-revised="2013-01-01" status="published"><classification-symbol>A42C1/06</classification-symbol><class-title date-revised="2013-01-01"><title-part><text>Manipulation of hat-brims</text></title-part></class-title></classification-item>
<classification-item breakdown-code="false" not-allocatable="false" level="8" additional-only="false" sort-key="A42C1/08" definition-exists="false" ipc-concordant="A42C1/08" c-set-base-allowed="false" c-set-subsequent-allowed="true" date-revised="2013-01-01" status="published"><classification-symbol>A42C1/08</classification-symbol><class-title date-revised="2013-01-01"><title-part><text>Hat-finishing, e.g. polishing, ironing, smoothing, brushing, impregnating, stiffening, decorating</text></title-part></class-title></classification-item></classification-item>
<classification-item breakdown-code="false" not-allocatable="false" level="7" additional-only="false" sort-key="A42C2/00" definition-exists="true" ipc-concordant="A42C2/00" c-set-base-allowed="false" c-set-subsequent-allowed="true" date-revised="2013-01-01" status="published"><classification-symbol>A42C2/00</classification-symbol><class-title date-revised="2013-01-01"><title-part><text>Manufacturing helmets by processes not otherwise provided for</text></title-part></class-title>
<classification-item breakdown-code="false" not-allocatable="false" level="8" additional-only="false" sort-key="A42C2/002" definition-exists="true" ipc-concordant="A42C2/00" c-set-base-allowed="false" c-set-subsequent-allowed="true" date-revised="2013-01-01" status="published"><classification-symbol>A42C2/002</classification-symbol><class-title date-revised="2013-01-01"><title-part><CPC-specific-text><text>In-mould forming</text></CPC-specific-text></title-part></class-title></classification-item>
<classification-item breakdown-code="false" not-allocatable="false" level="8" additional-only="false" sort-key="A42C2/005" definition-exists="true" ipc-concordant="A42C2/00" c-set-base-allowed="false" c-set-subsequent-allowed="true" date-revised="2013-01-01" status="published"><classification-symbol>A42C2/005</classification-symbol><class-title date-revised="2013-01-01"><title-part><CPC-specific-text><text>Forming from solid sheets</text></CPC-specific-text></title-part></class-title></classification-item>
<classification-item breakdown-code="false" not-allocatable="false" level="8" additional-only="false" sort-key="A42C2/007" definition-exists="true" ipc-concordant="A42C2/00" c-set-base-allowed="false" c-set-subsequent-allowed="true" date-revised="2013-01-01" status="published"><classification-symbol>A42C2/007</classification-symbol><class-title date-revised="2013-01-01"><title-part><CPC-specific-text><text>Manufacturing custom-sized helmets</text></CPC-specific-text></title-part></class-title></classification-item></classification-item>
<classification-item breakdown-code="false" not-allocatable="false" level="7" additional-only="false" sort-key="A42C3/00" definition-exists="true" ipc-concordant="A42C3/00" c-set-base-allowed="false" c-set-subsequent-allowed="true" date-revised="2013-01-01" status="published"><classification-symbol>A42C3/00</classification-symbol><class-title date-revised="2013-01-01"><title-part><text>Miscellaneous appliances for hat-making, e.g. for making wire forms for hat-frames </text><reference><text>sewing-machines for straw hats <class-ref scheme="cpc">D05B</class-ref>; sewing- machines for making hat-brims <class-ref scheme="cpc">D05B</class-ref></text></reference></title-part><title-part><text>Apparatus for changing the form or size of finished hats</text></title-part></class-title>
<classification-item breakdown-code="false" not-allocatable="false" level="8" additional-only="false" sort-key="A42C3/02" definition-exists="false" ipc-concordant="A42C3/02" c-set-base-allowed="false" c-set-subsequent-allowed="true" date-revised="2013-01-01" status="published"><classification-symbol>A42C3/02</classification-symbol><class-title date-revised="2013-01-01"><title-part><text>Hat-block holders</text></title-part></class-title></classification-item>
<classification-item breakdown-code="false" not-allocatable="false" level="8" additional-only="false" sort-key="A42C3/04" definition-exists="false" ipc-concordant="A42C3/04" c-set-base-allowed="false" c-set-subsequent-allowed="true" date-revised="2013-01-01" status="published"><classification-symbol>A42C3/04</classification-symbol><class-title date-revised="2013-01-01"><title-part><text>Stands for trimming ladies&apos; hats</text></title-part></class-title></classification-item>
<classification-item breakdown-code="false" not-allocatable="false" level="8" additional-only="false" sort-key="A42C3/06" definition-exists="false" ipc-concordant="A42C3/06" c-set-base-allowed="false" c-set-subsequent-allowed="true" date-revised="2013-01-01" status="published"><classification-symbol>A42C3/06</classification-symbol><class-title date-revised="2013-01-01"><title-part><text>Apparatus for measuring hats</text></title-part></class-title></classification-item></classification-item>
<classification-item breakdown-code="false" not-allocatable="false" level="7" additional-only="false" sort-key="A42C5/00" definition-exists="true" ipc-concordant="A42C5/00" c-set-base-allowed="false" c-set-subsequent-allowed="true" date-revised="2018-08-01" status="published"><classification-symbol>A42C5/00</classification-symbol><class-title date-revised="2018-08-01"><title-part><text>Fittings or trimmings for hats, e.g. hat-bands</text></title-part></class-title>
<classification-item breakdown-code="false" not-allocatable="false" level="8" additional-only="false" sort-key="A42C5/02" definition-exists="true" ipc-concordant="A42C5/02" c-set-base-allowed="false" c-set-subsequent-allowed="true" date-revised="2013-01-01" status="published"><classification-symbol>A42C5/02</classification-symbol><class-title date-revised="2013-01-01"><title-part><text>Sweat-bands</text></title-part></class-title></classification-item>
<classification-item breakdown-code="false" not-allocatable="false" level="8" additional-only="false" sort-key="A42C5/04" definition-exists="false" ipc-concordant="A42C5/04" c-set-base-allowed="false" c-set-subsequent-allowed="true" date-revised="2013-01-01" status="published"><classification-symbol>A42C5/04</classification-symbol><class-title date-revised="2013-01-01"><title-part><text>Ventilating arrangements for head coverings </text><reference><text>for helmets <class-ref scheme="cpc">A42B3/28</class-ref></text></reference></title-part></class-title></classification-item></classification-item>
<classification-item breakdown-code="false" not-allocatable="false" level="7" additional-only="false" sort-key="A42C99/00" definition-exists="true" ipc-concordant="A42C99/00" c-set-base-allowed="false" c-set-subsequent-allowed="true" date-revised="2013-01-01" status="published"><classification-symbol>A42C99/00</classification-symbol><class-title date-revised="2013-01-01"><title-part><text>Subject matter not provided for in other groups of this subclass</text></title-part></class-title></classification-item></classification-item></classification-item></class-scheme>