<?xml version="1.0" encoding="UTF-8"?>
<class-scheme publication-date="2024-08-01" scheme-type="cpc" publication-type="official">
<classification-item breakdown-code="false" not-allocatable="true" level="5" additional-only="false" sort-key="A99Z" definition-exists="false" date-revised="2019-05-01" status="published"><classification-symbol>A99Z</classification-symbol><class-title date-revised="2019-05-01"><title-part><text>SUBJECT MATTER NOT OTHERWISE PROVIDED FOR IN THIS SECTION</text></title-part></class-title><notes-and-warnings><note type="note"><note-paragraph>  This subclass <u>covers</u> subject matter that:<br/>  <subnote type="Alpha"><note-paragraph>Is not provided for, but is most closely related to, the subject matter covered by the subclasses of this section, and<br/>  </note-paragraph><note-paragraph> Is not explicitly covered by any subclass of another section. </note-paragraph></subnote></note-paragraph></note></notes-and-warnings>
<classification-item breakdown-code="false" not-allocatable="true" level="6" additional-only="false" sort-key="A99Z99/00" date-revised="2019-05-01" status="published"><classification-symbol>A99Z99/00</classification-symbol>
<classification-item breakdown-code="false" not-allocatable="false" level="7" additional-only="false" sort-key="A99Z99/00" definition-exists="false" ipc-concordant="A99Z99/00" c-set-base-allowed="false" c-set-subsequent-allowed="true" date-revised="2019-05-01" status="published"><classification-symbol>A99Z99/00</classification-symbol><class-title date-revised="2019-05-01"><title-part><text>Subject matter not otherwise provided for in this section</text></title-part></class-title></classification-item></classification-item></classification-item></class-scheme>