<?xml version="1.0" encoding="UTF-8"?>
<class-scheme publication-date="2024-08-01" scheme-type="cpc" publication-type="official">
<classification-item breakdown-code="false" not-allocatable="true" level="5" additional-only="false" sort-key="A62C" definition-exists="true" date-revised="2018-08-01" status="published"><classification-symbol>A62C</classification-symbol><class-title date-revised="2013-01-01"><title-part><text>FIRE-FIGHTING </text><reference><text>fire-extinguishing compositions, use of chemical substances in extinguishing fires <class-ref scheme="cpc">A62D1/00</class-ref>; spraying, applying liquids or other fluent materials to surfaces in general <class-ref scheme="cpc">B05</class-ref>; alarm arrangements <class-ref scheme="cpc">G08B</class-ref>, e.g. fire alarms actuated by smoke or gases <class-ref scheme="cpc">G08B17/10</class-ref></text></reference></title-part></class-title><notes-and-warnings><note type="warning"><note-paragraph>In this subclass non-limiting references (in the sense of paragraph 39 of the Guide to the IPC) may still be displayed in the scheme.</note-paragraph></note></notes-and-warnings>
<classification-item breakdown-code="false" not-allocatable="true" level="6" additional-only="false" sort-key="A62C2/00" date-revised="2013-01-01" status="published"><classification-symbol>A62C2/00</classification-symbol>
<classification-item breakdown-code="false" not-allocatable="false" level="7" additional-only="false" sort-key="A62C2/00" definition-exists="true" ipc-concordant="A62C2/00" c-set-base-allowed="false" c-set-subsequent-allowed="true" date-revised="2013-01-01" status="published"><classification-symbol>A62C2/00</classification-symbol><class-title date-revised="2013-01-01"><title-part><text>Fire prevention or containment </text><reference><text><class-ref scheme="cpc">A62C3/00</class-ref> takes precedence; flame traps <class-ref scheme="cpc">A62C4/00</class-ref></text></reference></title-part></class-title>
<classification-item breakdown-code="false" not-allocatable="false" level="8" additional-only="false" sort-key="A62C2/04" definition-exists="false" ipc-concordant="A62C2/04" c-set-base-allowed="false" c-set-subsequent-allowed="true" date-revised="2013-01-01" status="published"><classification-symbol>A62C2/04</classification-symbol><class-title date-revised="2013-01-01"><title-part><text>Removing or cutting-off the supply of inflammable material</text></title-part></class-title></classification-item>
<classification-item breakdown-code="false" not-allocatable="false" level="8" additional-only="false" sort-key="A62C2/06" definition-exists="true" ipc-concordant="A62C2/06" c-set-base-allowed="false" c-set-subsequent-allowed="true" date-revised="2013-01-01" status="published"><classification-symbol>A62C2/06</classification-symbol><class-title date-revised="2013-01-01"><title-part><text>Physical fire-barriers</text></title-part></class-title>
<classification-item breakdown-code="false" not-allocatable="false" level="9" additional-only="false" sort-key="A62C2/065" definition-exists="true" ipc-concordant="A62C2/06" c-set-base-allowed="false" c-set-subsequent-allowed="true" date-revised="2024-01-01" status="published"><classification-symbol>A62C2/065</classification-symbol><class-title date-revised="2024-01-01"><title-part><CPC-specific-text><text>having as the main closure device materials, whose characteristics undergo an irreversible change under high temperatures, e.g. intumescent</text></CPC-specific-text></title-part></class-title></classification-item>
<classification-item breakdown-code="false" not-allocatable="false" level="9" additional-only="false" sort-key="A62C2/08" definition-exists="false" ipc-concordant="A62C2/08" c-set-base-allowed="false" c-set-subsequent-allowed="true" date-revised="2013-01-01" status="published"><classification-symbol>A62C2/08</classification-symbol><class-title date-revised="2013-01-01"><title-part><text>Water curtains </text><reference><text>nozzles <class-ref scheme="cpc">A62C31/02</class-ref></text></reference></title-part></class-title></classification-item>
<classification-item breakdown-code="false" not-allocatable="false" level="9" additional-only="false" sort-key="A62C2/10" definition-exists="false" ipc-concordant="A62C2/10" c-set-base-allowed="false" c-set-subsequent-allowed="true" date-revised="2013-01-01" status="published"><classification-symbol>A62C2/10</classification-symbol><class-title date-revised="2013-01-01"><title-part><text>Fire-proof curtains</text></title-part></class-title></classification-item>
<classification-item breakdown-code="false" not-allocatable="false" level="9" additional-only="false" sort-key="A62C2/12" definition-exists="false" ipc-concordant="A62C2/12" c-set-base-allowed="false" c-set-subsequent-allowed="true" date-revised="2013-01-01" status="published"><classification-symbol>A62C2/12</classification-symbol><class-title date-revised="2013-01-01"><title-part><text>Hinged dampers</text></title-part></class-title>
<classification-item breakdown-code="false" not-allocatable="false" level="10" additional-only="false" sort-key="A62C2/14" definition-exists="false" ipc-concordant="A62C2/14" c-set-base-allowed="false" c-set-subsequent-allowed="true" date-revised="2013-01-01" status="published"><classification-symbol>A62C2/14</classification-symbol><class-title date-revised="2013-01-01"><title-part><text>with two or more blades</text></title-part></class-title>
<classification-item breakdown-code="false" not-allocatable="false" level="11" additional-only="false" sort-key="A62C2/16" definition-exists="false" ipc-concordant="A62C2/16" c-set-base-allowed="false" c-set-subsequent-allowed="true" date-revised="2013-01-01" status="published"><classification-symbol>A62C2/16</classification-symbol><class-title date-revised="2013-01-01"><title-part><text>multi-vane roll or fold-up type</text></title-part></class-title></classification-item></classification-item></classification-item>
<classification-item breakdown-code="false" not-allocatable="false" level="9" additional-only="false" sort-key="A62C2/18" definition-exists="false" ipc-concordant="A62C2/18" c-set-base-allowed="false" c-set-subsequent-allowed="true" date-revised="2013-01-01" status="published"><classification-symbol>A62C2/18</classification-symbol><class-title date-revised="2013-01-01"><title-part><text>Sliding dampers</text></title-part></class-title>
<classification-item breakdown-code="false" not-allocatable="false" level="10" additional-only="false" sort-key="A62C2/20" definition-exists="false" ipc-concordant="A62C2/20" c-set-base-allowed="false" c-set-subsequent-allowed="true" date-revised="2013-01-01" status="published"><classification-symbol>A62C2/20</classification-symbol><class-title date-revised="2013-01-01"><title-part><text>at 90 degrees to the plane of the opening</text></title-part></class-title></classification-item></classification-item>
<classification-item breakdown-code="false" not-allocatable="false" level="9" additional-only="false" sort-key="A62C2/22" definition-exists="false" ipc-concordant="A62C2/22" c-set-base-allowed="false" c-set-subsequent-allowed="true" date-revised="2016-05-01" status="published"><classification-symbol>A62C2/22</classification-symbol><class-title date-revised="2016-05-01"><title-part><text>Fire-dampers with provision for the removal of an obstacle, e.g. rails, conveyors, before closing the opening</text></title-part></class-title></classification-item>
<classification-item breakdown-code="false" not-allocatable="false" level="9" additional-only="false" sort-key="A62C2/24" definition-exists="false" ipc-concordant="A62C2/24" c-set-base-allowed="false" c-set-subsequent-allowed="true" date-revised="2015-01-15" status="published"><classification-symbol>A62C2/24</classification-symbol><class-title date-revised="2013-01-01"><title-part><text>Operating or controlling mechanisms </text><CPC-specific-text><reference><text>emergency operation of doors and windows <class-ref scheme="cpc">E05F1/002</class-ref>, <class-ref scheme="cpc">E05F15/72</class-ref></text></reference></CPC-specific-text></title-part></class-title>
<classification-item breakdown-code="false" not-allocatable="false" level="10" additional-only="false" sort-key="A62C2/241" definition-exists="false" ipc-concordant="A62C2/24" c-set-base-allowed="false" c-set-subsequent-allowed="true" date-revised="2013-01-01" status="published"><classification-symbol>A62C2/241</classification-symbol><class-title date-revised="2013-01-01"><title-part><CPC-specific-text><text>having mechanical actuators and heat sensitive parts</text></CPC-specific-text></title-part></class-title>
<classification-item breakdown-code="false" not-allocatable="false" level="11" additional-only="false" sort-key="A62C2/242" definition-exists="false" ipc-concordant="A62C2/24" c-set-base-allowed="false" c-set-subsequent-allowed="true" date-revised="2013-01-01" status="published"><classification-symbol>A62C2/242</classification-symbol><class-title date-revised="2013-01-01"><title-part><CPC-specific-text><text>with fusible links</text></CPC-specific-text></title-part></class-title></classification-item>
<classification-item breakdown-code="false" not-allocatable="false" level="11" additional-only="false" sort-key="A62C2/243" definition-exists="false" ipc-concordant="A62C2/24" c-set-base-allowed="false" c-set-subsequent-allowed="true" date-revised="2013-01-01" status="published"><classification-symbol>A62C2/243</classification-symbol><class-title date-revised="2013-01-01"><title-part><CPC-specific-text><text>with frangible elements</text></CPC-specific-text></title-part></class-title></classification-item>
<classification-item breakdown-code="false" not-allocatable="false" level="11" additional-only="false" sort-key="A62C2/245" definition-exists="false" ipc-concordant="A62C2/24" c-set-base-allowed="false" c-set-subsequent-allowed="true" date-revised="2013-01-01" status="published"><classification-symbol>A62C2/245</classification-symbol><class-title date-revised="2013-01-01"><title-part><CPC-specific-text><text>with thermostatic elements, e.g. bimetallic, resettable actuators</text></CPC-specific-text></title-part></class-title></classification-item></classification-item>
<classification-item breakdown-code="false" not-allocatable="false" level="10" additional-only="false" sort-key="A62C2/246" definition-exists="false" ipc-concordant="A62C2/24" c-set-base-allowed="false" c-set-subsequent-allowed="true" date-revised="2013-01-01" status="published"><classification-symbol>A62C2/246</classification-symbol><class-title date-revised="2013-01-01"><title-part><CPC-specific-text><text>having non-mechanical actuators</text></CPC-specific-text></title-part></class-title>
<classification-item breakdown-code="false" not-allocatable="false" level="11" additional-only="false" sort-key="A62C2/247" definition-exists="false" ipc-concordant="A62C2/24" c-set-base-allowed="false" c-set-subsequent-allowed="true" date-revised="2013-01-01" status="published"><classification-symbol>A62C2/247</classification-symbol><class-title date-revised="2013-01-01"><title-part><CPC-specific-text><text>electric</text></CPC-specific-text></title-part></class-title></classification-item>
<classification-item breakdown-code="false" not-allocatable="false" level="11" additional-only="false" sort-key="A62C2/248" definition-exists="false" ipc-concordant="A62C2/24" c-set-base-allowed="false" c-set-subsequent-allowed="true" date-revised="2013-01-01" status="published"><classification-symbol>A62C2/248</classification-symbol><class-title date-revised="2013-01-01"><title-part><CPC-specific-text><text>pneumatic</text></CPC-specific-text></title-part></class-title></classification-item></classification-item></classification-item></classification-item></classification-item>
<classification-item breakdown-code="false" not-allocatable="false" level="7" additional-only="false" sort-key="A62C3/00" definition-exists="true" ipc-concordant="A62C3/00" c-set-base-allowed="false" c-set-subsequent-allowed="true" date-revised="2013-01-01" status="published"><classification-symbol>A62C3/00</classification-symbol><class-title date-revised="2013-01-01"><title-part><text>Fire prevention, containment or extinguishing specially adapted for particular objects or places </text><reference><CPC-specific-text><text>in oil wells <class-ref scheme="cpc">E21B29/08</class-ref>, <class-ref scheme="cpc">A62C35/00</class-ref>; in mines or tunnels <class-ref scheme="cpc">E21F5/00</class-ref></text></CPC-specific-text><text> ; for nuclear reactors <class-ref scheme="cpc">G21C9/04</class-ref></text></reference></title-part></class-title>
<classification-item breakdown-code="false" not-allocatable="false" level="8" additional-only="false" sort-key="A62C3/002" definition-exists="false" ipc-concordant="A62C3/00" c-set-base-allowed="false" c-set-subsequent-allowed="true" date-revised="2013-01-01" status="published"><classification-symbol>A62C3/002</classification-symbol><class-title date-revised="2013-01-01"><title-part><CPC-specific-text><text>for warehouses, storage areas or other installations for storing goods</text></CPC-specific-text></title-part></class-title>
<classification-item breakdown-code="false" not-allocatable="false" level="9" additional-only="false" sort-key="A62C3/004" definition-exists="false" ipc-concordant="A62C3/00" c-set-base-allowed="false" c-set-subsequent-allowed="true" date-revised="2013-01-01" status="published"><classification-symbol>A62C3/004</classification-symbol><class-title date-revised="2013-01-01"><title-part><CPC-specific-text><text>for freezing warehouses and storages</text></CPC-specific-text></title-part></class-title></classification-item></classification-item>
<classification-item breakdown-code="false" not-allocatable="false" level="8" additional-only="false" sort-key="A62C3/006" definition-exists="false" ipc-concordant="A62C3/00" c-set-base-allowed="false" c-set-subsequent-allowed="true" date-revised="2013-01-01" status="published"><classification-symbol>A62C3/006</classification-symbol><class-title date-revised="2013-01-01"><title-part><CPC-specific-text><text>for kitchens or stoves</text></CPC-specific-text></title-part></class-title></classification-item>
<classification-item breakdown-code="false" not-allocatable="false" level="8" additional-only="false" sort-key="A62C3/008" definition-exists="false" ipc-concordant="A62C3/00" c-set-base-allowed="false" c-set-subsequent-allowed="true" date-revised="2013-01-01" status="published"><classification-symbol>A62C3/008</classification-symbol><class-title date-revised="2013-01-01"><title-part><CPC-specific-text><text>for decorations, e.g. Christmas trees </text><reference><text>Christmas tree decorations incorporating fire extinguishing or fire prevention means <class-ref scheme="cpc">A47G33/0872</class-ref>; blowing or snuffing out candle-flames <class-ref scheme="cpc">F23Q25/00</class-ref></text></reference></CPC-specific-text></title-part></class-title></classification-item>
<classification-item breakdown-code="false" not-allocatable="false" level="8" additional-only="false" sort-key="A62C3/02" definition-exists="false" ipc-concordant="A62C3/02" c-set-base-allowed="false" c-set-subsequent-allowed="true" date-revised="2013-01-01" status="published"><classification-symbol>A62C3/02</classification-symbol><class-title date-revised="2013-01-01"><title-part><text>for area conflagrations, e.g. forest fires, subterranean fires</text></title-part></class-title>
<classification-item breakdown-code="false" not-allocatable="false" level="9" additional-only="false" sort-key="A62C3/0207" definition-exists="false" ipc-concordant="A62C3/02" c-set-base-allowed="false" c-set-subsequent-allowed="true" date-revised="2013-01-01" status="published"><classification-symbol>A62C3/0207</classification-symbol><class-title date-revised="2013-01-01"><title-part><CPC-specific-text><text>by blowing air or gas currents with or without dispersion of fire extinguishing agents; Apparatus therefor, e.g. fans</text></CPC-specific-text></title-part></class-title></classification-item>
<classification-item breakdown-code="false" not-allocatable="false" level="9" additional-only="false" sort-key="A62C3/0214" definition-exists="false" ipc-concordant="A62C3/02" c-set-base-allowed="false" c-set-subsequent-allowed="true" date-revised="2013-01-01" status="published"><classification-symbol>A62C3/0214</classification-symbol><class-title date-revised="2013-01-01"><title-part><CPC-specific-text><text>for buildings or installations in fire storms</text></CPC-specific-text></title-part></class-title></classification-item>
<classification-item breakdown-code="false" not-allocatable="false" level="9" additional-only="false" sort-key="A62C3/0221" definition-exists="false" ipc-concordant="A62C3/02" c-set-base-allowed="false" c-set-subsequent-allowed="true" date-revised="2013-01-01" status="published"><classification-symbol>A62C3/0221</classification-symbol><class-title date-revised="2013-01-01"><title-part><CPC-specific-text><text>for tunnels</text></CPC-specific-text></title-part></class-title></classification-item>
<classification-item breakdown-code="false" not-allocatable="false" level="9" additional-only="false" sort-key="A62C3/0228" definition-exists="false" ipc-concordant="A62C3/02" c-set-base-allowed="false" c-set-subsequent-allowed="true" date-revised="2013-01-01" status="published"><classification-symbol>A62C3/0228</classification-symbol><class-title date-revised="2013-01-01"><title-part><CPC-specific-text><text>with delivery of fire extinguishing material by air or aircraft </text><reference><text>fire-fighting aircraft <class-ref scheme="cpc">B64D1/16</class-ref></text></reference></CPC-specific-text></title-part></class-title>
<classification-item breakdown-code="false" not-allocatable="false" level="10" additional-only="false" sort-key="A62C3/0235" definition-exists="false" ipc-concordant="A62C3/02" c-set-base-allowed="false" c-set-subsequent-allowed="true" date-revised="2013-01-01" status="published"><classification-symbol>A62C3/0235</classification-symbol><class-title date-revised="2013-01-01"><title-part><CPC-specific-text><text>by means of containers, e.g. buckets</text></CPC-specific-text></title-part></class-title></classification-item>
<classification-item breakdown-code="false" not-allocatable="false" level="10" additional-only="false" sort-key="A62C3/0242" definition-exists="false" ipc-concordant="A62C3/02" c-set-base-allowed="false" c-set-subsequent-allowed="true" date-revised="2013-01-01" status="published"><classification-symbol>A62C3/0242</classification-symbol><class-title date-revised="2013-01-01"><title-part><CPC-specific-text><text>by spraying extinguishants from the aircraft </text><reference><text>spraying from aircraft in general <class-ref scheme="cpc">B64D1/16</class-ref></text></reference></CPC-specific-text></title-part></class-title></classification-item>
<classification-item breakdown-code="false" not-allocatable="false" level="10" additional-only="false" sort-key="A62C3/025" definition-exists="false" ipc-concordant="A62C3/02" c-set-base-allowed="false" c-set-subsequent-allowed="true" date-revised="2013-01-01" status="published"><classification-symbol>A62C3/025</classification-symbol><class-title date-revised="2013-01-01"><title-part><CPC-specific-text><text>Fire extinguishing bombs; Projectiles and launchers therefor </text><reference><text>launching apparatus for projectiles, missiles or torpedoes in general <class-ref scheme="cpc">F41F1/00</class-ref>, <class-ref scheme="cpc">F41F3/00</class-ref>, <class-ref scheme="cpc">F41F7/00</class-ref></text></reference></CPC-specific-text></title-part></class-title></classification-item></classification-item>
<classification-item breakdown-code="false" not-allocatable="false" level="9" additional-only="false" sort-key="A62C3/0257" definition-exists="false" ipc-concordant="A62C3/02" c-set-base-allowed="false" c-set-subsequent-allowed="true" date-revised="2013-01-01" status="published"><classification-symbol>A62C3/0257</classification-symbol><class-title date-revised="2013-01-01"><title-part><CPC-specific-text><text>Fire curtains, blankets, walls, fences</text></CPC-specific-text></title-part></class-title>
<classification-item breakdown-code="false" not-allocatable="false" level="10" additional-only="false" sort-key="A62C3/0264" definition-exists="false" ipc-concordant="A62C3/02" c-set-base-allowed="false" c-set-subsequent-allowed="true" date-revised="2013-01-01" status="published"><classification-symbol>A62C3/0264</classification-symbol><class-title date-revised="2013-01-01"><title-part><CPC-specific-text><text>by creating water curtains</text></CPC-specific-text></title-part></class-title></classification-item></classification-item>
<classification-item breakdown-code="false" not-allocatable="false" level="9" additional-only="false" sort-key="A62C3/0271" definition-exists="false" ipc-concordant="A62C3/02" c-set-base-allowed="false" c-set-subsequent-allowed="true" date-revised="2013-01-01" status="published"><classification-symbol>A62C3/0271</classification-symbol><class-title date-revised="2013-01-01"><title-part><CPC-specific-text><text>Detection of area conflagration fires </text><reference><text>fire alarms for forest fires <class-ref scheme="cpc">G08B17/005</class-ref></text></reference></CPC-specific-text></title-part></class-title></classification-item>
<classification-item breakdown-code="false" not-allocatable="false" level="9" additional-only="false" sort-key="A62C3/0278" definition-exists="false" ipc-concordant="A62C3/02" c-set-base-allowed="false" c-set-subsequent-allowed="true" date-revised="2013-01-01" status="published"><classification-symbol>A62C3/0278</classification-symbol><class-title date-revised="2013-01-01"><title-part><CPC-specific-text><text>by creating zones devoid of flammable material</text></CPC-specific-text></title-part></class-title>
<classification-item breakdown-code="false" not-allocatable="false" level="10" additional-only="false" sort-key="A62C3/0285" definition-exists="false" ipc-concordant="A62C3/02" c-set-base-allowed="false" c-set-subsequent-allowed="true" date-revised="2013-01-01" status="published"><classification-symbol>A62C3/0285</classification-symbol><class-title date-revised="2013-01-01"><title-part><CPC-specific-text><text>with creation of a fire zone by an explosion or a counter-fire</text></CPC-specific-text></title-part></class-title></classification-item></classification-item>
<classification-item breakdown-code="false" not-allocatable="false" level="9" additional-only="false" sort-key="A62C3/0292" definition-exists="false" ipc-concordant="A62C3/02" c-set-base-allowed="false" c-set-subsequent-allowed="true" date-revised="2013-01-01" status="published"><classification-symbol>A62C3/0292</classification-symbol><class-title date-revised="2013-01-01"><title-part><CPC-specific-text><text>by spraying extinguishants directly into the fire </text><reference><text><class-ref scheme="cpc">A62C3/0242</class-ref> takes precedence</text></reference></CPC-specific-text></title-part></class-title></classification-item></classification-item>
<classification-item breakdown-code="false" not-allocatable="false" level="8" additional-only="false" sort-key="A62C3/04" definition-exists="false" ipc-concordant="A62C3/04" c-set-base-allowed="false" c-set-subsequent-allowed="true" date-revised="2013-01-01" status="published"><classification-symbol>A62C3/04</classification-symbol><class-title date-revised="2013-01-01"><title-part><text>for dust or loosely-baled or loosely-piled materials, e.g. in silos, in chimneys </text><reference><text>flame traps <class-ref scheme="cpc">A62C4/00</class-ref></text></reference></title-part></class-title></classification-item>
<classification-item breakdown-code="false" not-allocatable="false" level="8" additional-only="false" sort-key="A62C3/06" definition-exists="false" ipc-concordant="A62C3/06" c-set-base-allowed="false" c-set-subsequent-allowed="true" date-revised="2013-01-01" status="published"><classification-symbol>A62C3/06</classification-symbol><class-title date-revised="2013-01-01"><title-part><text>of highly inflammable material, e.g. light metals, petroleum products</text></title-part></class-title>
<classification-item breakdown-code="false" not-allocatable="false" level="9" additional-only="false" sort-key="A62C3/065" definition-exists="false" ipc-concordant="A62C3/06" c-set-base-allowed="false" c-set-subsequent-allowed="true" date-revised="2013-01-01" status="published"><classification-symbol>A62C3/065</classification-symbol><class-title date-revised="2013-01-01"><title-part><CPC-specific-text><text>for containers filled with inflammable liquids</text></CPC-specific-text></title-part></class-title></classification-item></classification-item>
<classification-item breakdown-code="false" not-allocatable="false" level="8" additional-only="false" sort-key="A62C3/07" definition-exists="false" ipc-concordant="A62C3/07" c-set-base-allowed="false" c-set-subsequent-allowed="true" date-revised="2013-01-01" status="published"><classification-symbol>A62C3/07</classification-symbol><class-title date-revised="2013-01-01"><title-part><text>in vehicles, e.g. in road vehicles</text></title-part></class-title>
<classification-item breakdown-code="false" not-allocatable="false" level="9" additional-only="false" sort-key="A62C3/08" definition-exists="false" ipc-concordant="A62C3/08" c-set-base-allowed="false" c-set-subsequent-allowed="true" date-revised="2013-01-01" status="published"><classification-symbol>A62C3/08</classification-symbol><class-title date-revised="2013-01-01"><title-part><text>in aircraft </text><CPC-specific-text><reference><text><class-ref scheme="cpc">A62C3/0207</class-ref> takes precedence</text></reference></CPC-specific-text></title-part></class-title></classification-item>
<classification-item breakdown-code="false" not-allocatable="false" level="9" additional-only="false" sort-key="A62C3/10" definition-exists="false" ipc-concordant="A62C3/10" c-set-base-allowed="false" c-set-subsequent-allowed="true" date-revised="2013-01-01" status="published"><classification-symbol>A62C3/10</classification-symbol><class-title date-revised="2013-01-01"><title-part><text>in ships </text><CPC-specific-text><reference><text><class-ref scheme="cpc">A62C3/0207</class-ref> takes precedence</text></reference></CPC-specific-text></title-part></class-title></classification-item></classification-item>
<classification-item breakdown-code="false" not-allocatable="false" level="8" additional-only="false" sort-key="A62C3/14" definition-exists="false" ipc-concordant="A62C2/06" c-set-base-allowed="false" c-set-subsequent-allowed="true" date-revised="2016-11-01" status="published"><classification-symbol>A62C3/14</classification-symbol><class-title date-revised="2016-11-01"><title-part><CPC-specific-text><text>in connection with doors, windows, ventilators, partitions, or shutters, e.g. automatic closing</text></CPC-specific-text></title-part></class-title></classification-item>
<classification-item breakdown-code="false" not-allocatable="false" level="8" additional-only="false" sort-key="A62C3/16" definition-exists="false" ipc-concordant="A62C3/16" c-set-base-allowed="false" c-set-subsequent-allowed="true" date-revised="2013-01-01" status="published"><classification-symbol>A62C3/16</classification-symbol><class-title date-revised="2013-01-01"><title-part><text>in electrical installations, e.g. cableways</text></title-part></class-title></classification-item></classification-item>
<classification-item breakdown-code="false" not-allocatable="false" level="7" additional-only="false" sort-key="A62C4/00" definition-exists="true" ipc-concordant="A62C4/00" c-set-base-allowed="false" c-set-subsequent-allowed="true" date-revised="2013-01-01" status="published"><classification-symbol>A62C4/00</classification-symbol><class-title date-revised="2013-01-01"><title-part><text>Flame traps allowing passage of gas but not of flame or explosion wave</text></title-part></class-title>
<classification-item breakdown-code="false" not-allocatable="false" level="8" additional-only="false" sort-key="A62C4/02" definition-exists="false" ipc-concordant="A62C4/02" c-set-base-allowed="false" c-set-subsequent-allowed="true" date-revised="2013-01-01" status="published"><classification-symbol>A62C4/02</classification-symbol><class-title date-revised="2013-01-01"><title-part><text>in gas-pipes </text><reference><text>safety valves <class-ref scheme="cpc">F16K17/00</class-ref></text></reference></title-part></class-title></classification-item>
<classification-item breakdown-code="false" not-allocatable="false" level="8" additional-only="false" sort-key="A62C4/04" definition-exists="false" ipc-concordant="A62C4/04" c-set-base-allowed="false" c-set-subsequent-allowed="true" date-revised="2013-01-01" status="published"><classification-symbol>A62C4/04</classification-symbol><class-title date-revised="2013-01-01"><title-part><text>in flues or chimneys</text></title-part></class-title></classification-item></classification-item>
<classification-item breakdown-code="false" not-allocatable="false" level="7" additional-only="false" sort-key="A62C5/00" definition-exists="true" ipc-concordant="A62C5/00" c-set-base-allowed="false" c-set-subsequent-allowed="true" date-revised="2013-01-01" status="published"><classification-symbol>A62C5/00</classification-symbol><class-title date-revised="2013-01-01"><title-part><text>Making of fire-extinguishing materials immediately before use </text><reference><text>nozzles <class-ref scheme="cpc">A62C31/02</class-ref></text></reference></title-part></class-title>
<classification-item breakdown-code="false" not-allocatable="false" level="8" additional-only="false" sort-key="A62C5/002" definition-exists="false" ipc-concordant="A62C5/00" c-set-base-allowed="false" c-set-subsequent-allowed="true" date-revised="2013-01-01" status="published"><classification-symbol>A62C5/002</classification-symbol><class-title date-revised="2013-01-01"><title-part><CPC-specific-text><text>Apparatus for mixing extinguishants with water</text></CPC-specific-text></title-part></class-title></classification-item>
<classification-item breakdown-code="false" not-allocatable="false" level="8" additional-only="false" sort-key="A62C5/004" definition-exists="false" ipc-concordant="A62C5/00" c-set-base-allowed="false" c-set-subsequent-allowed="true" date-revised="2013-01-01" status="published"><classification-symbol>A62C5/004</classification-symbol><class-title date-revised="2013-01-01"><title-part><CPC-specific-text><text>for producing carbon-dioxide snow, carbon-dioxide ice, carbon-dioxide gas, carbon-dioxide liquid, or mixtures thereof </text><reference><text>carbon-dioxide jet-pipes or snow jet-pipes <class-ref scheme="cpc">A62C31/03</class-ref></text></reference></CPC-specific-text></title-part></class-title></classification-item>
<classification-item breakdown-code="false" not-allocatable="false" level="8" additional-only="false" sort-key="A62C5/006" definition-exists="false" ipc-concordant="A62C5/00" c-set-base-allowed="false" c-set-subsequent-allowed="true" date-revised="2013-01-01" status="published"><classification-symbol>A62C5/006</classification-symbol><class-title date-revised="2013-01-01"><title-part><CPC-specific-text><text>Extinguishants produced by combustion</text></CPC-specific-text></title-part></class-title></classification-item>
<classification-item breakdown-code="false" not-allocatable="false" level="8" additional-only="false" sort-key="A62C5/008" definition-exists="false" ipc-concordant="A62C5/00" c-set-base-allowed="false" c-set-subsequent-allowed="true" date-revised="2013-01-01" status="published"><classification-symbol>A62C5/008</classification-symbol><class-title date-revised="2013-01-01"><title-part><CPC-specific-text><text>for producing other mixtures of different gases or vapours, water and chemicals, e.g. water and wetting agents, water and gases</text></CPC-specific-text></title-part></class-title></classification-item>
<classification-item breakdown-code="false" not-allocatable="false" level="8" additional-only="false" sort-key="A62C5/02" definition-exists="false" ipc-concordant="A62C5/02" c-set-base-allowed="false" c-set-subsequent-allowed="true" date-revised="2013-01-01" status="published"><classification-symbol>A62C5/02</classification-symbol><class-title date-revised="2013-01-01"><title-part><text>of foam</text></title-part></class-title>
<classification-item breakdown-code="false" not-allocatable="false" level="9" additional-only="false" sort-key="A62C5/022" definition-exists="false" ipc-concordant="A62C5/02" c-set-base-allowed="false" c-set-subsequent-allowed="true" date-revised="2013-01-01" status="published"><classification-symbol>A62C5/022</classification-symbol><class-title date-revised="2013-01-01"><title-part><CPC-specific-text><text>with air or gas present as such</text></CPC-specific-text></title-part></class-title>
<classification-item breakdown-code="false" not-allocatable="false" level="10" additional-only="false" sort-key="A62C5/024" definition-exists="false" ipc-concordant="A62C5/02" c-set-base-allowed="false" c-set-subsequent-allowed="true" date-revised="2013-01-01" status="published"><classification-symbol>A62C5/024</classification-symbol><class-title date-revised="2013-01-01"><title-part><CPC-specific-text><text>Apparatus in the form of pipes </text><reference><text>jet-pipes for foam <class-ref scheme="cpc">A62C31/12</class-ref></text></reference></CPC-specific-text></title-part></class-title></classification-item></classification-item>
<classification-item breakdown-code="false" not-allocatable="false" level="9" additional-only="false" sort-key="A62C5/027" definition-exists="false" ipc-concordant="A62C5/027" c-set-base-allowed="false" c-set-subsequent-allowed="true" date-revised="2013-01-01" status="published"><classification-symbol>A62C5/027</classification-symbol><class-title date-revised="2013-01-01"><title-part><text>Heavy foam</text></title-part></class-title></classification-item></classification-item>
<classification-item breakdown-code="false" not-allocatable="false" level="8" additional-only="false" sort-key="A62C5/033" definition-exists="false" ipc-concordant="A62C5/033" c-set-base-allowed="false" c-set-subsequent-allowed="true" date-revised="2013-01-01" status="published"><classification-symbol>A62C5/033</classification-symbol><class-title date-revised="2013-01-01"><title-part><text>of gel</text></title-part></class-title></classification-item></classification-item></classification-item>
<classification-item breakdown-code="false" not-allocatable="true" level="6" additional-only="false" sort-key="A62C8/00" date-revised="2013-01-01" status="published"><classification-symbol>A62C8/00</classification-symbol><class-title date-revised="2013-01-01"><title-part><text>Hand fire-extinguishers</text></title-part></class-title>
<classification-item breakdown-code="false" not-allocatable="false" level="7" additional-only="false" sort-key="A62C8/00" definition-exists="false" ipc-concordant="A62C8/00" c-set-base-allowed="false" c-set-subsequent-allowed="true" date-revised="2013-01-01" status="published"><classification-symbol>A62C8/00</classification-symbol><class-title date-revised="2013-01-01"><title-part><text>Hand tools or accessories specially adapted for fire-fighting, e.g. tool boxes</text></title-part></class-title>
<classification-item breakdown-code="false" not-allocatable="false" level="8" additional-only="false" sort-key="A62C8/005" definition-exists="false" ipc-concordant="A62C8/00" c-set-base-allowed="false" c-set-subsequent-allowed="true" date-revised="2013-01-01" status="published"><classification-symbol>A62C8/005</classification-symbol><class-title date-revised="2013-01-01"><title-part><CPC-specific-text><text>Receptacles or other utensils for water carrying; Bombs filled with extinguishing agents</text></CPC-specific-text></title-part></class-title></classification-item>
<classification-item breakdown-code="false" not-allocatable="false" level="8" additional-only="false" sort-key="A62C8/02" definition-exists="false" ipc-concordant="A62C8/02" c-set-base-allowed="false" c-set-subsequent-allowed="true" date-revised="2013-01-01" status="published"><classification-symbol>A62C8/02</classification-symbol><class-title date-revised="2013-01-01"><title-part><text>Buckets or pails</text></title-part></class-title></classification-item>
<classification-item breakdown-code="false" not-allocatable="false" level="8" additional-only="false" sort-key="A62C8/04" definition-exists="false" ipc-concordant="A62C8/04" c-set-base-allowed="false" c-set-subsequent-allowed="true" date-revised="2013-01-01" status="published"><classification-symbol>A62C8/04</classification-symbol><class-title date-revised="2013-01-01"><title-part><text>Rakes or beaters</text></title-part></class-title></classification-item>
<classification-item breakdown-code="false" not-allocatable="false" level="8" additional-only="false" sort-key="A62C8/06" definition-exists="false" ipc-concordant="A62C8/06" c-set-base-allowed="false" c-set-subsequent-allowed="true" date-revised="2013-01-01" status="published"><classification-symbol>A62C8/06</classification-symbol><class-title date-revised="2013-01-01"><title-part><text>Fire-blankets</text></title-part></class-title></classification-item>
<classification-item breakdown-code="false" not-allocatable="false" level="8" additional-only="false" sort-key="A62C8/08" definition-exists="false" ipc-concordant="A62C8/08" c-set-base-allowed="false" c-set-subsequent-allowed="true" date-revised="2013-01-01" status="published"><classification-symbol>A62C8/08</classification-symbol><class-title date-revised="2013-01-01"><title-part><text>Shields</text></title-part></class-title></classification-item></classification-item>
<classification-item breakdown-code="false" not-allocatable="false" level="7" additional-only="false" sort-key="A62C11/00" definition-exists="false" ipc-concordant="A62C11/00" c-set-base-allowed="false" c-set-subsequent-allowed="true" date-revised="2013-01-01" status="published"><classification-symbol>A62C11/00</classification-symbol><class-title date-revised="2013-01-01"><title-part><text>Portable extinguishers with manually-operated pumps</text></title-part></class-title>
<classification-item breakdown-code="false" not-allocatable="false" level="8" additional-only="false" sort-key="A62C11/005" definition-exists="false" ipc-concordant="A62C11/00" c-set-base-allowed="false" c-set-subsequent-allowed="true" date-revised="2013-01-01" status="published"><classification-symbol>A62C11/005</classification-symbol><class-title date-revised="2013-01-01"><title-part><CPC-specific-text><text>Receptacles of extinguishing agent with manually operable pump</text></CPC-specific-text></title-part></class-title></classification-item></classification-item>
<classification-item breakdown-code="false" not-allocatable="false" level="7" additional-only="false" sort-key="A62C13/00" definition-exists="true" ipc-concordant="A62C13/00" c-set-base-allowed="false" c-set-subsequent-allowed="true" date-revised="2013-01-01" status="published"><classification-symbol>A62C13/00</classification-symbol><class-title date-revised="2013-01-01"><title-part><text>Portable extinguishers which are permanently pressurised or pressurised immediately before use </text><reference><text><class-ref scheme="cpc">A62C11/00</class-ref> takes precedence</text></reference></title-part></class-title>
<classification-item breakdown-code="false" not-allocatable="false" level="8" additional-only="false" sort-key="A62C13/003" definition-exists="false" ipc-concordant="A62C13/00" c-set-base-allowed="false" c-set-subsequent-allowed="true" date-revised="2013-01-01" status="published"><classification-symbol>A62C13/003</classification-symbol><class-title date-revised="2013-01-01"><title-part><CPC-specific-text><text>Extinguishers with spraying and projection of extinguishing agents by pressurised gas</text></CPC-specific-text></title-part></class-title></classification-item>
<classification-item breakdown-code="false" not-allocatable="false" level="8" additional-only="false" sort-key="A62C13/006" definition-exists="false" ipc-concordant="A62C13/00" c-set-base-allowed="false" c-set-subsequent-allowed="true" date-revised="2013-01-01" status="published"><classification-symbol>A62C13/006</classification-symbol><class-title date-revised="2013-01-01"><title-part><CPC-specific-text><text>for the propulsion of extinguishing powder</text></CPC-specific-text></title-part></class-title></classification-item>
<classification-item breakdown-code="false" not-allocatable="false" level="8" additional-only="false" sort-key="A62C13/02" definition-exists="false" ipc-concordant="A62C13/02" c-set-base-allowed="false" c-set-subsequent-allowed="true" date-revised="2013-01-01" status="published"><classification-symbol>A62C13/02</classification-symbol><class-title date-revised="2013-01-01"><title-part><text>with pressure gas produced by chemicals</text></title-part></class-title>
<classification-item breakdown-code="false" not-allocatable="false" level="9" additional-only="false" sort-key="A62C13/04" definition-exists="false" ipc-concordant="A62C13/04" c-set-base-allowed="false" c-set-subsequent-allowed="true" date-revised="2013-01-01" status="published"><classification-symbol>A62C13/04</classification-symbol><class-title date-revised="2013-01-01"><title-part><text>with separate acid container</text></title-part></class-title>
<classification-item breakdown-code="false" not-allocatable="false" level="10" additional-only="false" sort-key="A62C13/06" definition-exists="false" ipc-concordant="A62C13/06" c-set-base-allowed="false" c-set-subsequent-allowed="true" date-revised="2013-01-01" status="published"><classification-symbol>A62C13/06</classification-symbol><class-title date-revised="2013-01-01"><title-part><text>with acid container without closure device</text></title-part></class-title></classification-item>
<classification-item breakdown-code="false" not-allocatable="false" level="10" additional-only="false" sort-key="A62C13/08" definition-exists="false" ipc-concordant="A62C13/08" c-set-base-allowed="false" c-set-subsequent-allowed="true" date-revised="2013-01-01" status="published"><classification-symbol>A62C13/08</classification-symbol><class-title date-revised="2013-01-01"><title-part><text>with acid container with closure device</text></title-part></class-title>
<classification-item breakdown-code="false" not-allocatable="false" level="11" additional-only="false" sort-key="A62C13/10" definition-exists="false" ipc-concordant="A62C13/10" c-set-base-allowed="false" c-set-subsequent-allowed="true" date-revised="2013-01-01" status="published"><classification-symbol>A62C13/10</classification-symbol><class-title date-revised="2013-01-01"><title-part><text>with loose-lid closure device </text><reference><text>loosely-engaging lids or covers for containers for liquids without means for effecting sealing of container in general <class-ref scheme="cpc">B65D51/02</class-ref></text></reference></title-part></class-title></classification-item>
<classification-item breakdown-code="false" not-allocatable="false" level="11" additional-only="false" sort-key="A62C13/12" definition-exists="false" ipc-concordant="A62C13/12" c-set-base-allowed="false" c-set-subsequent-allowed="true" date-revised="2013-01-01" status="published"><classification-symbol>A62C13/12</classification-symbol><class-title date-revised="2013-01-01"><title-part><text>with valve closure device</text></title-part></class-title></classification-item></classification-item>
<classification-item breakdown-code="false" not-allocatable="false" level="10" additional-only="false" sort-key="A62C13/14" definition-exists="false" ipc-concordant="A62C13/14" c-set-base-allowed="false" c-set-subsequent-allowed="true" date-revised="2013-01-01" status="published"><classification-symbol>A62C13/14</classification-symbol><class-title date-revised="2013-01-01"><title-part><text>with acid container the shell of which is ruptured by pin, screw-pin, or similar device</text></title-part></class-title></classification-item>
<classification-item breakdown-code="false" not-allocatable="false" level="10" additional-only="false" sort-key="A62C13/16" definition-exists="false" ipc-concordant="A62C13/16" c-set-base-allowed="false" c-set-subsequent-allowed="true" date-revised="2013-01-01" status="published"><classification-symbol>A62C13/16</classification-symbol><class-title date-revised="2013-01-01"><title-part><text>with movable acid container ruptured by falling when operated</text></title-part></class-title></classification-item>
<classification-item breakdown-code="false" not-allocatable="false" level="10" additional-only="false" sort-key="A62C13/18" definition-exists="false" ipc-concordant="A62C13/18" c-set-base-allowed="false" c-set-subsequent-allowed="true" date-revised="2013-01-01" status="published"><classification-symbol>A62C13/18</classification-symbol><class-title date-revised="2013-01-01"><title-part><text>with acid container ruptured by a striking weight, e.g. by a falling weight</text></title-part></class-title></classification-item></classification-item>
<classification-item breakdown-code="false" not-allocatable="false" level="9" additional-only="false" sort-key="A62C13/20" definition-exists="false" ipc-concordant="A62C13/20" c-set-base-allowed="false" c-set-subsequent-allowed="true" date-revised="2013-01-01" status="published"><classification-symbol>A62C13/20</classification-symbol><class-title date-revised="2013-01-01"><title-part><text>with the chemicals in a single case, e.g. in a cartridge</text></title-part></class-title></classification-item>
<classification-item breakdown-code="false" not-allocatable="false" level="9" additional-only="false" sort-key="A62C13/22" definition-exists="false" ipc-concordant="A62C13/22" c-set-base-allowed="false" c-set-subsequent-allowed="true" date-revised="2013-01-01" status="published"><classification-symbol>A62C13/22</classification-symbol><class-title date-revised="2013-01-01"><title-part><text>with incendiary substances producing pressure gas</text></title-part></class-title></classification-item></classification-item>
<classification-item breakdown-code="false" not-allocatable="false" level="8" additional-only="false" sort-key="A62C13/62" definition-exists="false" ipc-concordant="A62C13/62" c-set-base-allowed="false" c-set-subsequent-allowed="true" date-revised="2013-01-01" status="published"><classification-symbol>A62C13/62</classification-symbol><class-title date-revised="2013-01-01"><title-part><text>with a single permanently pressurised container</text></title-part></class-title>
<classification-item breakdown-code="false" not-allocatable="false" level="9" additional-only="false" sort-key="A62C13/64" definition-exists="false" ipc-concordant="A62C13/64" c-set-base-allowed="false" c-set-subsequent-allowed="true" date-revised="2013-01-01" status="published"><classification-symbol>A62C13/64</classification-symbol><class-title date-revised="2013-01-01"><title-part><text>the extinguishing material being released by means of a valve</text></title-part></class-title></classification-item></classification-item>
<classification-item breakdown-code="false" not-allocatable="false" level="8" additional-only="false" sort-key="A62C13/66" definition-exists="false" ipc-concordant="A62C13/66" c-set-base-allowed="false" c-set-subsequent-allowed="true" date-revised="2013-01-01" status="published"><classification-symbol>A62C13/66</classification-symbol><class-title date-revised="2013-01-01"><title-part><text>with extinguishing material and pressure gas being stored in separate containers</text></title-part></class-title>
<classification-item breakdown-code="false" not-allocatable="false" level="9" additional-only="false" sort-key="A62C13/68" definition-exists="false" ipc-concordant="A62C13/68" c-set-base-allowed="false" c-set-subsequent-allowed="true" date-revised="2013-01-01" status="published"><classification-symbol>A62C13/68</classification-symbol><class-title date-revised="2013-01-01"><title-part><text>characterised by means for releasing the extinguishing material</text></title-part></class-title></classification-item>
<classification-item breakdown-code="false" not-allocatable="false" level="9" additional-only="false" sort-key="A62C13/70" definition-exists="false" ipc-concordant="A62C13/70" c-set-base-allowed="false" c-set-subsequent-allowed="true" date-revised="2013-01-01" status="published"><classification-symbol>A62C13/70</classification-symbol><class-title date-revised="2013-01-01"><title-part><text>characterised by means for releasing the pressure gas</text></title-part></class-title></classification-item>
<classification-item breakdown-code="false" not-allocatable="false" level="9" additional-only="false" sort-key="A62C13/72" definition-exists="false" ipc-concordant="A62C13/72" c-set-base-allowed="false" c-set-subsequent-allowed="true" date-revised="2013-01-01" status="published"><classification-symbol>A62C13/72</classification-symbol><class-title date-revised="2013-01-01"><title-part><text>characterised by releasing means operating essentially simultaneously on both containers</text></title-part></class-title>
<classification-item breakdown-code="false" not-allocatable="false" level="10" additional-only="false" sort-key="A62C13/74" definition-exists="false" ipc-concordant="A62C13/74" c-set-base-allowed="false" c-set-subsequent-allowed="true" date-revised="2013-01-01" status="published"><classification-symbol>A62C13/74</classification-symbol><class-title date-revised="2013-01-01"><title-part><text>the pressure gas container being pierced or broken</text></title-part></class-title></classification-item></classification-item></classification-item>
<classification-item breakdown-code="false" not-allocatable="false" level="8" additional-only="false" sort-key="A62C13/76" definition-exists="false" ipc-concordant="A62C13/76" c-set-base-allowed="false" c-set-subsequent-allowed="true" date-revised="2013-01-01" status="published"><classification-symbol>A62C13/76</classification-symbol><class-title date-revised="2013-01-01"><title-part><text>Details or accessories</text></title-part></class-title>
<classification-item breakdown-code="false" not-allocatable="false" level="9" additional-only="false" sort-key="A62C13/78" definition-exists="false" ipc-concordant="A62C13/78" c-set-base-allowed="false" c-set-subsequent-allowed="true" date-revised="2013-01-01" status="published"><classification-symbol>A62C13/78</classification-symbol><class-title date-revised="2013-01-01"><title-part><text>Suspending or supporting devices</text></title-part></class-title></classification-item></classification-item></classification-item>
<classification-item breakdown-code="false" not-allocatable="false" level="7" additional-only="false" sort-key="A62C15/00" definition-exists="true" ipc-concordant="A62C15/00" c-set-base-allowed="false" c-set-subsequent-allowed="true" date-revised="2013-01-01" status="published"><classification-symbol>A62C15/00</classification-symbol><class-title date-revised="2013-01-01"><title-part><text>Extinguishers essentially of the knapsack type </text><reference><text>knapsacks, carrying-frames, pack-frames carried on the body <class-ref scheme="cpc">A45F3/00</class-ref></text></reference></title-part></class-title></classification-item>
<classification-item breakdown-code="false" not-allocatable="false" level="7" additional-only="false" sort-key="A62C17/00" definition-exists="false" ipc-concordant="A62C17/00" c-set-base-allowed="false" c-set-subsequent-allowed="true" date-revised="2013-01-01" status="published"><classification-symbol>A62C17/00</classification-symbol><class-title date-revised="2013-01-01"><title-part><text>Hand fire-extinguishers essentially in the form of pistols or rifles</text></title-part></class-title></classification-item>
<classification-item breakdown-code="false" not-allocatable="false" level="7" additional-only="false" sort-key="A62C19/00" definition-exists="true" ipc-concordant="A62C19/00" c-set-base-allowed="false" c-set-subsequent-allowed="true" date-revised="2013-01-01" status="published"><classification-symbol>A62C19/00</classification-symbol><class-title date-revised="2013-01-01"><title-part><text>Hand fire-extinguishers in which the extinguishing substance is expelled by an explosion</text></title-part><title-part><text>Exploding containers thrown into the fire</text></title-part></class-title></classification-item>
<classification-item breakdown-code="false" not-allocatable="false" level="7" additional-only="false" sort-key="A62C25/00" definition-exists="false" ipc-concordant="A62C25/00" c-set-base-allowed="false" c-set-subsequent-allowed="true" date-revised="2013-01-01" status="published"><classification-symbol>A62C25/00</classification-symbol><class-title date-revised="2013-01-01"><title-part><text>Portable extinguishers with power-driven pumps</text></title-part></class-title>
<classification-item breakdown-code="false" not-allocatable="false" level="8" additional-only="false" sort-key="A62C25/005" definition-exists="false" ipc-concordant="A62C25/00" c-set-base-allowed="false" c-set-subsequent-allowed="true" date-revised="2013-01-01" status="published"><classification-symbol>A62C25/005</classification-symbol><class-title date-revised="2013-01-01"><title-part><CPC-specific-text><text>Accessories</text></CPC-specific-text></title-part></class-title></classification-item></classification-item></classification-item>
<classification-item breakdown-code="false" not-allocatable="true" level="6" additional-only="false" sort-key="A62C27/00" date-revised="2016-05-01" status="published"><classification-symbol>A62C27/00</classification-symbol><class-title date-revised="2016-05-01"><title-part><text>Fire-fighting vehicles </text><reference><text><class-ref scheme="cpc">A62C31/00</class-ref>, <class-ref scheme="cpc">A62C33/00</class-ref>, <class-ref scheme="cpc">A62C37/00</class-ref> take precedence; vehicle aspects, <u>see</u> the appropriate subclasses of <class-ref scheme="cpc">B60</class-ref>&#160;-&#160;<class-ref scheme="cpc">B64</class-ref>, e.g. fire-fighting aircraft <class-ref scheme="cpc">B64D1/16</class-ref></text></reference></title-part></class-title>
<classification-item breakdown-code="false" not-allocatable="false" level="7" additional-only="false" sort-key="A62C27/00" definition-exists="false" ipc-concordant="A62C27/00" c-set-base-allowed="false" c-set-subsequent-allowed="true" date-revised="2013-01-01" status="published"><classification-symbol>A62C27/00</classification-symbol><class-title date-revised="2013-01-01"><title-part><text>Fire-fighting land vehicles</text></title-part></class-title></classification-item>
<classification-item breakdown-code="false" not-allocatable="false" level="7" additional-only="false" sort-key="A62C29/00" definition-exists="true" ipc-concordant="A62C29/00" c-set-base-allowed="false" c-set-subsequent-allowed="true" date-revised="2013-01-01" status="published"><classification-symbol>A62C29/00</classification-symbol><class-title date-revised="2013-01-01"><title-part><text>Fire-fighting vessels or like floating structures</text></title-part></class-title></classification-item>
<classification-item breakdown-code="false" not-allocatable="false" level="7" additional-only="false" sort-key="A62C31/00" definition-exists="true" ipc-concordant="A62C31/00" c-set-base-allowed="false" c-set-subsequent-allowed="true" date-revised="2013-01-01" status="published"><classification-symbol>A62C31/00</classification-symbol><class-title date-revised="2013-01-01"><title-part><text>Delivery of fire-extinguishing material </text><reference><text>pumps <class-ref scheme="cpc">F04</class-ref>; </text><CPC-specific-text><text>suction or pressure</text></CPC-specific-text><text> hoses, </text><CPC-specific-text><text>joints or couplings therefor</text></CPC-specific-text><text> <class-ref scheme="cpc">F16L</class-ref></text></reference></title-part></class-title>
<classification-item breakdown-code="false" not-allocatable="false" level="8" additional-only="false" sort-key="A62C31/005" definition-exists="false" ipc-concordant="A62C31/00" c-set-base-allowed="false" c-set-subsequent-allowed="true" date-revised="2015-10-01" status="published"><classification-symbol>A62C31/005</classification-symbol><class-title date-revised="2015-10-01"><title-part><CPC-specific-text><text>using nozzles</text></CPC-specific-text></title-part></class-title><notes-and-warnings><note type="warning"><note-paragraph>see warning after subclass title</note-paragraph></note></notes-and-warnings></classification-item>
<classification-item breakdown-code="false" not-allocatable="false" level="8" additional-only="false" sort-key="A62C31/02" definition-exists="false" ipc-concordant="A62C31/02" c-set-base-allowed="false" c-set-subsequent-allowed="true" date-revised="2013-01-01" status="published"><classification-symbol>A62C31/02</classification-symbol><class-title date-revised="2013-01-01"><title-part><text>Nozzles specially adapted for fire-extinguishing</text></title-part></class-title>
<classification-item breakdown-code="false" not-allocatable="false" level="9" additional-only="false" sort-key="A62C31/03" definition-exists="false" ipc-concordant="A62C31/03" c-set-base-allowed="false" c-set-subsequent-allowed="true" date-revised="2016-08-01" status="published"><classification-symbol>A62C31/03</classification-symbol><class-title date-revised="2016-08-01"><title-part><text>adjustable, e.g. from spray to jet or <u>vice versa</u></text></title-part></class-title></classification-item>
<classification-item breakdown-code="false" not-allocatable="false" level="9" additional-only="false" sort-key="A62C31/05" definition-exists="false" ipc-concordant="A62C31/05" c-set-base-allowed="false" c-set-subsequent-allowed="true" date-revised="2013-01-01" status="published"><classification-symbol>A62C31/05</classification-symbol><class-title date-revised="2013-01-01"><title-part><text>with two or more outlets</text></title-part></class-title>
<classification-item breakdown-code="false" not-allocatable="false" level="10" additional-only="false" sort-key="A62C31/07" definition-exists="false" ipc-concordant="A62C31/07" c-set-base-allowed="false" c-set-subsequent-allowed="true" date-revised="2013-01-01" status="published"><classification-symbol>A62C31/07</classification-symbol><class-title date-revised="2013-01-01"><title-part><text>for different media</text></title-part></class-title></classification-item></classification-item>
<classification-item breakdown-code="false" not-allocatable="false" level="9" additional-only="false" sort-key="A62C31/12" definition-exists="false" ipc-concordant="A62C31/12" c-set-base-allowed="false" c-set-subsequent-allowed="true" date-revised="2013-01-01" status="published"><classification-symbol>A62C31/12</classification-symbol><class-title date-revised="2013-01-01"><title-part><text>for delivering foam or atomised foam</text></title-part></class-title></classification-item>
<classification-item breakdown-code="false" not-allocatable="false" level="9" additional-only="false" sort-key="A62C31/22" definition-exists="false" ipc-concordant="A62C31/22" c-set-base-allowed="false" c-set-subsequent-allowed="true" date-revised="2013-01-01" status="published"><classification-symbol>A62C31/22</classification-symbol><class-title date-revised="2013-01-01"><title-part><text>specially adapted for piercing walls, heaped materials, or the like</text></title-part></class-title></classification-item>
<classification-item breakdown-code="false" not-allocatable="false" level="9" additional-only="false" sort-key="A62C31/24" definition-exists="false" ipc-concordant="A62C31/24" c-set-base-allowed="false" c-set-subsequent-allowed="true" date-revised="2013-01-01" status="published"><classification-symbol>A62C31/24</classification-symbol><class-title date-revised="2013-01-01"><title-part><text>attached to ladders, poles, towers, or other structures with or without rotary heads</text></title-part></class-title></classification-item></classification-item>
<classification-item breakdown-code="false" not-allocatable="false" level="8" additional-only="false" sort-key="A62C31/28" definition-exists="false" ipc-concordant="A62C31/28" c-set-base-allowed="false" c-set-subsequent-allowed="true" date-revised="2013-01-01" status="published"><classification-symbol>A62C31/28</classification-symbol><class-title date-revised="2013-01-01"><title-part><text>Accessories for delivery devices, e.g. supports</text></title-part></class-title></classification-item></classification-item>
<classification-item breakdown-code="false" not-allocatable="false" level="7" additional-only="false" sort-key="A62C33/00" definition-exists="true" ipc-concordant="A62C33/00" c-set-base-allowed="false" c-set-subsequent-allowed="true" date-revised="2013-01-01" status="published"><classification-symbol>A62C33/00</classification-symbol><class-title date-revised="2013-01-01"><title-part><text>Hose accessories</text></title-part></class-title>
<classification-item breakdown-code="false" not-allocatable="false" level="8" additional-only="false" sort-key="A62C33/02" definition-exists="false" ipc-concordant="A62C33/02" c-set-base-allowed="false" c-set-subsequent-allowed="true" date-revised="2013-01-01" status="published"><classification-symbol>A62C33/02</classification-symbol><class-title date-revised="2013-01-01"><title-part><text>Apparatus for cleaning or drying hoses </text><reference><text>drying shelves <class-ref scheme="cpc">F26B</class-ref></text></reference></title-part></class-title></classification-item>
<classification-item breakdown-code="false" not-allocatable="false" level="8" additional-only="false" sort-key="A62C33/04" definition-exists="false" ipc-concordant="A62C33/04" c-set-base-allowed="false" c-set-subsequent-allowed="true" date-revised="2013-01-01" status="published"><classification-symbol>A62C33/04</classification-symbol><class-title date-revised="2013-01-01"><title-part><text>Supports or clamps for fire hoses</text></title-part></class-title></classification-item>
<classification-item breakdown-code="false" not-allocatable="false" level="8" additional-only="false" sort-key="A62C33/06" definition-exists="false" ipc-concordant="A62C33/06" c-set-base-allowed="false" c-set-subsequent-allowed="true" date-revised="2013-01-01" status="published"><classification-symbol>A62C33/06</classification-symbol><class-title date-revised="2013-01-01"><title-part><text>Hose or pipe bridges</text></title-part></class-title></classification-item></classification-item></classification-item>
<classification-item breakdown-code="false" not-allocatable="true" level="6" additional-only="false" sort-key="A62C35/00" date-revised="2013-01-01" status="published"><classification-symbol>A62C35/00</classification-symbol><class-title date-revised="2013-01-01"><title-part><text>Permanently-installed equipment</text></title-part></class-title>
<classification-item breakdown-code="false" not-allocatable="false" level="7" additional-only="false" sort-key="A62C35/00" definition-exists="true" ipc-concordant="A62C35/00" c-set-base-allowed="false" c-set-subsequent-allowed="true" date-revised="2013-01-01" status="published"><classification-symbol>A62C35/00</classification-symbol><class-title date-revised="2013-01-01"><title-part><text>Permanently-installed equipment </text><reference><text><class-ref scheme="cpc">A62C31/00</class-ref>, <class-ref scheme="cpc">A62C33/00</class-ref>, <class-ref scheme="cpc">A62C37/00</class-ref> take precedence; for forming water curtains <class-ref scheme="cpc">A62C2/08</class-ref></text></reference></title-part></class-title>
<classification-item breakdown-code="false" not-allocatable="false" level="8" additional-only="false" sort-key="A62C35/02" definition-exists="false" ipc-concordant="A62C35/02" c-set-base-allowed="false" c-set-subsequent-allowed="true" date-revised="2013-01-01" status="published"><classification-symbol>A62C35/02</classification-symbol><class-title date-revised="2013-01-01"><title-part><text>with containers for delivering the extinguishing substance</text></title-part></class-title>
<classification-item breakdown-code="false" not-allocatable="false" level="9" additional-only="false" sort-key="A62C35/023" definition-exists="false" ipc-concordant="A62C35/02" c-set-base-allowed="false" c-set-subsequent-allowed="true" date-revised="2013-01-01" status="published"><classification-symbol>A62C35/023</classification-symbol><class-title date-revised="2013-01-01"><title-part><CPC-specific-text><text>the extinguishing material being expelled by compressed gas, taken from storage tanks, or by generating a pressure gas </text><reference><text>for foam generation <class-ref scheme="cpc">A62C5/02</class-ref></text></reference></CPC-specific-text></title-part></class-title></classification-item>
<classification-item breakdown-code="false" not-allocatable="false" level="9" additional-only="false" sort-key="A62C35/026" definition-exists="false" ipc-concordant="A62C35/02" c-set-base-allowed="false" c-set-subsequent-allowed="true" date-revised="2013-01-01" status="published"><classification-symbol>A62C35/026</classification-symbol><class-title date-revised="2013-01-01"><title-part><CPC-specific-text><text>the extinguishing material being put under pressure by means other than pressure gas, e.g. pumps</text></CPC-specific-text></title-part></class-title></classification-item>
<classification-item breakdown-code="false" not-allocatable="false" level="9" additional-only="false" sort-key="A62C35/04" definition-exists="false" ipc-concordant="A62C35/04" c-set-base-allowed="false" c-set-subsequent-allowed="true" date-revised="2013-01-01" status="published"><classification-symbol>A62C35/04</classification-symbol><class-title date-revised="2013-01-01"><title-part><text>Swingable or tiltable containers</text></title-part></class-title></classification-item>
<classification-item breakdown-code="false" not-allocatable="false" level="9" additional-only="false" sort-key="A62C35/06" definition-exists="false" ipc-concordant="A62C35/06" c-set-base-allowed="false" c-set-subsequent-allowed="true" date-revised="2013-01-01" status="published"><classification-symbol>A62C35/06</classification-symbol><class-title date-revised="2013-01-01"><title-part><text>Containers destroyed or opened by falling</text></title-part></class-title></classification-item>
<classification-item breakdown-code="false" not-allocatable="false" level="9" additional-only="false" sort-key="A62C35/08" definition-exists="false" ipc-concordant="A62C35/08" c-set-base-allowed="false" c-set-subsequent-allowed="true" date-revised="2023-05-01" status="published"><classification-symbol>A62C35/08</classification-symbol><class-title date-revised="2013-01-01"><title-part><text>Containers destroyed or opened by bursting charge</text></title-part></class-title></classification-item>
<classification-item breakdown-code="false" not-allocatable="false" level="9" additional-only="false" sort-key="A62C35/10" definition-exists="false" ipc-concordant="A62C35/10" c-set-base-allowed="false" c-set-subsequent-allowed="true" date-revised="2013-01-01" status="published"><classification-symbol>A62C35/10</classification-symbol><class-title date-revised="2013-01-01"><title-part><text>Containers destroyed or opened by flames or heat</text></title-part></class-title></classification-item>
<classification-item breakdown-code="false" not-allocatable="false" level="9" additional-only="false" sort-key="A62C35/11" definition-exists="false" ipc-concordant="A62C35/11" c-set-base-allowed="false" c-set-subsequent-allowed="true" date-revised="2013-01-01" status="published"><classification-symbol>A62C35/11</classification-symbol><class-title date-revised="2013-01-01"><title-part><text>controlled by a signal from the danger zone</text></title-part></class-title>
<classification-item breakdown-code="false" not-allocatable="false" level="10" additional-only="false" sort-key="A62C35/13" definition-exists="false" ipc-concordant="A62C35/13" c-set-base-allowed="false" c-set-subsequent-allowed="true" date-revised="2013-01-01" status="published"><classification-symbol>A62C35/13</classification-symbol><class-title date-revised="2013-01-01"><title-part><text>with a finite supply of extinguishing material</text></title-part></class-title></classification-item>
<classification-item breakdown-code="false" not-allocatable="false" level="10" additional-only="false" sort-key="A62C35/15" definition-exists="false" ipc-concordant="A62C35/15" c-set-base-allowed="false" c-set-subsequent-allowed="true" date-revised="2013-01-01" status="published"><classification-symbol>A62C35/15</classification-symbol><class-title date-revised="2013-01-01"><title-part><text>with a system for topping-up the supply of extinguishing material automatically</text></title-part></class-title></classification-item></classification-item></classification-item>
<classification-item breakdown-code="false" not-allocatable="false" level="8" additional-only="false" sort-key="A62C35/20" definition-exists="false" ipc-concordant="A62C35/20" c-set-base-allowed="false" c-set-subsequent-allowed="true" date-revised="2013-01-01" status="published"><classification-symbol>A62C35/20</classification-symbol><class-title date-revised="2013-01-01"><title-part><text>Hydrants, e.g. wall-hoses, wall units, plug-in cabinets </text><reference><text>hydrants in streets <class-ref scheme="cpc">E03B9/02</class-ref></text></reference></title-part></class-title></classification-item>
<classification-item breakdown-code="false" not-allocatable="false" level="8" additional-only="false" sort-key="A62C35/58" definition-exists="false" ipc-concordant="A62C35/58" c-set-base-allowed="false" c-set-subsequent-allowed="true" date-revised="2013-01-01" status="published"><classification-symbol>A62C35/58</classification-symbol><class-title date-revised="2013-01-01"><title-part><text>Pipe-line systems</text></title-part></class-title>
<classification-item breakdown-code="false" not-allocatable="false" level="9" additional-only="false" sort-key="A62C35/60" definition-exists="false" ipc-concordant="A62C35/60" c-set-base-allowed="false" c-set-subsequent-allowed="true" date-revised="2013-01-01" status="published"><classification-symbol>A62C35/60</classification-symbol><class-title date-revised="2013-01-01"><title-part><text>wet, i.e. containing extinguishing material even when not in use</text></title-part></class-title>
<classification-item breakdown-code="false" not-allocatable="false" level="10" additional-only="false" sort-key="A62C35/605" definition-exists="false" ipc-concordant="A62C35/60" c-set-base-allowed="false" c-set-subsequent-allowed="true" date-revised="2015-10-01" status="published"><classification-symbol>A62C35/605</classification-symbol><class-title date-revised="2015-10-01"><title-part><CPC-specific-text><text>operating and sounding alarm automatically</text></CPC-specific-text></title-part></class-title><notes-and-warnings><note type="warning"><note-paragraph>see warning after subclass title</note-paragraph></note></notes-and-warnings></classification-item></classification-item>
<classification-item breakdown-code="false" not-allocatable="false" level="9" additional-only="false" sort-key="A62C35/62" definition-exists="false" ipc-concordant="A62C35/62" c-set-base-allowed="false" c-set-subsequent-allowed="true" date-revised="2013-01-01" status="published"><classification-symbol>A62C35/62</classification-symbol><class-title date-revised="2013-01-01"><title-part><text>dry, i.e. empty of extinguishing material when not in use</text></title-part></class-title></classification-item>
<classification-item breakdown-code="false" not-allocatable="false" level="9" additional-only="false" sort-key="A62C35/64" definition-exists="false" ipc-concordant="A62C35/64" c-set-base-allowed="false" c-set-subsequent-allowed="true" date-revised="2013-01-01" status="published"><classification-symbol>A62C35/64</classification-symbol><class-title date-revised="2013-01-01"><title-part><text>pressurised</text></title-part></class-title>
<classification-item breakdown-code="false" not-allocatable="false" level="10" additional-only="false" sort-key="A62C35/645" definition-exists="false" ipc-concordant="A62C35/64" c-set-base-allowed="false" c-set-subsequent-allowed="true" date-revised="2015-10-01" status="published"><classification-symbol>A62C35/645</classification-symbol><class-title date-revised="2015-10-01"><title-part><CPC-specific-text><text>with compressed gas in pipework</text></CPC-specific-text></title-part></class-title><notes-and-warnings><note type="warning"><note-paragraph>see warning after subclass title</note-paragraph></note></notes-and-warnings></classification-item>
<classification-item breakdown-code="false" not-allocatable="false" level="10" additional-only="false" sort-key="A62C35/66" definition-exists="false" ipc-concordant="A62C35/66" c-set-base-allowed="false" c-set-subsequent-allowed="true" date-revised="2013-01-01" status="published"><classification-symbol>A62C35/66</classification-symbol><class-title date-revised="2013-01-01"><title-part><text>Accelerators</text></title-part></class-title></classification-item></classification-item>
<classification-item breakdown-code="false" not-allocatable="false" level="9" additional-only="false" sort-key="A62C35/68" definition-exists="false" ipc-concordant="A62C35/68" c-set-base-allowed="false" c-set-subsequent-allowed="true" date-revised="2013-01-01" status="published"><classification-symbol>A62C35/68</classification-symbol><class-title date-revised="2013-01-01"><title-part><text>Details, e.g. of pipes or valve systems </text><reference><text>valves in general <class-ref scheme="cpc">F16K</class-ref></text></reference></title-part></class-title></classification-item></classification-item></classification-item>
<classification-item breakdown-code="false" not-allocatable="false" level="7" additional-only="false" sort-key="A62C37/00" definition-exists="true" ipc-concordant="A62C37/00" c-set-base-allowed="false" c-set-subsequent-allowed="true" date-revised="2016-11-01" status="published"><classification-symbol>A62C37/00</classification-symbol><class-title date-revised="2013-01-01"><title-part><text>Control of fire-fighting equipment </text><reference><text>heat-sensitive devices <class-ref scheme="cpc">G01K</class-ref></text></reference></title-part></class-title>
<classification-item breakdown-code="false" not-allocatable="false" level="8" additional-only="false" sort-key="A62C37/04" definition-exists="false" ipc-concordant="A62C37/36" c-set-base-allowed="false" c-set-subsequent-allowed="true" date-revised="2016-11-01" status="published"><classification-symbol>A62C37/04</classification-symbol><class-title date-revised="2016-11-01"><title-part><CPC-specific-text><text>with electrically-controlled release</text></CPC-specific-text></title-part></class-title></classification-item>
<classification-item breakdown-code="false" not-allocatable="false" level="8" additional-only="false" sort-key="A62C37/08" definition-exists="false" ipc-concordant="A62C37/08" c-set-base-allowed="false" c-set-subsequent-allowed="true" date-revised="2023-05-01" status="published"><classification-symbol>A62C37/08</classification-symbol><class-title date-revised="2013-01-01"><title-part><text>comprising an outlet device containing a sensor, or itself being the sensor, i.e. self-contained sprinklers</text></title-part></class-title>
<classification-item breakdown-code="false" not-allocatable="false" level="9" additional-only="false" sort-key="A62C37/09" definition-exists="false" ipc-concordant="A62C37/09" c-set-base-allowed="false" c-set-subsequent-allowed="true" date-revised="2013-01-01" status="published"><classification-symbol>A62C37/09</classification-symbol><class-title date-revised="2013-01-01"><title-part><text>telescopic or adjustable</text></title-part></class-title></classification-item>
<classification-item breakdown-code="false" not-allocatable="false" level="9" additional-only="false" sort-key="A62C37/10" definition-exists="false" ipc-concordant="A62C37/10" c-set-base-allowed="false" c-set-subsequent-allowed="true" date-revised="2013-01-01" status="published"><classification-symbol>A62C37/10</classification-symbol><class-title date-revised="2013-01-01"><title-part><text>Releasing means, e.g. electrically released</text></title-part></class-title>
<classification-item breakdown-code="false" not-allocatable="false" level="10" additional-only="false" sort-key="A62C37/11" definition-exists="false" ipc-concordant="A62C37/11" c-set-base-allowed="false" c-set-subsequent-allowed="true" date-revised="2013-01-01" status="published"><classification-symbol>A62C37/11</classification-symbol><class-title date-revised="2013-01-01"><title-part><text>heat-sensitive</text></title-part></class-title>
<classification-item breakdown-code="false" not-allocatable="false" level="11" additional-only="false" sort-key="A62C37/12" definition-exists="false" ipc-concordant="A62C37/12" c-set-base-allowed="false" c-set-subsequent-allowed="true" date-revised="2013-01-01" status="published"><classification-symbol>A62C37/12</classification-symbol><class-title date-revised="2013-01-01"><title-part><text>with fusible links</text></title-part></class-title></classification-item>
<classification-item breakdown-code="false" not-allocatable="false" level="11" additional-only="false" sort-key="A62C37/14" definition-exists="false" ipc-concordant="A62C37/14" c-set-base-allowed="false" c-set-subsequent-allowed="true" date-revised="2013-01-01" status="published"><classification-symbol>A62C37/14</classification-symbol><class-title date-revised="2013-01-01"><title-part><text>with frangible vessels</text></title-part></class-title></classification-item>
<classification-item breakdown-code="false" not-allocatable="false" level="11" additional-only="false" sort-key="A62C37/16" definition-exists="false" ipc-concordant="A62C37/16" c-set-base-allowed="false" c-set-subsequent-allowed="true" date-revised="2013-01-01" status="published"><classification-symbol>A62C37/16</classification-symbol><class-title date-revised="2013-01-01"><title-part><text>with thermally-expansible links</text></title-part></class-title></classification-item></classification-item></classification-item>
<classification-item breakdown-code="false" not-allocatable="false" level="9" additional-only="false" sort-key="A62C37/20" definition-exists="false" ipc-concordant="A62C37/20" c-set-base-allowed="false" c-set-subsequent-allowed="true" date-revised="2013-01-01" status="published"><classification-symbol>A62C37/20</classification-symbol><class-title date-revised="2013-01-01"><title-part><text>Resetting after use</text></title-part><title-part><text>Tools therefor</text></title-part></class-title>
<classification-item breakdown-code="false" not-allocatable="false" level="10" additional-only="false" sort-key="A62C37/21" definition-exists="false" ipc-concordant="A62C37/21" c-set-base-allowed="false" c-set-subsequent-allowed="true" date-revised="2013-01-01" status="published"><classification-symbol>A62C37/21</classification-symbol><class-title date-revised="2013-01-01"><title-part><text>automatic</text></title-part></class-title></classification-item></classification-item></classification-item>
<classification-item breakdown-code="false" not-allocatable="false" level="8" additional-only="false" sort-key="A62C37/36" definition-exists="false" ipc-concordant="A62C37/36" c-set-base-allowed="false" c-set-subsequent-allowed="true" date-revised="2023-05-01" status="published"><classification-symbol>A62C37/36</classification-symbol><class-title date-revised="2013-01-01"><title-part><text>an actuating signal being generated by a sensor separate from an outlet device</text></title-part></class-title>
<classification-item breakdown-code="false" not-allocatable="false" level="9" additional-only="false" sort-key="A62C37/38" definition-exists="false" ipc-concordant="A62C37/38" c-set-base-allowed="false" c-set-subsequent-allowed="true" date-revised="2013-01-01" status="published"><classification-symbol>A62C37/38</classification-symbol><class-title date-revised="2013-01-01"><title-part><text>by both sensor and actuator, e.g. valve, being in the danger zone</text></title-part></class-title>
<classification-item breakdown-code="false" not-allocatable="false" level="10" additional-only="false" sort-key="A62C37/40" definition-exists="false" ipc-concordant="A62C37/40" c-set-base-allowed="false" c-set-subsequent-allowed="true" date-revised="2013-01-01" status="published"><classification-symbol>A62C37/40</classification-symbol><class-title date-revised="2013-01-01"><title-part><text>with electric connection between sensor and actuator</text></title-part></class-title></classification-item>
<classification-item breakdown-code="false" not-allocatable="false" level="10" additional-only="false" sort-key="A62C37/42" definition-exists="false" ipc-concordant="A62C37/42" c-set-base-allowed="false" c-set-subsequent-allowed="true" date-revised="2013-01-01" status="published"><classification-symbol>A62C37/42</classification-symbol><class-title date-revised="2013-01-01"><title-part><text>with mechanical connection between sensor and actuator, e.g. rods, levers</text></title-part></class-title></classification-item></classification-item>
<classification-item breakdown-code="false" not-allocatable="false" level="9" additional-only="false" sort-key="A62C37/44" definition-exists="false" ipc-concordant="A62C37/44" c-set-base-allowed="false" c-set-subsequent-allowed="true" date-revised="2013-01-01" status="published"><classification-symbol>A62C37/44</classification-symbol><class-title date-revised="2013-01-01"><title-part><text>only the sensor being in the danger zone</text></title-part></class-title></classification-item>
<classification-item breakdown-code="false" not-allocatable="false" level="9" additional-only="false" sort-key="A62C37/46" definition-exists="false" ipc-concordant="A62C37/46" c-set-base-allowed="false" c-set-subsequent-allowed="true" date-revised="2013-01-01" status="published"><classification-symbol>A62C37/46</classification-symbol><class-title date-revised="2013-01-01"><title-part><text>Construction of the actuator</text></title-part></class-title>
<classification-item breakdown-code="false" not-allocatable="false" level="10" additional-only="false" sort-key="A62C37/48" definition-exists="false" ipc-concordant="A62C37/48" c-set-base-allowed="false" c-set-subsequent-allowed="true" date-revised="2013-01-01" status="published"><classification-symbol>A62C37/48</classification-symbol><class-title date-revised="2013-01-01"><title-part><text>Thermally sensitive initiators</text></title-part></class-title></classification-item></classification-item></classification-item>
<classification-item breakdown-code="false" not-allocatable="false" level="8" additional-only="false" sort-key="A62C37/50" definition-exists="false" ipc-concordant="A62C37/50" c-set-base-allowed="false" c-set-subsequent-allowed="true" date-revised="2013-01-01" status="published"><classification-symbol>A62C37/50</classification-symbol><class-title date-revised="2013-01-01"><title-part><text>Testing or indicating devices for determining the state of readiness of the equipment</text></title-part></class-title></classification-item></classification-item></classification-item>
<classification-item breakdown-code="false" not-allocatable="true" level="6" additional-only="false" sort-key="A62C99/00" date-revised="2013-01-01" status="published"><classification-symbol>A62C99/00</classification-symbol>
<classification-item breakdown-code="false" not-allocatable="false" level="7" additional-only="false" sort-key="A62C99/00" definition-exists="true" ipc-concordant="A62C99/00" c-set-base-allowed="false" c-set-subsequent-allowed="true" date-revised="2013-01-01" status="published"><classification-symbol>A62C99/00</classification-symbol><class-title date-revised="2013-01-01"><title-part><text>Subject matter not provided for in other groups of this subclass</text></title-part></class-title>
<classification-item breakdown-code="false" not-allocatable="false" level="8" additional-only="false" sort-key="A62C99/0009" definition-exists="false" ipc-concordant="A62C99/00" c-set-base-allowed="false" c-set-subsequent-allowed="true" date-revised="2013-01-01" status="published"><classification-symbol>A62C99/0009</classification-symbol><class-title date-revised="2013-01-01"><title-part><CPC-specific-text><text>Methods of extinguishing or preventing the spread of fire by cooling down or suffocating the flames</text></CPC-specific-text></title-part></class-title>
<classification-item breakdown-code="false" not-allocatable="false" level="9" additional-only="false" sort-key="A62C99/0018" definition-exists="false" ipc-concordant="A62C99/00" c-set-base-allowed="false" c-set-subsequent-allowed="true" date-revised="2013-01-01" status="published"><classification-symbol>A62C99/0018</classification-symbol><class-title date-revised="2013-01-01"><title-part><CPC-specific-text><text>using gases or vapours that do not support combustion, e.g. steam, carbon dioxide</text></CPC-specific-text></title-part></class-title>
<classification-item breakdown-code="false" not-allocatable="false" level="10" additional-only="false" sort-key="A62C99/0027" definition-exists="false" ipc-concordant="A62C99/00" c-set-base-allowed="false" c-set-subsequent-allowed="true" date-revised="2013-01-01" status="published"><classification-symbol>A62C99/0027</classification-symbol><class-title date-revised="2013-01-01"><title-part><CPC-specific-text><text>Carbon dioxide extinguishers</text></CPC-specific-text></title-part></class-title></classification-item></classification-item>
<classification-item breakdown-code="false" not-allocatable="false" level="9" additional-only="false" sort-key="A62C99/0036" definition-exists="false" ipc-concordant="A62C99/00" c-set-base-allowed="false" c-set-subsequent-allowed="true" date-revised="2013-01-01" status="published"><classification-symbol>A62C99/0036</classification-symbol><class-title date-revised="2013-01-01"><title-part><CPC-specific-text><text>using foam</text></CPC-specific-text></title-part></class-title></classification-item>
<classification-item breakdown-code="false" not-allocatable="false" level="9" additional-only="false" sort-key="A62C99/0045" definition-exists="false" ipc-concordant="A62C99/00" c-set-base-allowed="false" c-set-subsequent-allowed="true" date-revised="2013-01-01" status="published"><classification-symbol>A62C99/0045</classification-symbol><class-title date-revised="2013-01-01"><title-part><CPC-specific-text><text>using solid substances, e.g. sand, ashes; using substances forming a crust</text></CPC-specific-text></title-part></class-title></classification-item>
<classification-item breakdown-code="false" not-allocatable="false" level="9" additional-only="false" sort-key="A62C99/0054" definition-exists="false" ipc-concordant="A62C99/00" c-set-base-allowed="false" c-set-subsequent-allowed="true" date-revised="2013-01-01" status="published"><classification-symbol>A62C99/0054</classification-symbol><class-title date-revised="2013-01-01"><title-part><CPC-specific-text><text>using counter-fire</text></CPC-specific-text></title-part></class-title></classification-item>
<classification-item breakdown-code="false" not-allocatable="false" level="9" additional-only="false" sort-key="A62C99/0063" definition-exists="false" ipc-concordant="A62C99/00" c-set-base-allowed="false" c-set-subsequent-allowed="true" date-revised="2013-01-01" status="published"><classification-symbol>A62C99/0063</classification-symbol><class-title date-revised="2013-01-01"><title-part><CPC-specific-text><text>with simultaneous removal of inflammable materials</text></CPC-specific-text></title-part></class-title></classification-item>
<classification-item breakdown-code="false" not-allocatable="false" level="9" additional-only="false" sort-key="A62C99/0072" definition-exists="false" ipc-concordant="A62C99/00" c-set-base-allowed="false" c-set-subsequent-allowed="true" date-revised="2013-01-01" status="published"><classification-symbol>A62C99/0072</classification-symbol><class-title date-revised="2013-01-01"><title-part><CPC-specific-text><text>using sprayed or atomised water</text></CPC-specific-text></title-part></class-title></classification-item></classification-item>
<classification-item breakdown-code="false" not-allocatable="false" level="8" additional-only="false" sort-key="A62C99/0081" definition-exists="false" ipc-concordant="A62C99/00" c-set-base-allowed="false" c-set-subsequent-allowed="true" date-revised="2013-01-01" status="published"><classification-symbol>A62C99/0081</classification-symbol><class-title date-revised="2013-01-01"><title-part><CPC-specific-text><text>Training methods or equipment for fire-fighting</text></CPC-specific-text></title-part></class-title></classification-item>
<classification-item breakdown-code="false" not-allocatable="false" level="8" additional-only="false" sort-key="A62C99/009" definition-exists="false" ipc-concordant="A62C99/00" c-set-base-allowed="false" c-set-subsequent-allowed="true" date-revised="2016-05-01" status="published"><classification-symbol>A62C99/009</classification-symbol><class-title date-revised="2016-05-01"><title-part><CPC-specific-text><text>Methods or equipment not provided for in groups <class-ref scheme="cpc">A62C99/0009</class-ref>&#160;-&#160;<class-ref scheme="cpc">A62C99/0081</class-ref></text></CPC-specific-text></title-part></class-title></classification-item></classification-item></classification-item></classification-item></class-scheme>