<?xml version="1.0" encoding="UTF-8"?>
<class-scheme publication-date="2024-08-01" scheme-type="cpc" publication-type="official">
<classification-item breakdown-code="false" not-allocatable="true" level="5" additional-only="false" sort-key="B67C" definition-exists="true" date-revised="2018-08-01" status="published"><classification-symbol>B67C</classification-symbol><class-title date-revised="2013-01-01"><title-part><text>CLEANING, FILLING WITH LIQUIDS OR SEMILIQUIDS, OR EMPTYING, OF BOTTLES, JARS, CANS, CASKS, BARRELS, OR SIMILAR CONTAINERS, NOT OTHERWISE PROVIDED FOR</text></title-part><title-part><text>FUNNELS</text></title-part></class-title><notes-and-warnings><note type="warning"><note-paragraph>In this subclass non-limiting references (in the sense of paragraph 39 of the Guide to the IPC) may still be displayed in the scheme.</note-paragraph></note></notes-and-warnings>
<classification-item breakdown-code="false" not-allocatable="true" level="6" additional-only="false" sort-key="B67C3/00" date-revised="2013-01-01" status="published"><classification-symbol>B67C3/00</classification-symbol>
<classification-item breakdown-code="false" not-allocatable="false" level="7" additional-only="false" sort-key="B67C3/00" definition-exists="true" ipc-concordant="B67C3/00" c-set-base-allowed="false" c-set-subsequent-allowed="true" date-revised="2018-08-01" status="published"><classification-symbol>B67C3/00</classification-symbol><class-title date-revised="2018-08-01"><title-part><text>Bottling liquids or semiliquids</text></title-part><title-part><text>Filling jars or cans with liquids or semiliquids using bottling or like apparatus</text></title-part><title-part><text>Filling casks or barrels with liquids or semiliquids</text></title-part></class-title>
<classification-item breakdown-code="false" not-allocatable="false" level="8" additional-only="false" sort-key="B67C3/001" definition-exists="true" ipc-concordant="B67C3/00" c-set-base-allowed="false" c-set-subsequent-allowed="true" date-revised="2013-01-01" status="published"><classification-symbol>B67C3/001</classification-symbol><class-title date-revised="2013-01-01"><title-part><CPC-specific-text><text>Cleaning of filling devices</text></CPC-specific-text></title-part></class-title>
<classification-item breakdown-code="false" not-allocatable="false" level="9" additional-only="false" sort-key="B67C3/002" definition-exists="true" ipc-concordant="B67C3/00" c-set-base-allowed="false" c-set-subsequent-allowed="true" date-revised="2013-01-01" status="published"><classification-symbol>B67C3/002</classification-symbol><class-title date-revised="2013-01-01"><title-part><CPC-specific-text><text>using cups or dummies to be placed under the filling heads</text></CPC-specific-text></title-part></class-title>
<classification-item breakdown-code="false" not-allocatable="false" level="10" additional-only="false" sort-key="B67C3/004" definition-exists="true" ipc-concordant="B67C3/00" c-set-base-allowed="false" c-set-subsequent-allowed="true" date-revised="2013-01-01" status="published"><classification-symbol>B67C3/004</classification-symbol><class-title date-revised="2013-01-01"><title-part><CPC-specific-text><text>permanently attached to the filling machine and movable between a rest and a working position</text></CPC-specific-text></title-part></class-title></classification-item></classification-item>
<classification-item breakdown-code="false" not-allocatable="false" level="9" additional-only="false" sort-key="B67C3/005" definition-exists="true" ipc-concordant="B67C3/00" c-set-base-allowed="false" c-set-subsequent-allowed="true" date-revised="2013-01-01" status="published"><classification-symbol>B67C3/005</classification-symbol><class-title date-revised="2013-01-01"><title-part><CPC-specific-text><text>Cleaning outside parts of filling devices</text></CPC-specific-text></title-part></class-title></classification-item></classification-item>
<classification-item breakdown-code="false" not-allocatable="false" level="8" additional-only="false" sort-key="B67C3/007" definition-exists="true" ipc-concordant="B67C3/00" c-set-base-allowed="false" c-set-subsequent-allowed="true" date-revised="2013-01-01" status="published"><classification-symbol>B67C3/007</classification-symbol><class-title date-revised="2013-01-01"><title-part><CPC-specific-text><text>Applications of control, warning or safety devices in filling machinery </text><reference><text>flow-control <class-ref scheme="cpc">B67C3/28</class-ref></text></reference></CPC-specific-text></title-part></class-title></classification-item>
<classification-item breakdown-code="false" not-allocatable="false" level="8" additional-only="false" sort-key="B67C3/008" definition-exists="true" ipc-concordant="B67C3/00" c-set-base-allowed="false" c-set-subsequent-allowed="true" date-revised="2013-01-01" status="published"><classification-symbol>B67C3/008</classification-symbol><class-title date-revised="2013-01-01"><title-part><CPC-specific-text><text>Bottling or like apparatus specially adapted to be transported, e.g. positioned on a truck or in a container</text></CPC-specific-text></title-part></class-title></classification-item>
<classification-item breakdown-code="false" not-allocatable="false" level="8" additional-only="false" sort-key="B67C3/02" definition-exists="true" ipc-concordant="B67C3/02" c-set-base-allowed="false" c-set-subsequent-allowed="true" date-revised="2013-01-01" status="published"><classification-symbol>B67C3/02</classification-symbol><class-title date-revised="2013-01-01"><title-part><text>Bottling liquids or semiliquids</text></title-part><title-part><text>Filling jars or cans with liquids or semiliquids using bottling or like apparatus</text></title-part></class-title>
<classification-item breakdown-code="false" not-allocatable="false" level="9" additional-only="false" sort-key="B67C3/023" definition-exists="true" ipc-concordant="B67C3/02" c-set-base-allowed="false" c-set-subsequent-allowed="true" date-revised="2013-01-01" status="published"><classification-symbol>B67C3/023</classification-symbol><class-title date-revised="2013-01-01"><title-part><CPC-specific-text><text>Filling multiple liquids in a container </text><reference><text><class-ref scheme="cpc">B67C3/208</class-ref> takes precedence</text></reference></CPC-specific-text></title-part></class-title>
<classification-item breakdown-code="false" not-allocatable="false" level="10" additional-only="false" sort-key="B67C3/026" definition-exists="true" ipc-concordant="B67C3/02" c-set-base-allowed="false" c-set-subsequent-allowed="true" date-revised="2013-01-01" status="published"><classification-symbol>B67C3/026</classification-symbol><class-title date-revised="2013-01-01"><title-part><CPC-specific-text><text>Filling the liquids simultaneously</text></CPC-specific-text></title-part></class-title></classification-item></classification-item>
<classification-item breakdown-code="false" not-allocatable="false" level="9" additional-only="false" sort-key="B67C3/04" definition-exists="true" ipc-concordant="B67C3/04" c-set-base-allowed="false" c-set-subsequent-allowed="true" date-revised="2013-01-01" status="published"><classification-symbol>B67C3/04</classification-symbol><class-title date-revised="2013-01-01"><title-part><text>without applying pressure</text></title-part></class-title>
<classification-item breakdown-code="false" not-allocatable="false" level="10" additional-only="false" sort-key="B67C3/045" definition-exists="true" ipc-concordant="B67C3/04" c-set-base-allowed="false" c-set-subsequent-allowed="true" date-revised="2013-01-01" status="published"><classification-symbol>B67C3/045</classification-symbol><class-title date-revised="2013-01-01"><title-part><CPC-specific-text><text>Apparatus specially adapted for filling bottles with hot liquids</text></CPC-specific-text></title-part></class-title></classification-item></classification-item>
<classification-item breakdown-code="false" not-allocatable="false" level="9" additional-only="false" sort-key="B67C3/06" definition-exists="true" ipc-concordant="B67C3/06" c-set-base-allowed="false" c-set-subsequent-allowed="true" date-revised="2013-01-01" status="published"><classification-symbol>B67C3/06</classification-symbol><class-title date-revised="2013-01-01"><title-part><text>using counterpressure, i.e. filling while the container is under pressure</text></title-part></class-title>
<classification-item breakdown-code="false" not-allocatable="false" level="10" additional-only="false" sort-key="B67C3/065" definition-exists="true" ipc-concordant="B67C3/06" c-set-base-allowed="false" c-set-subsequent-allowed="true" date-revised="2013-01-01" status="published"><classification-symbol>B67C3/065</classification-symbol><class-title date-revised="2013-01-01"><title-part><CPC-specific-text><text>Filling siphons, e.g. carbonating beverages during filling </text><reference><text>siphons <class-ref scheme="cpc">B67D1/0456</class-ref></text></reference></CPC-specific-text></title-part></class-title></classification-item>
<classification-item breakdown-code="false" not-allocatable="false" level="10" additional-only="false" sort-key="B67C3/08" definition-exists="true" ipc-concordant="B67C3/08" c-set-base-allowed="false" c-set-subsequent-allowed="true" date-revised="2013-01-01" status="published"><classification-symbol>B67C3/08</classification-symbol><class-title date-revised="2013-01-01"><title-part><text>and subsequently lowering the counterpressure</text></title-part></class-title></classification-item>
<classification-item breakdown-code="false" not-allocatable="false" level="10" additional-only="false" sort-key="B67C3/10" definition-exists="true" ipc-concordant="B67C3/10" c-set-base-allowed="false" c-set-subsequent-allowed="true" date-revised="2013-01-01" status="published"><classification-symbol>B67C3/10</classification-symbol><class-title date-revised="2013-01-01"><title-part><text>preliminary filling with inert gases, e.g. carbon dioxide</text></title-part></class-title></classification-item>
<classification-item breakdown-code="false" not-allocatable="false" level="10" additional-only="false" sort-key="B67C3/12" definition-exists="true" ipc-concordant="B67C3/12" c-set-base-allowed="false" c-set-subsequent-allowed="true" date-revised="2013-01-01" status="published"><classification-symbol>B67C3/12</classification-symbol><class-title date-revised="2013-01-01"><title-part><text>Pressure-control devices</text></title-part></class-title></classification-item>
<classification-item breakdown-code="false" not-allocatable="false" level="10" additional-only="false" sort-key="B67C3/14" definition-exists="true" ipc-concordant="B67C3/14" c-set-base-allowed="false" c-set-subsequent-allowed="true" date-revised="2013-01-01" status="published"><classification-symbol>B67C3/14</classification-symbol><class-title date-revised="2013-01-01"><title-part><text>specially adapted for filling with hot liquids</text></title-part></class-title></classification-item></classification-item>
<classification-item breakdown-code="false" not-allocatable="false" level="9" additional-only="false" sort-key="B67C3/16" definition-exists="true" ipc-concordant="B67C3/16" c-set-base-allowed="false" c-set-subsequent-allowed="true" date-revised="2013-01-01" status="published"><classification-symbol>B67C3/16</classification-symbol><class-title date-revised="2013-01-01"><title-part><text>using suction</text></title-part></class-title></classification-item>
<classification-item breakdown-code="false" not-allocatable="false" level="9" additional-only="false" sort-key="B67C3/18" definition-exists="true" ipc-concordant="B67C3/18" c-set-base-allowed="false" c-set-subsequent-allowed="true" date-revised="2013-01-01" status="published"><classification-symbol>B67C3/18</classification-symbol><class-title date-revised="2013-01-01"><title-part><text>using siphoning arrangements</text></title-part></class-title></classification-item>
<classification-item breakdown-code="false" not-allocatable="false" level="9" additional-only="false" sort-key="B67C3/20" definition-exists="true" ipc-concordant="B67C3/20" c-set-base-allowed="false" c-set-subsequent-allowed="true" date-revised="2013-01-01" status="published"><classification-symbol>B67C3/20</classification-symbol><class-title date-revised="2013-01-01"><title-part><text>with provision for metering the liquids to be introduced, e.g. when adding syrups </text><reference><text>measuring volume, or volume flow, in general <class-ref scheme="cpc">G01F</class-ref></text></reference></title-part></class-title>
<classification-item breakdown-code="false" not-allocatable="false" level="10" additional-only="false" sort-key="B67C3/202" definition-exists="true" ipc-concordant="B67C3/20" c-set-base-allowed="false" c-set-subsequent-allowed="true" date-revised="2013-01-01" status="published"><classification-symbol>B67C3/202</classification-symbol><class-title date-revised="2013-01-01"><title-part><CPC-specific-text><text>by weighing</text></CPC-specific-text></title-part></class-title></classification-item>
<classification-item breakdown-code="false" not-allocatable="false" level="10" additional-only="false" sort-key="B67C3/204" definition-exists="true" ipc-concordant="B67C3/20" c-set-base-allowed="false" c-set-subsequent-allowed="true" date-revised="2013-01-01" status="published"><classification-symbol>B67C3/204</classification-symbol><class-title date-revised="2013-01-01"><title-part><CPC-specific-text><text>using dosing chambers</text></CPC-specific-text></title-part></class-title></classification-item>
<classification-item breakdown-code="false" not-allocatable="false" level="10" additional-only="false" sort-key="B67C3/206" definition-exists="true" ipc-concordant="B67C3/20" c-set-base-allowed="false" c-set-subsequent-allowed="true" date-revised="2013-01-01" status="published"><classification-symbol>B67C3/206</classification-symbol><class-title date-revised="2013-01-01"><title-part><CPC-specific-text><text>using arrangements of cylinders and pistons </text><reference><text><class-ref scheme="cpc">B67C3/208</class-ref> takes precedence</text></reference></CPC-specific-text></title-part></class-title></classification-item>
<classification-item breakdown-code="false" not-allocatable="false" level="10" additional-only="false" sort-key="B67C3/208" definition-exists="true" ipc-concordant="B67C3/20" c-set-base-allowed="false" c-set-subsequent-allowed="true" date-revised="2013-01-01" status="published"><classification-symbol>B67C3/208</classification-symbol><class-title date-revised="2013-01-01"><title-part><CPC-specific-text><text>specially adapted for adding small amounts of additional liquids, e.g. syrup</text></CPC-specific-text></title-part></class-title></classification-item></classification-item>
<classification-item breakdown-code="false" not-allocatable="false" level="9" additional-only="false" sort-key="B67C3/22" definition-exists="true" ipc-concordant="B67C3/22" c-set-base-allowed="false" c-set-subsequent-allowed="true" date-revised="2013-01-01" status="published"><classification-symbol>B67C3/22</classification-symbol><class-title date-revised="2013-01-01"><title-part><text>Details</text></title-part></class-title>
<classification-item breakdown-code="true" not-allocatable="false" level="10" additional-only="true" sort-key="B67C3/221" definition-exists="false" ipc-concordant="B67C3/22" c-set-base-allowed="false" c-set-subsequent-allowed="true" date-revised="2013-01-01" status="published"><classification-symbol>B67C2003/221</classification-symbol><class-title date-revised="2013-01-01"><title-part><CPC-specific-text><text>Automatic exchange of components</text></CPC-specific-text></title-part></class-title></classification-item>
<classification-item breakdown-code="false" not-allocatable="false" level="10" additional-only="false" sort-key="B67C3/222" definition-exists="true" ipc-concordant="B67C3/22" c-set-base-allowed="false" c-set-subsequent-allowed="true" date-revised="2013-01-01" status="published"><classification-symbol>B67C3/222</classification-symbol><class-title date-revised="2013-01-01"><title-part><CPC-specific-text><text>Head-space air removing devices, e.g. by inducing foam</text></CPC-specific-text></title-part></class-title>
<classification-item breakdown-code="false" not-allocatable="false" level="11" additional-only="false" sort-key="B67C3/223" definition-exists="true" ipc-concordant="B67C3/22" c-set-base-allowed="false" c-set-subsequent-allowed="true" date-revised="2013-01-01" status="published"><classification-symbol>B67C3/223</classification-symbol><class-title date-revised="2013-01-01"><title-part><CPC-specific-text><text>by squeezing the container elastically</text></CPC-specific-text></title-part></class-title></classification-item></classification-item>
<classification-item breakdown-code="false" not-allocatable="false" level="10" additional-only="false" sort-key="B67C3/225" definition-exists="true" ipc-concordant="B67C3/22" c-set-base-allowed="false" c-set-subsequent-allowed="true" date-revised="2013-01-01" status="published"><classification-symbol>B67C3/225</classification-symbol><class-title date-revised="2013-01-01"><title-part><CPC-specific-text><text>Means for filling simultaneously, e.g. in a rotary filling apparatus or multiple rows of containers</text></CPC-specific-text></title-part></class-title></classification-item>
<classification-item breakdown-code="true" not-allocatable="false" level="10" additional-only="true" sort-key="B67C3/226" definition-exists="false" ipc-concordant="B67C3/22" c-set-base-allowed="false" c-set-subsequent-allowed="true" date-revised="2013-01-01" status="published"><classification-symbol>B67C2003/226</classification-symbol><class-title date-revised="2013-01-01"><title-part><CPC-specific-text><text>Additional process steps or apparatuses related to filling with hot liquids, e.g. after-treatment</text></CPC-specific-text></title-part></class-title></classification-item>
<classification-item breakdown-code="true" not-allocatable="false" level="10" additional-only="true" sort-key="B67C3/227" definition-exists="false" ipc-concordant="B67C3/22" c-set-base-allowed="false" c-set-subsequent-allowed="true" date-revised="2013-01-01" status="published"><classification-symbol>B67C2003/227</classification-symbol><class-title date-revised="2013-01-01"><title-part><CPC-specific-text><text>Additional apparatus related to blow-moulding of the containers, e.g. a complete production line forming filled containers from preforms</text></CPC-specific-text></title-part></class-title></classification-item>
<classification-item breakdown-code="true" not-allocatable="false" level="10" additional-only="true" sort-key="B67C3/228" definition-exists="false" ipc-concordant="B67C3/22" c-set-base-allowed="false" c-set-subsequent-allowed="true" date-revised="2013-01-01" status="published"><classification-symbol>B67C2003/228</classification-symbol><class-title date-revised="2013-01-01"><title-part><CPC-specific-text><text>Aseptic features</text></CPC-specific-text></title-part></class-title></classification-item>
<classification-item breakdown-code="false" not-allocatable="false" level="10" additional-only="false" sort-key="B67C3/24" definition-exists="true" ipc-concordant="B67C3/24" c-set-base-allowed="false" c-set-subsequent-allowed="true" date-revised="2013-01-01" status="published"><classification-symbol>B67C3/24</classification-symbol><class-title date-revised="2013-01-01"><title-part><text>Devices for supporting or handling bottles </text><reference><text>transport or storing devices in general <class-ref scheme="cpc">B65G</class-ref></text></reference></title-part></class-title>
<classification-item breakdown-code="false" not-allocatable="false" level="11" additional-only="false" sort-key="B67C3/242" definition-exists="true" ipc-concordant="B67C3/24" c-set-base-allowed="false" c-set-subsequent-allowed="true" date-revised="2013-01-01" status="published"><classification-symbol>B67C3/242</classification-symbol><class-title date-revised="2013-01-01"><title-part><CPC-specific-text><text>engaging with bottle necks </text><reference><text><class-ref scheme="cpc">B67C3/26</class-ref> takes precedence</text></reference></CPC-specific-text></title-part></class-title></classification-item>
<classification-item breakdown-code="false" not-allocatable="false" level="11" additional-only="false" sort-key="B67C3/244" definition-exists="true" ipc-concordant="B67C3/24" c-set-base-allowed="false" c-set-subsequent-allowed="true" date-revised="2013-01-01" status="published"><classification-symbol>B67C3/244</classification-symbol><class-title date-revised="2013-01-01"><title-part><CPC-specific-text><text>Bottle lifting devices actuated by jacks, e.g. hydraulic, pneumatic </text><reference><text><class-ref scheme="cpc">B67C3/242</class-ref> takes precedence</text></reference></CPC-specific-text></title-part></class-title></classification-item>
<classification-item breakdown-code="false" not-allocatable="false" level="11" additional-only="false" sort-key="B67C3/246" definition-exists="true" ipc-concordant="B67C3/24" c-set-base-allowed="false" c-set-subsequent-allowed="true" date-revised="2013-01-01" status="published"><classification-symbol>B67C3/246</classification-symbol><class-title date-revised="2013-01-01"><title-part><CPC-specific-text><text>Bottle lifting devices actuated by cams </text><reference><text><class-ref scheme="cpc">B67C3/242</class-ref> takes precedence</text></reference></CPC-specific-text></title-part></class-title></classification-item>
<classification-item breakdown-code="false" not-allocatable="false" level="11" additional-only="false" sort-key="B67C3/248" definition-exists="true" ipc-concordant="B67C3/24" c-set-base-allowed="false" c-set-subsequent-allowed="true" date-revised="2013-01-01" status="published"><classification-symbol>B67C3/248</classification-symbol><class-title date-revised="2013-01-01"><title-part><CPC-specific-text><text>Bottle lifting devices actuated by threads </text><reference><text><class-ref scheme="cpc">B67C3/242</class-ref> takes precedence</text></reference></CPC-specific-text></title-part></class-title></classification-item></classification-item>
<classification-item breakdown-code="false" not-allocatable="false" level="10" additional-only="false" sort-key="B67C3/26" definition-exists="true" ipc-concordant="B67C3/26" c-set-base-allowed="false" c-set-subsequent-allowed="true" date-revised="2013-01-01" status="published"><classification-symbol>B67C3/26</classification-symbol><class-title date-revised="2013-01-01"><title-part><text>Filling-heads</text></title-part><title-part><text>Means for engaging filling-heads with bottle necks</text></title-part></class-title>
<classification-item breakdown-code="true" not-allocatable="false" level="11" additional-only="true" sort-key="B67C3/2602" definition-exists="false" ipc-concordant="B67C3/26" c-set-base-allowed="false" c-set-subsequent-allowed="true" date-revised="2013-01-01" status="published"><classification-symbol>B67C2003/2602</classification-symbol><class-title date-revised="2013-01-01"><title-part><CPC-specific-text><text>Details of vent-tubes</text></CPC-specific-text></title-part></class-title>
<classification-item breakdown-code="true" not-allocatable="false" level="12" additional-only="true" sort-key="B67C3/2605" definition-exists="false" ipc-concordant="B67C3/26" c-set-base-allowed="false" c-set-subsequent-allowed="true" date-revised="2013-01-01" status="published"><classification-symbol>B67C2003/2605</classification-symbol><class-title date-revised="2013-01-01"><title-part><CPC-specific-text><text>Piston-like check valves</text></CPC-specific-text></title-part></class-title></classification-item></classification-item>
<classification-item breakdown-code="false" not-allocatable="false" level="11" additional-only="false" sort-key="B67C3/2608" definition-exists="true" ipc-concordant="B67C3/26" c-set-base-allowed="false" c-set-subsequent-allowed="true" date-revised="2013-01-01" status="published"><classification-symbol>B67C3/2608</classification-symbol><class-title date-revised="2013-01-01"><title-part><CPC-specific-text><text>comprising anti-dripping means</text></CPC-specific-text></title-part></class-title>
<classification-item breakdown-code="false" not-allocatable="false" level="12" additional-only="false" sort-key="B67C3/2611" definition-exists="true" ipc-concordant="B67C3/26" c-set-base-allowed="false" c-set-subsequent-allowed="true" date-revised="2013-01-01" status="published"><classification-symbol>B67C3/2611</classification-symbol><class-title date-revised="2013-01-01"><title-part><CPC-specific-text><text>to prevent dripping from sources other than the filling product, e.g. deflectors for vapours condensed on the outer surface of the filling device</text></CPC-specific-text></title-part></class-title></classification-item></classification-item>
<classification-item breakdown-code="false" not-allocatable="false" level="11" additional-only="false" sort-key="B67C3/2614" definition-exists="true" ipc-concordant="B67C3/26" c-set-base-allowed="false" c-set-subsequent-allowed="true" date-revised="2013-01-01" status="published"><classification-symbol>B67C3/2614</classification-symbol><class-title date-revised="2013-01-01"><title-part><CPC-specific-text><text>specially adapted for counter-pressure filling</text></CPC-specific-text></title-part></class-title>
<classification-item breakdown-code="false" not-allocatable="false" level="12" additional-only="false" sort-key="B67C3/2617" definition-exists="true" ipc-concordant="B67C3/26" c-set-base-allowed="false" c-set-subsequent-allowed="true" date-revised="2013-01-01" status="published"><classification-symbol>B67C3/2617</classification-symbol><class-title date-revised="2013-01-01"><title-part><CPC-specific-text><text>the liquid valve being opened by mechanical or electrical actuation</text></CPC-specific-text></title-part></class-title>
<classification-item breakdown-code="false" not-allocatable="false" level="13" additional-only="false" sort-key="B67C3/262" definition-exists="true" ipc-concordant="B67C3/26" c-set-base-allowed="false" c-set-subsequent-allowed="true" date-revised="2013-01-01" status="published"><classification-symbol>B67C3/262</classification-symbol><class-title date-revised="2013-01-01"><title-part><CPC-specific-text><text>and the filling operation stopping when the liquid rises to a level at which it closes a vent opening</text></CPC-specific-text></title-part></class-title></classification-item>
<classification-item breakdown-code="false" not-allocatable="false" level="13" additional-only="false" sort-key="B67C3/2622" definition-exists="true" ipc-concordant="B67C3/26" c-set-base-allowed="false" c-set-subsequent-allowed="true" date-revised="2013-01-01" status="published"><classification-symbol>B67C3/2622</classification-symbol><class-title date-revised="2013-01-01"><title-part><CPC-specific-text><text>and the filling operation stopping when probes, e.g. electrical or optical probes, sense the wanted liquid level </text><reference><text>level control in general <class-ref scheme="cpc">G01F</class-ref></text></reference></CPC-specific-text></title-part></class-title></classification-item></classification-item>
<classification-item breakdown-code="false" not-allocatable="false" level="12" additional-only="false" sort-key="B67C3/2625" definition-exists="true" ipc-concordant="B67C3/26" c-set-base-allowed="false" c-set-subsequent-allowed="true" date-revised="2013-01-01" status="published"><classification-symbol>B67C3/2625</classification-symbol><class-title date-revised="2013-01-01"><title-part><CPC-specific-text><text>the liquid valve being opened automatically when a given counter-pressure is obtained in the container to be filled</text></CPC-specific-text></title-part></class-title>
<classification-item breakdown-code="false" not-allocatable="false" level="13" additional-only="false" sort-key="B67C3/2628" definition-exists="true" ipc-concordant="B67C3/26" c-set-base-allowed="false" c-set-subsequent-allowed="true" date-revised="2013-01-01" status="published"><classification-symbol>B67C3/2628</classification-symbol><class-title date-revised="2013-01-01"><title-part><CPC-specific-text><text>and the filling operation stopping when the liquid rises to a level at which it closes a vent opening</text></CPC-specific-text></title-part></class-title></classification-item>
<classification-item breakdown-code="false" not-allocatable="false" level="13" additional-only="false" sort-key="B67C3/2631" definition-exists="true" ipc-concordant="B67C3/26" c-set-base-allowed="false" c-set-subsequent-allowed="true" date-revised="2013-01-01" status="published"><classification-symbol>B67C3/2631</classification-symbol><class-title date-revised="2013-01-01"><title-part><CPC-specific-text><text>and the filling operation stopping when probes, e.g. electrical or optical probes, sense the wanted liquid level </text><reference><text>level control in general <class-ref scheme="cpc">G01F</class-ref></text></reference></CPC-specific-text></title-part></class-title></classification-item></classification-item></classification-item>
<classification-item breakdown-code="false" not-allocatable="false" level="11" additional-only="false" sort-key="B67C3/2634" definition-exists="true" ipc-concordant="B67C3/26" c-set-base-allowed="false" c-set-subsequent-allowed="true" date-revised="2013-01-01" status="published"><classification-symbol>B67C3/2634</classification-symbol><class-title date-revised="2013-01-01"><title-part><CPC-specific-text><text>specially adapted for vacuum or suction filling</text></CPC-specific-text></title-part></class-title></classification-item>
<classification-item breakdown-code="false" not-allocatable="false" level="11" additional-only="false" sort-key="B67C3/2637" definition-exists="true" ipc-concordant="B67C3/26" c-set-base-allowed="false" c-set-subsequent-allowed="true" date-revised="2013-01-01" status="published"><classification-symbol>B67C3/2637</classification-symbol><class-title date-revised="2013-01-01"><title-part><CPC-specific-text><text>comprising a liquid valve opened by relative movement between the container and the filling head</text></CPC-specific-text></title-part></class-title>
<classification-item breakdown-code="false" not-allocatable="false" level="12" additional-only="false" sort-key="B67C3/264" definition-exists="true" ipc-concordant="B67C3/26" c-set-base-allowed="false" c-set-subsequent-allowed="true" date-revised="2013-01-01" status="published"><classification-symbol>B67C3/264</classification-symbol><class-title date-revised="2013-01-01"><title-part><CPC-specific-text><text>and the filling operation being carried out manually</text></CPC-specific-text></title-part></class-title></classification-item></classification-item>
<classification-item breakdown-code="false" not-allocatable="false" level="11" additional-only="false" sort-key="B67C3/2642" definition-exists="true" ipc-concordant="B67C3/26" c-set-base-allowed="false" c-set-subsequent-allowed="true" date-revised="2013-01-01" status="published"><classification-symbol>B67C3/2642</classification-symbol><class-title date-revised="2013-01-01"><title-part><CPC-specific-text><text>specially adapted for sterilising prior to filling</text></CPC-specific-text></title-part></class-title></classification-item>
<classification-item breakdown-code="true" not-allocatable="false" level="11" additional-only="true" sort-key="B67C3/2645" definition-exists="false" ipc-concordant="B67C3/26" c-set-base-allowed="false" c-set-subsequent-allowed="true" date-revised="2013-01-01" status="published"><classification-symbol>B67C2003/2645</classification-symbol><class-title date-revised="2013-01-01"><title-part><CPC-specific-text><text>Means to avoid overfilling by preventing gas returning from the container into the filling tank via the liquid valve, e.g. mesh screens</text></CPC-specific-text></title-part></class-title></classification-item>
<classification-item breakdown-code="true" not-allocatable="false" level="11" additional-only="true" sort-key="B67C3/2648" definition-exists="false" ipc-concordant="B67C3/26" c-set-base-allowed="false" c-set-subsequent-allowed="true" date-revised="2013-01-01" status="published"><classification-symbol>B67C2003/2648</classification-symbol><class-title date-revised="2013-01-01"><title-part><CPC-specific-text><text>Inflatable gaskets for sealingly engaging bottle necks or bodies</text></CPC-specific-text></title-part></class-title></classification-item>
<classification-item breakdown-code="true" not-allocatable="false" level="11" additional-only="true" sort-key="B67C3/2651" definition-exists="false" ipc-concordant="B67C3/26" c-set-base-allowed="false" c-set-subsequent-allowed="true" date-revised="2013-01-01" status="published"><classification-symbol>B67C2003/2651</classification-symbol><class-title date-revised="2013-01-01"><title-part><CPC-specific-text><text>The liquid valve being carried by the vent tube</text></CPC-specific-text></title-part></class-title>
<classification-item breakdown-code="true" not-allocatable="false" level="12" additional-only="true" sort-key="B67C3/2654" definition-exists="false" ipc-concordant="B67C3/26" c-set-base-allowed="false" c-set-subsequent-allowed="true" date-revised="2013-01-01" status="published"><classification-symbol>B67C2003/2654</classification-symbol><class-title date-revised="2013-01-01"><title-part><CPC-specific-text><text>specially adapted for bottom filling, e.g. the liquid valve being located at the lowest part of the vent tube</text></CPC-specific-text></title-part></class-title></classification-item></classification-item>
<classification-item breakdown-code="true" not-allocatable="false" level="11" additional-only="true" sort-key="B67C3/2657" definition-exists="false" ipc-concordant="B67C3/26" c-set-base-allowed="false" c-set-subsequent-allowed="true" date-revised="2013-01-01" status="published"><classification-symbol>B67C2003/2657</classification-symbol><class-title date-revised="2013-01-01"><title-part><CPC-specific-text><text>specially adapted for filling cans</text></CPC-specific-text></title-part></class-title></classification-item>
<classification-item breakdown-code="true" not-allocatable="false" level="11" additional-only="true" sort-key="B67C3/266" definition-exists="false" ipc-concordant="B67C3/26" c-set-base-allowed="false" c-set-subsequent-allowed="true" date-revised="2013-01-01" status="published"><classification-symbol>B67C2003/266</classification-symbol><class-title date-revised="2013-01-01"><title-part><CPC-specific-text><text>Means for centering the container with the filling head</text></CPC-specific-text></title-part></class-title>
<classification-item breakdown-code="true" not-allocatable="false" level="12" additional-only="true" sort-key="B67C3/2662" definition-exists="false" ipc-concordant="B67C3/26" c-set-base-allowed="false" c-set-subsequent-allowed="true" date-revised="2013-01-01" status="published"><classification-symbol>B67C2003/2662</classification-symbol><class-title date-revised="2013-01-01"><title-part><CPC-specific-text><text>with means for detecting the presence of a container</text></CPC-specific-text></title-part></class-title></classification-item></classification-item>
<classification-item breakdown-code="true" not-allocatable="false" level="11" additional-only="true" sort-key="B67C3/2665" definition-exists="false" ipc-concordant="B67C3/26" c-set-base-allowed="false" c-set-subsequent-allowed="true" date-revised="2013-01-01" status="published"><classification-symbol>B67C2003/2665</classification-symbol><class-title date-revised="2013-01-01"><title-part><CPC-specific-text><text>Means for locking the filling head in a given position once engaged by a container</text></CPC-specific-text></title-part></class-title></classification-item>
<classification-item breakdown-code="true" not-allocatable="false" level="11" additional-only="true" sort-key="B67C3/2668" definition-exists="false" ipc-concordant="B67C3/26" c-set-base-allowed="false" c-set-subsequent-allowed="true" date-revised="2013-01-01" status="published"><classification-symbol>B67C2003/2668</classification-symbol><class-title date-revised="2013-01-01"><title-part><CPC-specific-text><text>Means for adapting the filling head to various sizes of containers</text></CPC-specific-text></title-part></class-title></classification-item>
<classification-item breakdown-code="true" not-allocatable="false" level="11" additional-only="true" sort-key="B67C3/2671" definition-exists="false" ipc-concordant="B67C3/26" c-set-base-allowed="false" c-set-subsequent-allowed="true" date-revised="2013-01-01" status="published"><classification-symbol>B67C2003/2671</classification-symbol><class-title date-revised="2013-01-01"><title-part><CPC-specific-text><text>Means for preventing foaming of the liquid</text></CPC-specific-text></title-part></class-title>
<classification-item breakdown-code="true" not-allocatable="false" level="12" additional-only="true" sort-key="B67C3/2674" definition-exists="false" ipc-concordant="B67C3/26" c-set-base-allowed="false" c-set-subsequent-allowed="true" date-revised="2013-01-01" status="published"><classification-symbol>B67C2003/2674</classification-symbol><class-title date-revised="2013-01-01"><title-part><CPC-specific-text><text>by creating a conical shaped flow directed to the container wall at the container neck height</text></CPC-specific-text></title-part></class-title>
<classification-item breakdown-code="true" not-allocatable="false" level="13" additional-only="true" sort-key="B67C3/2677" definition-exists="false" ipc-concordant="B67C3/26" c-set-base-allowed="false" c-set-subsequent-allowed="true" date-revised="2013-01-01" status="published"><classification-symbol>B67C2003/2677</classification-symbol><class-title date-revised="2013-01-01"><title-part><CPC-specific-text><text>by means of a deflector</text></CPC-specific-text></title-part></class-title></classification-item>
<classification-item breakdown-code="true" not-allocatable="false" level="13" additional-only="true" sort-key="B67C3/268" definition-exists="false" ipc-concordant="B67C3/26" c-set-base-allowed="false" c-set-subsequent-allowed="true" date-revised="2013-01-01" status="published"><classification-symbol>B67C2003/268</classification-symbol><class-title date-revised="2013-01-01"><title-part><CPC-specific-text><text>by means of a flow channel integral with the filling nozzle</text></CPC-specific-text></title-part></class-title></classification-item></classification-item>
<classification-item breakdown-code="true" not-allocatable="false" level="12" additional-only="true" sort-key="B67C3/2682" definition-exists="false" ipc-concordant="B67C3/26" c-set-base-allowed="false" c-set-subsequent-allowed="true" date-revised="2013-01-01" status="published"><classification-symbol>B67C2003/2682</classification-symbol><class-title date-revised="2013-01-01"><title-part><CPC-specific-text><text>by creating a conical shaped flow directed to the container wall just above the container bottom</text></CPC-specific-text></title-part></class-title></classification-item></classification-item>
<classification-item breakdown-code="true" not-allocatable="false" level="11" additional-only="true" sort-key="B67C3/2685" definition-exists="false" ipc-concordant="B67C3/26" c-set-base-allowed="false" c-set-subsequent-allowed="true" date-revised="2013-01-01" status="published"><classification-symbol>B67C2003/2685</classification-symbol><class-title date-revised="2013-01-01"><title-part><CPC-specific-text><text>Details of probes</text></CPC-specific-text></title-part></class-title></classification-item>
<classification-item breakdown-code="true" not-allocatable="false" level="11" additional-only="true" sort-key="B67C3/2688" definition-exists="false" ipc-concordant="B67C3/26" c-set-base-allowed="false" c-set-subsequent-allowed="true" date-revised="2013-01-01" status="published"><classification-symbol>B67C2003/2688</classification-symbol><class-title date-revised="2013-01-01"><title-part><CPC-specific-text><text>Means for filling containers in defined atmospheric conditions</text></CPC-specific-text></title-part></class-title>
<classification-item breakdown-code="true" not-allocatable="false" level="12" additional-only="true" sort-key="B67C3/2691" definition-exists="false" ipc-concordant="B67C3/26" c-set-base-allowed="false" c-set-subsequent-allowed="true" date-revised="2013-01-01" status="published"><classification-symbol>B67C2003/2691</classification-symbol><class-title date-revised="2013-01-01"><title-part><CPC-specific-text><text>by enclosing one container in a chamber</text></CPC-specific-text></title-part></class-title></classification-item>
<classification-item breakdown-code="true" not-allocatable="false" level="12" additional-only="true" sort-key="B67C3/2694" definition-exists="false" ipc-concordant="B67C3/26" c-set-base-allowed="false" c-set-subsequent-allowed="true" date-revised="2013-01-01" status="published"><classification-symbol>B67C2003/2694</classification-symbol><class-title date-revised="2013-01-01"><title-part><CPC-specific-text><text>by enclosing a set of containers in a chamber</text></CPC-specific-text></title-part></class-title></classification-item>
<classification-item breakdown-code="true" not-allocatable="false" level="12" additional-only="true" sort-key="B67C3/2697" definition-exists="false" ipc-concordant="B67C3/26" c-set-base-allowed="false" c-set-subsequent-allowed="true" date-revised="2013-01-01" status="published"><classification-symbol>B67C2003/2697</classification-symbol><class-title date-revised="2013-01-01"><title-part><CPC-specific-text><text>by enclosing the container partly in a chamber</text></CPC-specific-text></title-part></class-title></classification-item></classification-item></classification-item>
<classification-item breakdown-code="false" not-allocatable="false" level="10" additional-only="false" sort-key="B67C3/28" definition-exists="true" ipc-concordant="B67C3/28" c-set-base-allowed="false" c-set-subsequent-allowed="true" date-revised="2013-01-01" status="published"><classification-symbol>B67C3/28</classification-symbol><class-title date-revised="2013-01-01"><title-part><text>Flow-control devices, e.g. using valves </text><reference><CPC-specific-text><text><class-ref scheme="cpc">B67C3/2617</class-ref>, <class-ref scheme="cpc">B67C3/2625</class-ref>, <class-ref scheme="cpc">B67C3/2637</class-ref> take precedence</text></CPC-specific-text><text>; valves in general <class-ref scheme="cpc">F16K</class-ref></text></reference></title-part></class-title>
<classification-item breakdown-code="false" not-allocatable="false" level="11" additional-only="false" sort-key="B67C3/281" definition-exists="true" ipc-concordant="B67C3/28" c-set-base-allowed="false" c-set-subsequent-allowed="true" date-revised="2013-01-01" status="published"><classification-symbol>B67C3/281</classification-symbol><class-title date-revised="2013-01-01"><title-part><CPC-specific-text><text>Profiled valve bodies for smoothing the flow at the outlet of the filling nozzle</text></CPC-specific-text></title-part></class-title></classification-item>
<classification-item breakdown-code="false" not-allocatable="false" level="11" additional-only="false" sort-key="B67C3/282" definition-exists="false" ipc-concordant="B67C3/28" c-set-base-allowed="false" c-set-subsequent-allowed="true" date-revised="2013-01-01" status="published"><classification-symbol>B67C3/282</classification-symbol><class-title date-revised="2013-01-01"><title-part><CPC-specific-text><text>related to filling level control </text><reference><text><class-ref scheme="cpc">B67C3/2617</class-ref>, <class-ref scheme="cpc">B67C3/2625</class-ref> take precedence</text></reference></CPC-specific-text></title-part></class-title>
<classification-item breakdown-code="false" not-allocatable="false" level="12" additional-only="false" sort-key="B67C3/283" definition-exists="true" ipc-concordant="B67C3/28" c-set-base-allowed="false" c-set-subsequent-allowed="true" date-revised="2013-01-01" status="published"><classification-symbol>B67C3/283</classification-symbol><class-title date-revised="2013-01-01"><title-part><CPC-specific-text><text>using pressure sensing means</text></CPC-specific-text></title-part></class-title></classification-item>
<classification-item breakdown-code="false" not-allocatable="false" level="12" additional-only="false" sort-key="B67C3/284" definition-exists="true" ipc-concordant="B67C3/28" c-set-base-allowed="false" c-set-subsequent-allowed="true" date-revised="2013-01-01" status="published"><classification-symbol>B67C3/284</classification-symbol><class-title date-revised="2013-01-01"><title-part><CPC-specific-text><text>using non-liquid contact sensing means </text><reference><text><class-ref scheme="cpc">B67C3/283</class-ref> takes precedence</text></reference></CPC-specific-text></title-part></class-title></classification-item>
<classification-item breakdown-code="false" not-allocatable="false" level="12" additional-only="false" sort-key="B67C3/285" definition-exists="true" ipc-concordant="B67C3/28" c-set-base-allowed="false" c-set-subsequent-allowed="true" date-revised="2013-01-01" status="published"><classification-symbol>B67C3/285</classification-symbol><class-title date-revised="2013-01-01"><title-part><CPC-specific-text><text>using liquid contact sensing means </text><reference><text><class-ref scheme="cpc">B67C3/283</class-ref> takes precedence</text></reference></CPC-specific-text></title-part></class-title></classification-item></classification-item>
<classification-item breakdown-code="false" not-allocatable="false" level="11" additional-only="false" sort-key="B67C3/286" definition-exists="true" ipc-concordant="B67C3/28" c-set-base-allowed="false" c-set-subsequent-allowed="true" date-revised="2013-01-01" status="published"><classification-symbol>B67C3/286</classification-symbol><class-title date-revised="2013-01-01"><title-part><CPC-specific-text><text>related to flow rate control, i.e. controlling slow and fast filling phases</text></CPC-specific-text></title-part></class-title></classification-item>
<classification-item breakdown-code="false" not-allocatable="false" level="11" additional-only="false" sort-key="B67C3/287" definition-exists="true" ipc-concordant="B67C3/28" c-set-base-allowed="false" c-set-subsequent-allowed="true" date-revised="2013-01-01" status="published"><classification-symbol>B67C3/287</classification-symbol><class-title date-revised="2013-01-01"><title-part><CPC-specific-text><text>related to flow control using predetermined or real-time calculated parameters</text></CPC-specific-text></title-part></class-title>
<classification-item breakdown-code="false" not-allocatable="false" level="12" additional-only="false" sort-key="B67C3/288" definition-exists="true" ipc-concordant="B67C3/28" c-set-base-allowed="false" c-set-subsequent-allowed="true" date-revised="2013-01-01" status="published"><classification-symbol>B67C3/288</classification-symbol><class-title date-revised="2013-01-01"><title-part><CPC-specific-text><text>using master-slave controls</text></CPC-specific-text></title-part></class-title></classification-item></classification-item></classification-item></classification-item></classification-item>
<classification-item breakdown-code="false" not-allocatable="false" level="8" additional-only="false" sort-key="B67C3/30" definition-exists="true" ipc-concordant="B67C3/30" c-set-base-allowed="false" c-set-subsequent-allowed="true" date-revised="2013-01-01" status="published"><classification-symbol>B67C3/30</classification-symbol><class-title date-revised="2013-01-01"><title-part><text>Filling of barrels or casks</text></title-part></class-title>
<classification-item breakdown-code="false" not-allocatable="false" level="9" additional-only="false" sort-key="B67C3/32" definition-exists="true" ipc-concordant="B67C3/32" c-set-base-allowed="false" c-set-subsequent-allowed="true" date-revised="2013-01-01" status="published"><classification-symbol>B67C3/32</classification-symbol><class-title date-revised="2013-01-01"><title-part><text>using counterpressure, i.e. filling while the container is under pressure</text></title-part></class-title></classification-item>
<classification-item breakdown-code="false" not-allocatable="false" level="9" additional-only="false" sort-key="B67C3/34" definition-exists="true" ipc-concordant="B67C3/34" c-set-base-allowed="false" c-set-subsequent-allowed="true" date-revised="2013-01-01" status="published"><classification-symbol>B67C3/34</classification-symbol><class-title date-revised="2013-01-01"><title-part><text>Devices for engaging filling-heads with filling-apertures</text></title-part></class-title></classification-item></classification-item></classification-item>
<classification-item breakdown-code="false" not-allocatable="false" level="7" additional-only="false" sort-key="B67C7/00" definition-exists="true" ipc-concordant="B67C7/00" c-set-base-allowed="false" c-set-subsequent-allowed="true" date-revised="2013-01-01" status="published"><classification-symbol>B67C7/00</classification-symbol><class-title date-revised="2013-01-01"><title-part><text>Concurrent cleaning, filling, and closing of bottles</text></title-part><title-part><text>Processes or devices for at least two of these operations</text></title-part></class-title>
<classification-item breakdown-code="false" not-allocatable="false" level="8" additional-only="false" sort-key="B67C7/0006" definition-exists="true" ipc-concordant="B67C7/00" c-set-base-allowed="false" c-set-subsequent-allowed="true" date-revised="2013-01-01" status="published"><classification-symbol>B67C7/0006</classification-symbol><class-title date-revised="2013-01-01"><title-part><CPC-specific-text><text>Conveying; Synchronising</text></CPC-specific-text></title-part></class-title>
<classification-item breakdown-code="false" not-allocatable="false" level="9" additional-only="false" sort-key="B67C7/0013" definition-exists="true" ipc-concordant="B67C7/00" c-set-base-allowed="false" c-set-subsequent-allowed="true" date-revised="2013-01-01" status="published"><classification-symbol>B67C7/0013</classification-symbol><class-title date-revised="2013-01-01"><title-part><CPC-specific-text><text>Synchronising</text></CPC-specific-text></title-part></class-title></classification-item>
<classification-item breakdown-code="false" not-allocatable="false" level="9" additional-only="false" sort-key="B67C7/002" definition-exists="true" ipc-concordant="B67C7/00" c-set-base-allowed="false" c-set-subsequent-allowed="true" date-revised="2013-01-01" status="published"><classification-symbol>B67C7/002</classification-symbol><class-title date-revised="2013-01-01"><title-part><CPC-specific-text><text>General lay-out of bottle-handling machines</text></CPC-specific-text></title-part></class-title></classification-item>
<classification-item breakdown-code="false" not-allocatable="false" level="9" additional-only="false" sort-key="B67C7/0026" definition-exists="true" ipc-concordant="B67C7/00" c-set-base-allowed="false" c-set-subsequent-allowed="true" date-revised="2013-01-01" status="published"><classification-symbol>B67C7/0026</classification-symbol><class-title date-revised="2013-01-01"><title-part><CPC-specific-text><text>the containers travelling along a linear path</text></CPC-specific-text></title-part></class-title>
<classification-item breakdown-code="false" not-allocatable="false" level="10" additional-only="false" sort-key="B67C7/0033" definition-exists="true" ipc-concordant="B67C7/00" c-set-base-allowed="false" c-set-subsequent-allowed="true" date-revised="2013-01-01" status="published"><classification-symbol>B67C7/0033</classification-symbol><class-title date-revised="2013-01-01"><title-part><CPC-specific-text><text>the operation being performed batch-wise</text></CPC-specific-text></title-part></class-title></classification-item></classification-item>
<classification-item breakdown-code="false" not-allocatable="false" level="9" additional-only="false" sort-key="B67C7/004" definition-exists="true" ipc-concordant="B67C7/00" c-set-base-allowed="false" c-set-subsequent-allowed="true" date-revised="2013-01-01" status="published"><classification-symbol>B67C7/004</classification-symbol><class-title date-revised="2013-01-01"><title-part><CPC-specific-text><text>the containers travelling along a circular path</text></CPC-specific-text></title-part></class-title>
<classification-item breakdown-code="false" not-allocatable="false" level="10" additional-only="false" sort-key="B67C7/0046" definition-exists="true" ipc-concordant="B67C7/00" c-set-base-allowed="false" c-set-subsequent-allowed="true" date-revised="2013-01-01" status="published"><classification-symbol>B67C7/0046</classification-symbol><class-title date-revised="2013-01-01"><title-part><CPC-specific-text><text>Infeed and outfeed devices</text></CPC-specific-text></title-part></class-title>
<classification-item breakdown-code="false" not-allocatable="false" level="11" additional-only="false" sort-key="B67C7/0053" definition-exists="true" ipc-concordant="B67C7/00" c-set-base-allowed="false" c-set-subsequent-allowed="true" date-revised="2013-01-01" status="published"><classification-symbol>B67C7/0053</classification-symbol><class-title date-revised="2013-01-01"><title-part><CPC-specific-text><text>using grippers </text><reference><text>for supporting bottle necks during filling <class-ref scheme="cpc">B67C3/242</class-ref></text></reference></CPC-specific-text></title-part></class-title></classification-item></classification-item></classification-item>
<classification-item breakdown-code="true" not-allocatable="false" level="9" additional-only="true" sort-key="B67C7/006" definition-exists="false" ipc-concordant="B67C7/00" c-set-base-allowed="false" c-set-subsequent-allowed="true" date-revised="2013-01-01" status="published"><classification-symbol>B67C2007/006</classification-symbol><class-title date-revised="2013-01-01"><title-part><CPC-specific-text><text>Devices particularly adapted for container filling</text></CPC-specific-text></title-part></class-title></classification-item>
<classification-item breakdown-code="true" not-allocatable="false" level="9" additional-only="true" sort-key="B67C7/0066" definition-exists="false" ipc-concordant="B67C7/00" c-set-base-allowed="false" c-set-subsequent-allowed="true" date-revised="2013-01-01" status="published"><classification-symbol>B67C2007/0066</classification-symbol><class-title date-revised="2013-01-01"><title-part><CPC-specific-text><text>Devices particularly adapted for container closing</text></CPC-specific-text></title-part></class-title></classification-item></classification-item>
<classification-item breakdown-code="false" not-allocatable="false" level="8" additional-only="false" sort-key="B67C7/0073" definition-exists="true" ipc-concordant="B67C7/00" c-set-base-allowed="false" c-set-subsequent-allowed="true" date-revised="2013-01-01" status="published"><classification-symbol>B67C7/0073</classification-symbol><class-title date-revised="2013-01-01"><title-part><CPC-specific-text><text>Sterilising, aseptic filling and closing </text><reference><text><class-ref scheme="cpc">B67C3/2642</class-ref> takes precedence</text></reference></CPC-specific-text></title-part></class-title>
<classification-item breakdown-code="false" not-allocatable="false" level="9" additional-only="false" sort-key="B67C7/008" definition-exists="true" ipc-concordant="B67C7/00" c-set-base-allowed="false" c-set-subsequent-allowed="true" date-revised="2013-01-01" status="published"><classification-symbol>B67C7/008</classification-symbol><class-title date-revised="2013-01-01"><title-part><CPC-specific-text><text>comprising a cleaning step between two closing steps</text></CPC-specific-text></title-part></class-title></classification-item>
<classification-item breakdown-code="false" not-allocatable="false" level="9" additional-only="false" sort-key="B67C7/0086" definition-exists="true" ipc-concordant="B67C7/00" c-set-base-allowed="false" c-set-subsequent-allowed="true" date-revised="2013-01-01" status="published"><classification-symbol>B67C7/0086</classification-symbol><class-title date-revised="2013-01-01"><title-part><CPC-specific-text><text>Sterilisation being restricted to the area of application of the closure</text></CPC-specific-text></title-part></class-title></classification-item></classification-item>
<classification-item breakdown-code="false" not-allocatable="false" level="8" additional-only="false" sort-key="B67C7/0093" definition-exists="true" ipc-concordant="B67C7/00" c-set-base-allowed="false" c-set-subsequent-allowed="true" date-revised="2013-01-01" status="published"><classification-symbol>B67C7/0093</classification-symbol><class-title date-revised="2013-01-01"><title-part><CPC-specific-text><text>Lever action devices operated by hand or foot</text></CPC-specific-text></title-part></class-title></classification-item></classification-item>
<classification-item breakdown-code="false" not-allocatable="false" level="7" additional-only="false" sort-key="B67C9/00" definition-exists="true" ipc-concordant="B67C9/00" c-set-base-allowed="false" c-set-subsequent-allowed="true" date-revised="2013-01-01" status="published"><classification-symbol>B67C9/00</classification-symbol><class-title date-revised="2013-01-01"><title-part><text>Devices for emptying bottles, not otherwise provided for </text><CPC-specific-text><reference><text>during preparation of alcoholic beverages except beer <class-ref scheme="cpc">C12G1/00</class-ref></text></reference></CPC-specific-text></title-part></class-title></classification-item>
<classification-item breakdown-code="false" not-allocatable="false" level="7" additional-only="false" sort-key="B67C11/00" definition-exists="true" ipc-concordant="B67C11/00" c-set-base-allowed="false" c-set-subsequent-allowed="true" date-revised="2023-08-01" status="published"><classification-symbol>B67C11/00</classification-symbol><class-title date-revised="2023-08-01"><title-part><text>Funnels, e.g. for liquids </text><reference><text>filter funnels <class-ref scheme="cpc">B01D29/085</class-ref>; volume flow-meters <class-ref scheme="cpc">G01F</class-ref></text></reference></title-part></class-title>
<classification-item breakdown-code="false" not-allocatable="false" level="8" additional-only="false" sort-key="B67C11/02" definition-exists="true" ipc-concordant="B67C11/02" c-set-base-allowed="false" c-set-subsequent-allowed="true" date-revised="2013-01-01" status="published"><classification-symbol>B67C11/02</classification-symbol><class-title date-revised="2013-01-01"><title-part><text>without discharge valves</text></title-part></class-title>
<classification-item breakdown-code="true" not-allocatable="false" level="9" additional-only="true" sort-key="B67C11/022" definition-exists="false" ipc-concordant="B67C11/02" c-set-base-allowed="false" c-set-subsequent-allowed="true" date-revised="2013-01-01" status="published"><classification-symbol>B67C2011/022</classification-symbol><class-title date-revised="2013-01-01"><title-part><CPC-specific-text><text>for draining oil from engines</text></CPC-specific-text></title-part></class-title>
<classification-item breakdown-code="true" not-allocatable="false" level="10" additional-only="true" sort-key="B67C11/025" definition-exists="false" ipc-concordant="B67C11/02" c-set-base-allowed="false" c-set-subsequent-allowed="true" date-revised="2013-01-01" status="published"><classification-symbol>B67C2011/025</classification-symbol><class-title date-revised="2013-01-01"><title-part><CPC-specific-text><text>with integral tool for opening the draining plug</text></CPC-specific-text></title-part></class-title></classification-item></classification-item>
<classification-item breakdown-code="true" not-allocatable="false" level="9" additional-only="true" sort-key="B67C11/027" definition-exists="false" ipc-concordant="B67C11/02" c-set-base-allowed="false" c-set-subsequent-allowed="true" date-revised="2013-01-01" status="published"><classification-symbol>B67C2011/027</classification-symbol><class-title date-revised="2013-01-01"><title-part><CPC-specific-text><text>for filling oil into engines</text></CPC-specific-text></title-part></class-title></classification-item></classification-item>
<classification-item breakdown-code="false" not-allocatable="false" level="8" additional-only="false" sort-key="B67C11/04" definition-exists="true" ipc-concordant="B67C11/04" c-set-base-allowed="false" c-set-subsequent-allowed="true" date-revised="2013-01-01" status="published"><classification-symbol>B67C11/04</classification-symbol><class-title date-revised="2013-01-01"><title-part><text>with non-automatic discharge valves</text></title-part></class-title></classification-item>
<classification-item breakdown-code="false" not-allocatable="false" level="8" additional-only="false" sort-key="B67C11/06" definition-exists="true" ipc-concordant="B67C11/06" c-set-base-allowed="false" c-set-subsequent-allowed="true" date-revised="2013-01-01" status="published"><classification-symbol>B67C11/06</classification-symbol><class-title date-revised="2013-01-01"><title-part><text>with automatic discharge valves</text></title-part></class-title>
<classification-item breakdown-code="false" not-allocatable="false" level="9" additional-only="false" sort-key="B67C11/063" definition-exists="true" ipc-concordant="B67C11/06" c-set-base-allowed="false" c-set-subsequent-allowed="true" date-revised="2013-01-01" status="published"><classification-symbol>B67C11/063</classification-symbol><class-title date-revised="2013-01-01"><title-part><CPC-specific-text><text>for preventing spilling or dripping</text></CPC-specific-text></title-part></class-title></classification-item>
<classification-item breakdown-code="false" not-allocatable="false" level="9" additional-only="false" sort-key="B67C11/066" definition-exists="true" ipc-concordant="B67C11/06" c-set-base-allowed="false" c-set-subsequent-allowed="true" date-revised="2013-01-01" status="published"><classification-symbol>B67C11/066</classification-symbol><class-title date-revised="2013-01-01"><title-part><CPC-specific-text><text>for preventing overflow of the filled container</text></CPC-specific-text></title-part></class-title></classification-item></classification-item>
<classification-item breakdown-code="true" not-allocatable="false" level="8" additional-only="true" sort-key="B67C11/20" definition-exists="false" ipc-concordant="B67C11/00" c-set-base-allowed="false" c-set-subsequent-allowed="true" date-revised="2013-01-01" status="published"><classification-symbol>B67C2011/20</classification-symbol><class-title date-revised="2013-01-01"><title-part><CPC-specific-text><text>comprising closures, e.g. stoppers, caps or lids</text></CPC-specific-text></title-part></class-title></classification-item>
<classification-item breakdown-code="true" not-allocatable="false" level="8" additional-only="true" sort-key="B67C11/30" definition-exists="false" ipc-concordant="B67C11/00" c-set-base-allowed="false" c-set-subsequent-allowed="true" date-revised="2013-01-01" status="published"><classification-symbol>B67C2011/30</classification-symbol><class-title date-revised="2013-01-01"><title-part><CPC-specific-text><text>comprising venting means</text></CPC-specific-text></title-part></class-title></classification-item>
<classification-item breakdown-code="true" not-allocatable="false" level="8" additional-only="true" sort-key="B67C11/40" definition-exists="false" ipc-concordant="B67C11/00" c-set-base-allowed="false" c-set-subsequent-allowed="true" date-revised="2013-01-01" status="published"><classification-symbol>B67C2011/40</classification-symbol><class-title date-revised="2013-01-01"><title-part><CPC-specific-text><text>comprising level indicating means</text></CPC-specific-text></title-part></class-title></classification-item></classification-item></classification-item></classification-item></class-scheme>