<?xml version="1.0" encoding="UTF-8"?>
<class-scheme publication-date="2024-08-01" scheme-type="cpc" publication-type="official">
<classification-item breakdown-code="false" not-allocatable="true" level="5" additional-only="false" sort-key="B64G" definition-exists="true" date-revised="2024-01-01" status="published"><classification-symbol>B64G</classification-symbol><class-title date-revised="2024-01-01"><title-part><text>COSMONAUTICS</text></title-part><title-part><text>VEHICLES OR EQUIPMENT THEREFOR</text></title-part></class-title><notes-and-warnings date-revised="2013-01-01"><note type="note"><note-paragraph>This subclass <u> covers</u> only vehicles, equipment or the like, which are specially adapted for cosmonautics.</note-paragraph><note-paragraph>This subclass <u> does not cover</u> vehicles and equipment applicable to both cosmonautics and aeronautics, which are covered by the appropriate aeronautical subclasses of class <class-ref scheme="cpc">B64</class-ref>.</note-paragraph><note-paragraph>In this subclass, the following term is used with the meaning indicated:<subnote type="bullet"><note-paragraph>&quot;cosmonautics&quot; includes all transport outside the earth&apos;s atmosphere, and thus includes artificial earth satellites, and interplanetary and interstellar travel.</note-paragraph></subnote></note-paragraph></note></notes-and-warnings>
<classification-item breakdown-code="false" not-allocatable="true" level="6" additional-only="false" sort-key="B64G1/00" date-revised="2013-01-01" status="published"><classification-symbol>B64G1/00</classification-symbol>
<classification-item breakdown-code="false" not-allocatable="false" level="7" additional-only="false" sort-key="B64G1/00" definition-exists="true" ipc-concordant="B64G1/00" c-set-base-allowed="false" c-set-subsequent-allowed="true" date-revised="2013-01-01" status="published"><classification-symbol>B64G1/00</classification-symbol><class-title date-revised="2013-01-01"><title-part><text>Cosmonautic vehicles</text></title-part></class-title>
<classification-item breakdown-code="false" not-allocatable="false" level="8" additional-only="false" sort-key="B64G1/002" definition-exists="true" ipc-concordant="B64G1/00" c-set-base-allowed="false" c-set-subsequent-allowed="true" date-revised="2023-08-01" status="published"><classification-symbol>B64G1/002</classification-symbol><class-title date-revised="2013-01-01"><title-part><CPC-specific-text><text>Launch systems</text></CPC-specific-text></title-part></class-title><notes-and-warnings><note type="warning"><note-paragraph warning-type="reclass-source">Group <class-ref scheme="cpc">B64G1/002</class-ref> is impacted by reclassification into groups <class-ref scheme="cpc">B64G1/006</class-ref> and <class-ref scheme="cpc">B64G1/008</class-ref>.<br/>Groups <class-ref scheme="cpc">B64G1/002</class-ref>, <class-ref scheme="cpc">B64G1/006</class-ref> and <class-ref scheme="cpc">B64G1/008</class-ref> should be considered in order to perform a complete search.</note-paragraph></note></notes-and-warnings>
<classification-item breakdown-code="false" not-allocatable="false" level="9" additional-only="false" sort-key="B64G1/005" definition-exists="true" ipc-concordant="B64G1/00" c-set-base-allowed="false" c-set-subsequent-allowed="true" date-revised="2013-01-01" status="published"><classification-symbol>B64G1/005</classification-symbol><class-title date-revised="2013-01-01"><title-part><CPC-specific-text><text>Air launch</text></CPC-specific-text></title-part></class-title></classification-item>
<classification-item breakdown-code="false" not-allocatable="false" level="9" additional-only="false" sort-key="B64G1/006" definition-exists="true" ipc-concordant="B64G1/00" c-set-base-allowed="false" c-set-subsequent-allowed="true" date-revised="2023-08-01" status="published"><classification-symbol>B64G1/006</classification-symbol><class-title date-revised="2023-08-01"><title-part><CPC-specific-text><text>Reusable launch rockets or boosters</text></CPC-specific-text></title-part></class-title><notes-and-warnings><note type="warning"><note-paragraph warning-type="reclass-destination">Group <class-ref scheme="cpc">B64G1/006</class-ref> is incomplete pending reclassification of documents from group <class-ref scheme="cpc">B64G1/002</class-ref>.<br/>Groups <class-ref scheme="cpc">B64G1/002</class-ref> and <class-ref scheme="cpc">B64G1/006</class-ref> should be considered in order to perform a complete search.</note-paragraph></note></notes-and-warnings></classification-item>
<classification-item breakdown-code="false" not-allocatable="false" level="9" additional-only="false" sort-key="B64G1/008" definition-exists="false" ipc-concordant="B64G1/00" c-set-base-allowed="false" c-set-subsequent-allowed="true" date-revised="2023-08-01" status="published"><classification-symbol>B64G1/008</classification-symbol><class-title date-revised="2023-08-01"><title-part><CPC-specific-text><text>Arrangement of launch rockets or boosters</text></CPC-specific-text></title-part></class-title><notes-and-warnings><note type="warning"><note-paragraph warning-type="reclass-destination">Group <class-ref scheme="cpc">B64G1/008</class-ref> is incomplete pending reclassification of documents from group <class-ref scheme="cpc">B64G1/002</class-ref>.<br/>Groups <class-ref scheme="cpc">B64G1/002</class-ref> and <class-ref scheme="cpc">B64G1/008</class-ref> should be considered in order to perform a complete search.</note-paragraph></note></notes-and-warnings></classification-item></classification-item>
<classification-item breakdown-code="false" not-allocatable="false" level="8" additional-only="false" sort-key="B64G1/10" definition-exists="true" ipc-concordant="B64G1/10" c-set-base-allowed="false" c-set-subsequent-allowed="true" date-revised="2024-01-01" status="published"><classification-symbol>B64G1/10</classification-symbol><class-title date-revised="2024-01-01"><title-part><text>Artificial satellites</text></title-part><title-part><text>Systems of such satellites</text></title-part><title-part><text>Interplanetary vehicles </text><reference><text>space shuttles <class-ref scheme="cpc">B64G1/14</class-ref></text></reference></title-part></class-title>
<classification-item breakdown-code="false" not-allocatable="false" level="9" additional-only="false" sort-key="B64G1/1007" definition-exists="true" ipc-concordant="B64G1/10" c-set-base-allowed="false" c-set-subsequent-allowed="true" date-revised="2024-01-01" status="published"><classification-symbol>B64G1/1007</classification-symbol><class-title date-revised="2024-01-01"><title-part><CPC-specific-text><text>Communications satellites</text></CPC-specific-text></title-part></class-title></classification-item>
<classification-item breakdown-code="false" not-allocatable="false" level="9" additional-only="false" sort-key="B64G1/1014" definition-exists="true" ipc-concordant="B64G1/10" c-set-base-allowed="false" c-set-subsequent-allowed="true" date-revised="2024-01-01" status="published"><classification-symbol>B64G1/1014</classification-symbol><class-title date-revised="2024-01-01"><title-part><CPC-specific-text><text>Navigation satellites</text></CPC-specific-text></title-part></class-title></classification-item>
<classification-item breakdown-code="false" not-allocatable="false" level="9" additional-only="false" sort-key="B64G1/1021" definition-exists="true" ipc-concordant="B64G1/10" c-set-base-allowed="false" c-set-subsequent-allowed="true" date-revised="2013-01-01" status="published"><classification-symbol>B64G1/1021</classification-symbol><class-title date-revised="2013-01-01"><title-part><CPC-specific-text><text>Earth observation satellites</text></CPC-specific-text></title-part></class-title>
<classification-item breakdown-code="false" not-allocatable="false" level="10" additional-only="false" sort-key="B64G1/1028" definition-exists="true" ipc-concordant="B64G1/10" c-set-base-allowed="false" c-set-subsequent-allowed="true" date-revised="2023-08-01" status="published"><classification-symbol>B64G1/1028</classification-symbol><class-title date-revised="2023-08-01"><title-part><CPC-specific-text><text>using optical means for mapping, surveying or detection, e.g. of intelligence</text></CPC-specific-text></title-part></class-title></classification-item>
<classification-item breakdown-code="false" not-allocatable="false" level="10" additional-only="false" sort-key="B64G1/1035" definition-exists="false" ipc-concordant="B64G1/10" c-set-base-allowed="false" c-set-subsequent-allowed="true" date-revised="2023-08-01" status="published"><classification-symbol>B64G1/1035</classification-symbol><class-title date-revised="2023-08-01"><title-part><CPC-specific-text><text>using radar for mapping, surveying or detection, e.g. of intelligence</text></CPC-specific-text></title-part></class-title></classification-item>
<classification-item breakdown-code="false" not-allocatable="false" level="10" additional-only="false" sort-key="B64G1/1042" definition-exists="false" ipc-concordant="B64G1/10" c-set-base-allowed="false" c-set-subsequent-allowed="true" date-revised="2023-08-01" status="published"><classification-symbol>B64G1/1042</classification-symbol><class-title date-revised="2023-08-01"><title-part><CPC-specific-text><text>specifically adapted for meteorology</text></CPC-specific-text></title-part></class-title></classification-item></classification-item>
<classification-item breakdown-code="false" not-allocatable="false" level="9" additional-only="false" sort-key="B64G1/105" definition-exists="true" ipc-concordant="B64G1/10" c-set-base-allowed="false" c-set-subsequent-allowed="true" date-revised="2013-01-01" status="published"><classification-symbol>B64G1/105</classification-symbol><class-title date-revised="2013-01-01"><title-part><CPC-specific-text><text>Space science</text></CPC-specific-text></title-part></class-title>
<classification-item breakdown-code="false" not-allocatable="false" level="10" additional-only="false" sort-key="B64G1/1057" definition-exists="true" ipc-concordant="B64G1/10" c-set-base-allowed="false" c-set-subsequent-allowed="true" date-revised="2023-08-01" status="published"><classification-symbol>B64G1/1057</classification-symbol><class-title date-revised="2023-08-01"><title-part><CPC-specific-text><text>specifically adapted for astronomy</text></CPC-specific-text></title-part></class-title></classification-item>
<classification-item breakdown-code="false" not-allocatable="false" level="10" additional-only="false" sort-key="B64G1/1064" definition-exists="false" ipc-concordant="B64G1/10" c-set-base-allowed="false" c-set-subsequent-allowed="true" date-revised="2023-08-01" status="published"><classification-symbol>B64G1/1064</classification-symbol><class-title date-revised="2023-08-01"><title-part><CPC-specific-text><text>specifically adapted for interplanetary, solar or interstellar exploration</text></CPC-specific-text></title-part></class-title>
<classification-item breakdown-code="false" not-allocatable="false" level="11" additional-only="false" sort-key="B64G1/1071" definition-exists="true" ipc-concordant="B64G1/10" c-set-base-allowed="false" c-set-subsequent-allowed="true" date-revised="2023-08-01" status="published"><classification-symbol>B64G1/1071</classification-symbol><class-title date-revised="2023-08-01"><title-part><CPC-specific-text><text>Planetary landers intended for the exploration of the surface of planets, moons or comets</text></CPC-specific-text></title-part></class-title></classification-item></classification-item></classification-item>
<classification-item breakdown-code="false" not-allocatable="false" level="9" additional-only="false" sort-key="B64G1/1078" definition-exists="true" ipc-concordant="B64G1/10" c-set-base-allowed="false" c-set-subsequent-allowed="true" date-revised="2024-08-01" status="published"><classification-symbol>B64G1/1078</classification-symbol><class-title date-revised="2024-08-01"><title-part><CPC-specific-text><text>Maintenance satellites </text><reference><text>refuelling in space <class-ref scheme="cpc">B64G1/4024</class-ref></text></reference></CPC-specific-text></title-part></class-title><notes-and-warnings><note type="warning"><note-paragraph warning-type="reclass-source">Group <class-ref scheme="cpc">B64G1/1078</class-ref> is impacted by reclassification into groups <class-ref scheme="cpc">B64G1/1081</class-ref> and <class-ref scheme="cpc">B64G1/4024</class-ref>.<br/>Groups <class-ref scheme="cpc">B64G1/1078</class-ref>, <class-ref scheme="cpc">B64G1/1081</class-ref> and <class-ref scheme="cpc">B64G1/4024</class-ref> should be considered in order to perform a complete search.</note-paragraph></note></notes-and-warnings>
<classification-item breakdown-code="false" not-allocatable="false" level="10" additional-only="false" sort-key="B64G1/1081" definition-exists="true" ipc-concordant="B64G1/10" c-set-base-allowed="false" c-set-subsequent-allowed="true" date-revised="2023-08-01" status="published"><classification-symbol>B64G1/1081</classification-symbol><class-title date-revised="2023-08-01"><title-part><CPC-specific-text><text>for debris removal</text></CPC-specific-text></title-part></class-title><notes-and-warnings><note type="warning"><note-paragraph warning-type="reclass-destination">Group <class-ref scheme="cpc">B64G1/1081</class-ref> is incomplete pending reclassification of documents from group <class-ref scheme="cpc">B64G1/1078</class-ref>.<br/>Groups <class-ref scheme="cpc">B64G1/1078</class-ref> and <class-ref scheme="cpc">B64G1/1081</class-ref> should be considered in order to perform a complete search.</note-paragraph></note></notes-and-warnings></classification-item></classification-item>
<classification-item breakdown-code="false" not-allocatable="false" level="9" additional-only="false" sort-key="B64G1/1085" definition-exists="true" ipc-concordant="B64G1/10" c-set-base-allowed="false" c-set-subsequent-allowed="true" date-revised="2013-01-01" status="published"><classification-symbol>B64G1/1085</classification-symbol><class-title date-revised="2013-01-01"><title-part><CPC-specific-text><text>Swarms and constellations</text></CPC-specific-text></title-part></class-title></classification-item>
<classification-item breakdown-code="false" not-allocatable="false" level="9" additional-only="false" sort-key="B64G1/12" definition-exists="true" ipc-concordant="B64G1/12" c-set-base-allowed="false" c-set-subsequent-allowed="true" date-revised="2013-01-01" status="published"><classification-symbol>B64G1/12</classification-symbol><class-title date-revised="2013-01-01"><title-part><text>manned</text></title-part></class-title></classification-item></classification-item>
<classification-item breakdown-code="false" not-allocatable="false" level="8" additional-only="false" sort-key="B64G1/14" definition-exists="true" ipc-concordant="B64G1/14" c-set-base-allowed="false" c-set-subsequent-allowed="true" date-revised="2023-08-01" status="published"><classification-symbol>B64G1/14</classification-symbol><class-title date-revised="2023-08-01"><title-part><text>Space shuttles </text><CPC-specific-text><reference><text>reusable launch rockets <class-ref scheme="cpc">B64G1/006</class-ref></text></reference></CPC-specific-text></title-part></class-title></classification-item>
<classification-item breakdown-code="false" not-allocatable="false" level="8" additional-only="false" sort-key="B64G1/16" definition-exists="true" ipc-concordant="B64G1/16" c-set-base-allowed="false" c-set-subsequent-allowed="true" date-revised="2024-01-01" status="published"><classification-symbol>B64G1/16</classification-symbol><class-title date-revised="2024-01-01"><title-part><text>Extraterrestrial cars</text></title-part></class-title></classification-item>
<classification-item breakdown-code="false" not-allocatable="false" level="8" additional-only="false" sort-key="B64G1/22" definition-exists="true" ipc-concordant="B64G1/22" c-set-base-allowed="false" c-set-subsequent-allowed="true" date-revised="2013-01-01" status="published"><classification-symbol>B64G1/22</classification-symbol><class-title date-revised="2013-01-01"><title-part><text>Parts of, or equipment specially adapted for fitting in or to, cosmonautic vehicles</text></title-part></class-title>
<classification-item breakdown-code="false" not-allocatable="false" level="9" additional-only="false" sort-key="B64G1/222" definition-exists="true" ipc-concordant="B64G1/22" c-set-base-allowed="false" c-set-subsequent-allowed="true" date-revised="2023-08-01" status="published"><classification-symbol>B64G1/222</classification-symbol><class-title date-revised="2023-08-01"><title-part><CPC-specific-text><text>for deploying structures between a stowed and deployed state</text></CPC-specific-text></title-part></class-title><notes-and-warnings><note type="warning"><note-paragraph warning-type="reclass-source">Group <class-ref scheme="cpc">B64G1/222</class-ref> is impacted by reclassification into groups <class-ref scheme="cpc">B64G1/2221</class-ref>, <class-ref scheme="cpc">B64G1/2222</class-ref>, <class-ref scheme="cpc">B64G1/2223</class-ref>, <class-ref scheme="cpc">B64G1/2224</class-ref>, <class-ref scheme="cpc">B64G1/2225</class-ref>, <class-ref scheme="cpc">B64G1/2226</class-ref>, <class-ref scheme="cpc">B64G1/2227</class-ref>, <class-ref scheme="cpc">B64G1/2228</class-ref> and <class-ref scheme="cpc">B64G1/2229</class-ref>. <br/>All groups listed in this Warning should be considered in order to perform a complete search.</note-paragraph></note></notes-and-warnings>
<classification-item breakdown-code="false" not-allocatable="false" level="10" additional-only="false" sort-key="B64G1/2221" definition-exists="false" ipc-concordant="B64G1/22" c-set-base-allowed="false" c-set-subsequent-allowed="true" date-revised="2023-08-01" status="published"><classification-symbol>B64G1/2221</classification-symbol><class-title date-revised="2023-08-01"><title-part><CPC-specific-text><text>characterised by the manner of deployment</text></CPC-specific-text></title-part></class-title><notes-and-warnings><note type="warning"><note-paragraph warning-type="reclass-destination">Groups <class-ref scheme="cpc">B64G1/2221</class-ref> - <class-ref scheme="cpc">B64G1/2227</class-ref> are incomplete pending reclassification of documents from group <class-ref scheme="cpc">B64G1/222</class-ref>. <br/>All groups listed in this Warning should be considered in order to perform a complete search.</note-paragraph></note></notes-and-warnings>
<classification-item breakdown-code="false" not-allocatable="false" level="11" additional-only="false" sort-key="B64G1/2222" definition-exists="false" ipc-concordant="B64G1/22" c-set-base-allowed="false" c-set-subsequent-allowed="true" date-revised="2023-08-01" status="published"><classification-symbol>B64G1/2222</classification-symbol><class-title date-revised="2023-08-01"><title-part><CPC-specific-text><text>Folding</text></CPC-specific-text></title-part></class-title>
<classification-item breakdown-code="false" not-allocatable="false" level="12" additional-only="false" sort-key="B64G1/2223" definition-exists="false" ipc-concordant="B64G1/22" c-set-base-allowed="false" c-set-subsequent-allowed="true" date-revised="2023-08-01" status="published"><classification-symbol>B64G1/2223</classification-symbol><class-title date-revised="2023-08-01"><title-part><CPC-specific-text><text>via scissor linkage</text></CPC-specific-text></title-part></class-title></classification-item>
<classification-item breakdown-code="false" not-allocatable="false" level="12" additional-only="false" sort-key="B64G1/2224" definition-exists="false" ipc-concordant="B64G1/22" c-set-base-allowed="false" c-set-subsequent-allowed="true" date-revised="2023-08-01" status="published"><classification-symbol>B64G1/2224</classification-symbol><class-title date-revised="2023-08-01"><title-part><CPC-specific-text><text>about multiple axes</text></CPC-specific-text></title-part></class-title></classification-item></classification-item>
<classification-item breakdown-code="false" not-allocatable="false" level="11" additional-only="false" sort-key="B64G1/2225" definition-exists="false" ipc-concordant="B64G1/22" c-set-base-allowed="false" c-set-subsequent-allowed="true" date-revised="2023-08-01" status="published"><classification-symbol>B64G1/2225</classification-symbol><class-title date-revised="2023-08-01"><title-part><CPC-specific-text><text>Rolling or unfurling </text><reference><text><class-ref scheme="cpc">B64G1/2227</class-ref> takes precedence</text></reference></CPC-specific-text></title-part></class-title></classification-item>
<classification-item breakdown-code="false" not-allocatable="false" level="11" additional-only="false" sort-key="B64G1/2226" definition-exists="false" ipc-concordant="B64G1/22" c-set-base-allowed="false" c-set-subsequent-allowed="true" date-revised="2023-08-01" status="published"><classification-symbol>B64G1/2226</classification-symbol><class-title date-revised="2023-08-01"><title-part><CPC-specific-text><text>Telescoping</text></CPC-specific-text></title-part></class-title></classification-item>
<classification-item breakdown-code="false" not-allocatable="false" level="11" additional-only="false" sort-key="B64G1/2227" definition-exists="false" ipc-concordant="B64G1/22" c-set-base-allowed="false" c-set-subsequent-allowed="true" date-revised="2023-08-01" status="published"><classification-symbol>B64G1/2227</classification-symbol><class-title date-revised="2023-08-01"><title-part><CPC-specific-text><text>Inflating</text></CPC-specific-text></title-part></class-title></classification-item></classification-item>
<classification-item breakdown-code="false" not-allocatable="false" level="10" additional-only="false" sort-key="B64G1/2228" definition-exists="false" ipc-concordant="B64G1/22" c-set-base-allowed="false" c-set-subsequent-allowed="true" date-revised="2023-08-01" status="published"><classification-symbol>B64G1/2228</classification-symbol><class-title date-revised="2023-08-01"><title-part><CPC-specific-text><text>characterised by the hold-down or release mechanisms</text></CPC-specific-text></title-part></class-title><notes-and-warnings><note type="warning"><note-paragraph warning-type="reclass-destination">Group <class-ref scheme="cpc">B64G1/2228</class-ref> is incomplete pending reclassification of documents from group <class-ref scheme="cpc">B64G1/222</class-ref>. <br/>Groups <class-ref scheme="cpc">B64G1/222</class-ref> and <class-ref scheme="cpc">B64G1/2228</class-ref> should be considered in order to perform a complete search.</note-paragraph></note></notes-and-warnings></classification-item>
<classification-item breakdown-code="false" not-allocatable="false" level="10" additional-only="false" sort-key="B64G1/2229" definition-exists="false" ipc-concordant="B64G1/22" c-set-base-allowed="false" c-set-subsequent-allowed="true" date-revised="2023-08-01" status="published"><classification-symbol>B64G1/2229</classification-symbol><class-title date-revised="2023-08-01"><title-part><CPC-specific-text><text>characterised by the deployment actuating mechanism </text><reference><text>inflating <class-ref scheme="cpc">B64G1/2227</class-ref></text></reference></CPC-specific-text></title-part></class-title><notes-and-warnings><note type="warning"><note-paragraph warning-type="reclass-destination">Group <class-ref scheme="cpc">B64G1/2229</class-ref> is incomplete pending reclassification of documents from group <class-ref scheme="cpc">B64G1/222</class-ref>. <br/>Groups <class-ref scheme="cpc">B64G1/222</class-ref> and <class-ref scheme="cpc">B64G1/2229</class-ref> should be considered in order to perform a complete search.</note-paragraph></note></notes-and-warnings></classification-item></classification-item>
<classification-item breakdown-code="false" not-allocatable="false" level="9" additional-only="false" sort-key="B64G1/223" definition-exists="true" ipc-concordant="B64G1/22" c-set-base-allowed="false" c-set-subsequent-allowed="true" date-revised="2023-08-01" status="published"><classification-symbol>B64G1/223</classification-symbol><class-title date-revised="2023-08-01"><title-part><CPC-specific-text><text>Modular spacecraft systems</text></CPC-specific-text></title-part></class-title></classification-item>
<classification-item breakdown-code="false" not-allocatable="false" level="9" additional-only="false" sort-key="B64G1/226" definition-exists="true" ipc-concordant="B64G1/22" c-set-base-allowed="false" c-set-subsequent-allowed="true" date-revised="2013-01-01" status="published"><classification-symbol>B64G1/226</classification-symbol><class-title date-revised="2013-01-01"><title-part><CPC-specific-text><text>Special coatings for spacecraft</text></CPC-specific-text></title-part></class-title></classification-item>
<classification-item breakdown-code="false" not-allocatable="false" level="9" additional-only="false" sort-key="B64G1/228" definition-exists="true" ipc-concordant="B64G1/22" c-set-base-allowed="false" c-set-subsequent-allowed="true" date-revised="2023-08-01" status="published"><classification-symbol>B64G1/228</classification-symbol><class-title date-revised="2023-08-01"><title-part><CPC-specific-text><text>Damping of high-frequency vibration effects on spacecraft elements, e.g. by using acoustic vibration dampers</text></CPC-specific-text></title-part></class-title></classification-item>
<classification-item breakdown-code="false" not-allocatable="false" level="9" additional-only="false" sort-key="B64G1/24" definition-exists="true" ipc-concordant="B64G1/24" c-set-base-allowed="false" c-set-subsequent-allowed="true" date-revised="2024-01-01" status="published"><classification-symbol>B64G1/24</classification-symbol><class-title date-revised="2024-01-01"><title-part><text>Guiding or controlling apparatus, e.g. for attitude control</text></title-part></class-title>
<classification-item breakdown-code="false" not-allocatable="false" level="10" additional-only="false" sort-key="B64G1/242" definition-exists="true" ipc-concordant="B64G1/24" c-set-base-allowed="false" c-set-subsequent-allowed="true" date-revised="2023-08-01" status="published"><classification-symbol>B64G1/242</classification-symbol><class-title date-revised="2013-01-01"><title-part><CPC-specific-text><text>Orbits and trajectories</text></CPC-specific-text></title-part></class-title><notes-and-warnings><note type="warning"><note-paragraph warning-type="reclass-source">Group <class-ref scheme="cpc">B64G1/242</class-ref> is impacted by reclassification into groups <class-ref scheme="cpc">B64G1/2421</class-ref>, <class-ref scheme="cpc">B64G1/2422</class-ref>, <class-ref scheme="cpc">B64G1/2423</class-ref>, <class-ref scheme="cpc">B64G1/2425</class-ref>, <class-ref scheme="cpc">B64G1/2427</class-ref>, <class-ref scheme="cpc">B64G1/2429</class-ref> and <class-ref scheme="cpc">B64G1/244</class-ref>. <br/>All groups listed in this Warning should be considered in order to perform a complete search.</note-paragraph></note></notes-and-warnings>
<classification-item breakdown-code="false" not-allocatable="false" level="11" additional-only="false" sort-key="B64G1/2421" definition-exists="false" ipc-concordant="B64G1/24" c-set-base-allowed="false" c-set-subsequent-allowed="true" date-revised="2023-08-01" status="published"><classification-symbol>B64G1/2421</classification-symbol><class-title date-revised="2023-08-01"><title-part><CPC-specific-text><text>Aerobraking</text></CPC-specific-text></title-part></class-title><notes-and-warnings><note type="warning"><note-paragraph warning-type="reclass-destination">Group <class-ref scheme="cpc">B64G1/2421</class-ref> is incomplete pending reclassification of documents from group <class-ref scheme="cpc">B64G1/242</class-ref>. <br/>Groups <class-ref scheme="cpc">B64G1/242</class-ref> and <class-ref scheme="cpc">B64G1/2421</class-ref> should be considered in order to perform a complete search.</note-paragraph></note></notes-and-warnings></classification-item>
<classification-item breakdown-code="false" not-allocatable="false" level="11" additional-only="false" sort-key="B64G1/2422" definition-exists="false" ipc-concordant="B64G1/24" c-set-base-allowed="false" c-set-subsequent-allowed="true" date-revised="2023-08-01" status="published"><classification-symbol>B64G1/2422</classification-symbol><class-title date-revised="2023-08-01"><title-part><CPC-specific-text><text>using Lagrange points, e.g. halo orbits</text></CPC-specific-text></title-part></class-title><notes-and-warnings><note type="warning"><note-paragraph warning-type="reclass-destination">Group <class-ref scheme="cpc">B64G1/2422</class-ref> is incomplete pending reclassification of documents from group <class-ref scheme="cpc">B64G1/242</class-ref>. <br/>Groups <class-ref scheme="cpc">B64G1/242</class-ref> and <class-ref scheme="cpc">B64G1/2422</class-ref> should be considered in order to perform a complete search.</note-paragraph></note></notes-and-warnings></classification-item>
<classification-item breakdown-code="false" not-allocatable="false" level="11" additional-only="false" sort-key="B64G1/2423" definition-exists="false" ipc-concordant="B64G1/24" c-set-base-allowed="false" c-set-subsequent-allowed="true" date-revised="2023-08-01" status="published"><classification-symbol>B64G1/2423</classification-symbol><class-title date-revised="2023-08-01"><title-part><CPC-specific-text><text>Sun-synchronous orbits</text></CPC-specific-text></title-part></class-title><notes-and-warnings><note type="warning"><note-paragraph warning-type="reclass-destination">Group <class-ref scheme="cpc">B64G1/2423</class-ref> is incomplete pending reclassification of documents from group <class-ref scheme="cpc">B64G1/242</class-ref>. <br/>Groups <class-ref scheme="cpc">B64G1/242</class-ref> and <class-ref scheme="cpc">B64G1/2423</class-ref> should be considered in order to perform a complete search.</note-paragraph></note></notes-and-warnings></classification-item>
<classification-item breakdown-code="false" not-allocatable="false" level="11" additional-only="false" sort-key="B64G1/2425" definition-exists="false" ipc-concordant="B64G1/24" c-set-base-allowed="false" c-set-subsequent-allowed="true" date-revised="2023-08-01" status="published"><classification-symbol>B64G1/2425</classification-symbol><class-title date-revised="2023-08-01"><title-part><CPC-specific-text><text>Geosynchronous orbits</text></CPC-specific-text></title-part></class-title><notes-and-warnings><note type="warning"><note-paragraph warning-type="reclass-destination">Group <class-ref scheme="cpc">B64G1/2425</class-ref> is incomplete pending reclassification of documents from group <class-ref scheme="cpc">B64G1/242</class-ref>. <br/>Groups <class-ref scheme="cpc">B64G1/242</class-ref> and <class-ref scheme="cpc">B64G1/2425</class-ref> should be considered in order to perform a complete search.</note-paragraph></note></notes-and-warnings></classification-item>
<classification-item breakdown-code="false" not-allocatable="false" level="11" additional-only="false" sort-key="B64G1/2427" definition-exists="false" ipc-concordant="B64G1/24" c-set-base-allowed="false" c-set-subsequent-allowed="true" date-revised="2023-08-01" status="published"><classification-symbol>B64G1/2427</classification-symbol><class-title date-revised="2023-08-01"><title-part><CPC-specific-text><text>Transfer orbits</text></CPC-specific-text></title-part></class-title><notes-and-warnings><note type="warning"><note-paragraph warning-type="reclass-destination">Group <class-ref scheme="cpc">B64G1/2427</class-ref> is incomplete pending reclassification of documents from group <class-ref scheme="cpc">B64G1/242</class-ref>. <br/>Groups <class-ref scheme="cpc">B64G1/242</class-ref> and <class-ref scheme="cpc">B64G1/2427</class-ref> should be considered in order to perform a complete search.</note-paragraph></note></notes-and-warnings></classification-item>
<classification-item breakdown-code="false" not-allocatable="false" level="11" additional-only="false" sort-key="B64G1/2429" definition-exists="false" ipc-concordant="B64G1/24" c-set-base-allowed="false" c-set-subsequent-allowed="true" date-revised="2023-08-01" status="published"><classification-symbol>B64G1/2429</classification-symbol><class-title date-revised="2023-08-01"><title-part><CPC-specific-text><text>Station keeping</text></CPC-specific-text></title-part></class-title><notes-and-warnings><note type="warning"><note-paragraph warning-type="reclass-destination">Group <class-ref scheme="cpc">B64G1/2429</class-ref> is incomplete pending reclassification of documents from group <class-ref scheme="cpc">B64G1/242</class-ref>. <br/>Groups <class-ref scheme="cpc">B64G1/242</class-ref> and <class-ref scheme="cpc">B64G1/2429</class-ref> should be considered in order to perform a complete search.</note-paragraph></note></notes-and-warnings></classification-item></classification-item>
<classification-item breakdown-code="false" not-allocatable="false" level="10" additional-only="false" sort-key="B64G1/244" definition-exists="true" ipc-concordant="B64G1/24" c-set-base-allowed="false" c-set-subsequent-allowed="true" date-revised="2023-08-01" status="published"><classification-symbol>B64G1/244</classification-symbol><class-title date-revised="2023-08-01"><title-part><CPC-specific-text><text>Spacecraft control systems</text></CPC-specific-text></title-part></class-title><notes-and-warnings><note type="warning"><note-paragraph warning-type="reclass-destination">Group <class-ref scheme="cpc">B64G1/244</class-ref> is incomplete pending reclassification of documents from group <class-ref scheme="cpc">B64G1/242</class-ref>. <br/>Groups <class-ref scheme="cpc">B64G1/242</class-ref> and <class-ref scheme="cpc">B64G1/244</class-ref> should be considered in order to perform a complete search.</note-paragraph></note></notes-and-warnings>
<classification-item breakdown-code="false" not-allocatable="false" level="11" additional-only="false" sort-key="B64G1/245" definition-exists="false" ipc-concordant="B64G1/24" c-set-base-allowed="false" c-set-subsequent-allowed="true" date-revised="2023-08-01" status="published"><classification-symbol>B64G1/245</classification-symbol><class-title date-revised="2023-08-01"><title-part><CPC-specific-text><text>Attitude control algorithms for spacecraft attitude control</text></CPC-specific-text></title-part></class-title></classification-item>
<classification-item breakdown-code="false" not-allocatable="false" level="11" additional-only="false" sort-key="B64G1/247" definition-exists="false" ipc-concordant="B64G1/24" c-set-base-allowed="false" c-set-subsequent-allowed="true" date-revised="2023-08-01" status="published"><classification-symbol>B64G1/247</classification-symbol><class-title date-revised="2023-08-01"><title-part><CPC-specific-text><text>Advanced control concepts for autonomous, robotic spacecraft, e.g. by using artificial intelligence, neural networks or autonomous agents</text></CPC-specific-text></title-part></class-title></classification-item></classification-item>
<classification-item breakdown-code="false" not-allocatable="false" level="10" additional-only="false" sort-key="B64G1/26" definition-exists="true" ipc-concordant="B64G1/26" c-set-base-allowed="false" c-set-subsequent-allowed="true" date-revised="2023-08-01" status="published"><classification-symbol>B64G1/26</classification-symbol><class-title date-revised="2013-01-01"><title-part><text>using jets</text></title-part></class-title><notes-and-warnings><note type="warning"><note-paragraph warning-type="reclass-source">Group <class-ref scheme="cpc">B64G1/26</class-ref> is impacted by reclassification into groups <class-ref scheme="cpc">B64G1/262</class-ref> and <class-ref scheme="cpc">B64G1/264</class-ref>. <br/>Groups <class-ref scheme="cpc">B64G1/26</class-ref>, <class-ref scheme="cpc">B64G1/262</class-ref> and <class-ref scheme="cpc">B64G1/264</class-ref> should be considered in order to perform a complete search.</note-paragraph></note></notes-and-warnings>
<classification-item breakdown-code="false" not-allocatable="false" level="11" additional-only="false" sort-key="B64G1/262" definition-exists="false" ipc-concordant="B64G1/26" c-set-base-allowed="false" c-set-subsequent-allowed="true" date-revised="2023-08-01" status="published"><classification-symbol>B64G1/262</classification-symbol><class-title date-revised="2023-08-01"><title-part><CPC-specific-text><text>having adjustable angles, e.g. gimbaled thrusters</text></CPC-specific-text></title-part></class-title><notes-and-warnings><note type="warning"><note-paragraph warning-type="reclass-destination">Groups <class-ref scheme="cpc">B64G1/262</class-ref> and <class-ref scheme="cpc">B64G1/264</class-ref> are incomplete pending reclassification of documents from group <class-ref scheme="cpc">B64G1/26</class-ref>. <br/>Groups <class-ref scheme="cpc">B64G1/26</class-ref>, <class-ref scheme="cpc">B64G1/262</class-ref> and <class-ref scheme="cpc">B64G1/264</class-ref> should be considered in order to perform a complete search.</note-paragraph></note></notes-and-warnings>
<classification-item breakdown-code="false" not-allocatable="false" level="12" additional-only="false" sort-key="B64G1/264" definition-exists="false" ipc-concordant="B64G1/26" c-set-base-allowed="false" c-set-subsequent-allowed="true" date-revised="2023-08-01" status="published"><classification-symbol>B64G1/264</classification-symbol><class-title date-revised="2023-08-01"><title-part><CPC-specific-text><text>mounted on adjustable booms or the like</text></CPC-specific-text></title-part></class-title></classification-item></classification-item></classification-item>
<classification-item breakdown-code="false" not-allocatable="false" level="10" additional-only="false" sort-key="B64G1/28" definition-exists="false" ipc-concordant="B64G1/28" c-set-base-allowed="false" c-set-subsequent-allowed="true" date-revised="2013-01-01" status="published"><classification-symbol>B64G1/28</classification-symbol><class-title date-revised="2013-01-01"><title-part><text>using inertia or gyro effect</text></title-part></class-title>
<classification-item breakdown-code="false" not-allocatable="false" level="11" additional-only="false" sort-key="B64G1/281" definition-exists="true" ipc-concordant="B64G1/28" c-set-base-allowed="false" c-set-subsequent-allowed="true" date-revised="2013-01-01" status="published"><classification-symbol>B64G1/281</classification-symbol><class-title date-revised="2013-01-01"><title-part><CPC-specific-text><text>Spin-stabilised spacecraft</text></CPC-specific-text></title-part></class-title></classification-item>
<classification-item breakdown-code="false" not-allocatable="false" level="11" additional-only="false" sort-key="B64G1/283" definition-exists="true" ipc-concordant="B64G1/28" c-set-base-allowed="false" c-set-subsequent-allowed="true" date-revised="2013-01-01" status="published"><classification-symbol>B64G1/283</classification-symbol><class-title date-revised="2013-01-01"><title-part><CPC-specific-text><text>using reaction wheels</text></CPC-specific-text></title-part></class-title></classification-item>
<classification-item breakdown-code="false" not-allocatable="false" level="11" additional-only="false" sort-key="B64G1/285" definition-exists="true" ipc-concordant="B64G1/28" c-set-base-allowed="false" c-set-subsequent-allowed="true" date-revised="2013-01-01" status="published"><classification-symbol>B64G1/285</classification-symbol><class-title date-revised="2013-01-01"><title-part><CPC-specific-text><text>using momentum wheels</text></CPC-specific-text></title-part></class-title></classification-item>
<classification-item breakdown-code="false" not-allocatable="false" level="11" additional-only="false" sort-key="B64G1/286" definition-exists="true" ipc-concordant="B64G1/28" c-set-base-allowed="false" c-set-subsequent-allowed="true" date-revised="2013-01-01" status="published"><classification-symbol>B64G1/286</classification-symbol><class-title date-revised="2013-01-01"><title-part><CPC-specific-text><text>using control momentum gyroscopes (CMGs)</text></CPC-specific-text></title-part></class-title></classification-item></classification-item>
<classification-item breakdown-code="false" not-allocatable="false" level="10" additional-only="false" sort-key="B64G1/32" definition-exists="true" ipc-concordant="B64G1/32" c-set-base-allowed="false" c-set-subsequent-allowed="true" date-revised="2013-01-01" status="published"><classification-symbol>B64G1/32</classification-symbol><class-title date-revised="2013-01-01"><title-part><text>using earth&apos;s magnetic field</text></title-part></class-title></classification-item>
<classification-item breakdown-code="false" not-allocatable="false" level="10" additional-only="false" sort-key="B64G1/34" definition-exists="true" ipc-concordant="B64G1/34" c-set-base-allowed="false" c-set-subsequent-allowed="true" date-revised="2013-01-01" status="published"><classification-symbol>B64G1/34</classification-symbol><class-title date-revised="2013-01-01"><title-part><text>using gravity gradient</text></title-part></class-title></classification-item>
<classification-item breakdown-code="false" not-allocatable="false" level="10" additional-only="false" sort-key="B64G1/36" definition-exists="true" ipc-concordant="B64G1/36" c-set-base-allowed="false" c-set-subsequent-allowed="true" date-revised="2013-01-01" status="published"><classification-symbol>B64G1/36</classification-symbol><class-title date-revised="2013-01-01"><title-part><text>using sensors, e.g. sun-sensors, horizon sensors</text></title-part></class-title>
<classification-item breakdown-code="false" not-allocatable="false" level="11" additional-only="false" sort-key="B64G1/361" definition-exists="true" ipc-concordant="B64G1/36" c-set-base-allowed="false" c-set-subsequent-allowed="true" date-revised="2013-01-01" status="published"><classification-symbol>B64G1/361</classification-symbol><class-title date-revised="2013-01-01"><title-part><CPC-specific-text><text>using star sensors</text></CPC-specific-text></title-part></class-title></classification-item>
<classification-item breakdown-code="false" not-allocatable="false" level="11" additional-only="false" sort-key="B64G1/363" definition-exists="true" ipc-concordant="B64G1/36" c-set-base-allowed="false" c-set-subsequent-allowed="true" date-revised="2013-01-01" status="published"><classification-symbol>B64G1/363</classification-symbol><class-title date-revised="2013-01-01"><title-part><CPC-specific-text><text>using sun sensors</text></CPC-specific-text></title-part></class-title></classification-item>
<classification-item breakdown-code="false" not-allocatable="false" level="11" additional-only="false" sort-key="B64G1/365" definition-exists="true" ipc-concordant="B64G1/36" c-set-base-allowed="false" c-set-subsequent-allowed="true" date-revised="2013-01-01" status="published"><classification-symbol>B64G1/365</classification-symbol><class-title date-revised="2013-01-01"><title-part><CPC-specific-text><text>using horizon or Earth sensors</text></CPC-specific-text></title-part></class-title></classification-item>
<classification-item breakdown-code="false" not-allocatable="false" level="11" additional-only="false" sort-key="B64G1/366" definition-exists="true" ipc-concordant="B64G1/36" c-set-base-allowed="false" c-set-subsequent-allowed="true" date-revised="2013-01-01" status="published"><classification-symbol>B64G1/366</classification-symbol><class-title date-revised="2013-01-01"><title-part><CPC-specific-text><text>using magnetometers</text></CPC-specific-text></title-part></class-title></classification-item>
<classification-item breakdown-code="false" not-allocatable="false" level="11" additional-only="false" sort-key="B64G1/368" definition-exists="true" ipc-concordant="B64G1/36" c-set-base-allowed="false" c-set-subsequent-allowed="true" date-revised="2013-01-01" status="published"><classification-symbol>B64G1/368</classification-symbol><class-title date-revised="2013-01-01"><title-part><CPC-specific-text><text>using gravimeters</text></CPC-specific-text></title-part></class-title></classification-item>
<classification-item breakdown-code="false" not-allocatable="false" level="11" additional-only="false" sort-key="B64G1/369" definition-exists="false" ipc-concordant="B64G1/36" c-set-base-allowed="false" c-set-subsequent-allowed="true" date-revised="2023-08-01" status="published"><classification-symbol>B64G1/369</classification-symbol><class-title date-revised="2023-08-01"><title-part><CPC-specific-text><text>using gyroscopes as attitude sensors</text></CPC-specific-text></title-part></class-title></classification-item></classification-item>
<classification-item breakdown-code="false" not-allocatable="false" level="10" additional-only="false" sort-key="B64G1/38" definition-exists="true" ipc-concordant="B64G1/38" c-set-base-allowed="false" c-set-subsequent-allowed="true" date-revised="2013-01-01" status="published"><classification-symbol>B64G1/38</classification-symbol><class-title date-revised="2013-01-01"><title-part><text>damping of oscillations, e.g. nutation dampers</text></title-part></class-title></classification-item></classification-item>
<classification-item breakdown-code="false" not-allocatable="false" level="9" additional-only="false" sort-key="B64G1/40" definition-exists="true" ipc-concordant="B64G1/40" c-set-base-allowed="false" c-set-subsequent-allowed="true" date-revised="2024-01-01" status="published"><classification-symbol>B64G1/40</classification-symbol><class-title date-revised="2024-01-01"><title-part><text>Arrangements or adaptations of propulsion systems</text></title-part></class-title><notes-and-warnings><note type="warning"><note-paragraph warning-type="reclass-source">Group <class-ref scheme="cpc">B64G1/40</class-ref> is impacted by reclassification into group <class-ref scheme="cpc">B64G1/4005</class-ref>. <br/>Groups <class-ref scheme="cpc">B64G1/40</class-ref> and <class-ref scheme="cpc">B64G1/4005</class-ref> should be considered in order to perform a complete search.</note-paragraph></note></notes-and-warnings>
<classification-item breakdown-code="false" not-allocatable="false" level="10" additional-only="false" sort-key="B64G1/4005" definition-exists="true" ipc-concordant="B64G1/40" c-set-base-allowed="false" c-set-subsequent-allowed="true" date-revised="2023-08-01" status="published"><classification-symbol>B64G1/4005</classification-symbol><class-title date-revised="2023-08-01"><title-part><CPC-specific-text><text>Air-breathing propulsion</text></CPC-specific-text></title-part></class-title><notes-and-warnings><note type="warning"><note-paragraph warning-type="reclass-destination">Group <class-ref scheme="cpc">B64G1/4005</class-ref> is incomplete pending reclassification of documents from groups <class-ref scheme="cpc">B64G1/40</class-ref> and <class-ref scheme="cpc">B64G1/401</class-ref>. <br/>Groups <class-ref scheme="cpc">B64G1/40</class-ref>, <class-ref scheme="cpc">B64G1/401</class-ref> and <class-ref scheme="cpc">B64G1/4005</class-ref> should be considered in order to perform a complete search.</note-paragraph></note></notes-and-warnings></classification-item>
<classification-item breakdown-code="false" not-allocatable="false" level="10" additional-only="false" sort-key="B64G1/401" definition-exists="true" ipc-concordant="B64G1/40" c-set-base-allowed="false" c-set-subsequent-allowed="true" date-revised="2023-08-01" status="published"><classification-symbol>B64G1/401</classification-symbol><class-title date-revised="2023-08-01"><title-part><CPC-specific-text><text>Liquid propellant rocket engines </text><reference><text>Ion or plasma engines <class-ref scheme="cpc">B64G1/413</class-ref>; Arcjets and other resistojets <class-ref scheme="cpc">B64G1/415</class-ref></text></reference></CPC-specific-text></title-part></class-title><notes-and-warnings><note type="warning"><note-paragraph warning-type="reclass-source">Group <class-ref scheme="cpc">B64G1/401</class-ref> is impacted by reclassification into group <class-ref scheme="cpc">B64G1/4005</class-ref>. <br/>Groups <class-ref scheme="cpc">B64G1/401</class-ref> and <class-ref scheme="cpc">B64G1/4005</class-ref> should be considered in order to perform a complete search.</note-paragraph></note></notes-and-warnings></classification-item>
<classification-item breakdown-code="false" not-allocatable="false" level="10" additional-only="false" sort-key="B64G1/402" definition-exists="true" ipc-concordant="B64G1/40" c-set-base-allowed="false" c-set-subsequent-allowed="true" date-revised="2023-08-01" status="published"><classification-symbol>B64G1/402</classification-symbol><class-title date-revised="2023-08-01"><title-part><CPC-specific-text><text>Propellant tanks; Feeding propellants</text></CPC-specific-text></title-part></class-title><notes-and-warnings><note type="warning"><note-paragraph warning-type="reclass-source">Group <class-ref scheme="cpc">B64G1/402</class-ref> is impacted by reclassification into groups <class-ref scheme="cpc">B64G1/4021</class-ref>, <class-ref scheme="cpc">B64G1/4022</class-ref>, <class-ref scheme="cpc">B64G1/4024</class-ref> and <class-ref scheme="cpc">B64G1/4026</class-ref>. <br/>All groups listed in this Warning should be considered in order to perform a complete search.</note-paragraph></note></notes-and-warnings>
<classification-item breakdown-code="false" not-allocatable="false" level="11" additional-only="false" sort-key="B64G1/4021" definition-exists="false" ipc-concordant="B64G1/40" c-set-base-allowed="false" c-set-subsequent-allowed="true" date-revised="2023-08-01" status="published"><classification-symbol>B64G1/4021</classification-symbol><class-title date-revised="2023-08-01"><title-part><CPC-specific-text><text>Tank construction; Details thereof</text></CPC-specific-text></title-part></class-title><notes-and-warnings><note type="warning"><note-paragraph warning-type="reclass-destination">Group <class-ref scheme="cpc">B64G1/4021</class-ref> is incomplete pending reclassification of documents from group <class-ref scheme="cpc">B64G1/402</class-ref>. <br/>Groups <class-ref scheme="cpc">B64G1/402</class-ref> and <class-ref scheme="cpc">B64G1/4021</class-ref> should be considered in order to perform a complete search.</note-paragraph></note></notes-and-warnings></classification-item>
<classification-item breakdown-code="false" not-allocatable="false" level="11" additional-only="false" sort-key="B64G1/4022" definition-exists="false" ipc-concordant="B64G1/40" c-set-base-allowed="false" c-set-subsequent-allowed="true" date-revised="2023-08-01" status="published"><classification-symbol>B64G1/4022</classification-symbol><class-title date-revised="2023-08-01"><title-part><CPC-specific-text><text>Arrangements of tanks in or on spacecraft</text></CPC-specific-text></title-part></class-title><notes-and-warnings><note type="warning"><note-paragraph warning-type="reclass-destination">Group <class-ref scheme="cpc">B64G1/4022</class-ref> is incomplete pending reclassification of documents from group <class-ref scheme="cpc">B64G1/402</class-ref>. <br/>Groups <class-ref scheme="cpc">B64G1/402</class-ref> and <class-ref scheme="cpc">B64G1/4022</class-ref> should be considered in order to perform a complete search.</note-paragraph></note></notes-and-warnings></classification-item>
<classification-item breakdown-code="false" not-allocatable="false" level="11" additional-only="false" sort-key="B64G1/4024" definition-exists="true" ipc-concordant="B64G1/40" c-set-base-allowed="false" c-set-subsequent-allowed="true" date-revised="2024-08-01" status="published"><classification-symbol>B64G1/4024</classification-symbol><class-title date-revised="2024-08-01"><title-part><CPC-specific-text><text>refuelling in space</text></CPC-specific-text></title-part></class-title><notes-and-warnings><note type="warning"><note-paragraph warning-type="reclass-destination">Group <class-ref scheme="cpc">B64G1/4024</class-ref> is incomplete pending reclassification of documents from groups <class-ref scheme="cpc">B64G1/1078</class-ref> and <class-ref scheme="cpc">B64G1/402</class-ref>.<br/>Groups <class-ref scheme="cpc">B64G1/1078</class-ref>, <class-ref scheme="cpc">B64G1/402</class-ref> and <class-ref scheme="cpc">B64G1/4024</class-ref> should be considered in order to perform a complete search.</note-paragraph></note></notes-and-warnings></classification-item>
<classification-item breakdown-code="false" not-allocatable="false" level="11" additional-only="false" sort-key="B64G1/4026" definition-exists="true" ipc-concordant="B64G1/40" c-set-base-allowed="false" c-set-subsequent-allowed="true" date-revised="2023-08-01" status="published"><classification-symbol>B64G1/4026</classification-symbol><class-title date-revised="2023-08-01"><title-part><CPC-specific-text><text>providing propellant to propulsion systems of differing type</text></CPC-specific-text></title-part></class-title><notes-and-warnings><note type="warning"><note-paragraph warning-type="reclass-destination">Group <class-ref scheme="cpc">B64G1/4026</class-ref> is incomplete pending reclassification of documents from group <class-ref scheme="cpc">B64G1/402</class-ref>. <br/>Groups <class-ref scheme="cpc">B64G1/402</class-ref> and <class-ref scheme="cpc">B64G1/4026</class-ref> should be considered in order to perform a complete search.</note-paragraph></note></notes-and-warnings></classification-item></classification-item>
<classification-item breakdown-code="false" not-allocatable="false" level="10" additional-only="false" sort-key="B64G1/403" definition-exists="true" ipc-concordant="B64G1/40" c-set-base-allowed="false" c-set-subsequent-allowed="true" date-revised="2023-08-01" status="published"><classification-symbol>B64G1/403</classification-symbol><class-title date-revised="2023-08-01"><title-part><CPC-specific-text><text>Solid propellant rocket engines</text></CPC-specific-text></title-part></class-title>
<classification-item breakdown-code="false" not-allocatable="false" level="11" additional-only="false" sort-key="B64G1/404" definition-exists="true" ipc-concordant="B64G1/40" c-set-base-allowed="false" c-set-subsequent-allowed="true" date-revised="2023-08-01" status="published"><classification-symbol>B64G1/404</classification-symbol><class-title date-revised="2023-08-01"><title-part><CPC-specific-text><text>Hybrid rocket engines</text></CPC-specific-text></title-part></class-title></classification-item></classification-item>
<classification-item breakdown-code="false" not-allocatable="false" level="10" additional-only="false" sort-key="B64G1/405" definition-exists="false" ipc-concordant="B64G1/40" c-set-base-allowed="false" c-set-subsequent-allowed="true" date-revised="2023-08-01" status="frozen"><classification-symbol>B64G1/405</classification-symbol><class-title date-revised="2013-01-01"><title-part><CPC-specific-text><text>Ion or plasma engines </text><reference><text><u>per se</u> <class-ref scheme="cpc">F03H1/00</class-ref></text></reference></CPC-specific-text></title-part></class-title><notes-and-warnings><note type="warning"><note-paragraph warning-type="reclass-source">Group <class-ref scheme="cpc">B64G1/405</class-ref> is no longer used for the classification of documents as of <reclassification-date>2023-08-01</reclassification-date>. <br/>The content of this group is being reclassified into groups <class-ref scheme="cpc">B64G1/411</class-ref> and <class-ref scheme="cpc">B64G1/413</class-ref>.<br/>Groups <class-ref scheme="cpc">B64G1/405</class-ref>, <class-ref scheme="cpc">B64G1/411</class-ref> and <class-ref scheme="cpc">B64G1/413</class-ref> should be considered in order to perform a complete search.</note-paragraph></note></notes-and-warnings></classification-item>
<classification-item breakdown-code="false" not-allocatable="false" level="10" additional-only="false" sort-key="B64G1/407" definition-exists="true" ipc-concordant="B64G1/40" c-set-base-allowed="false" c-set-subsequent-allowed="true" date-revised="2023-08-01" status="published"><classification-symbol>B64G1/407</classification-symbol><class-title date-revised="2023-08-01"><title-part><CPC-specific-text><text>Solar sailing</text></CPC-specific-text></title-part></class-title></classification-item>
<classification-item breakdown-code="false" not-allocatable="false" level="10" additional-only="false" sort-key="B64G1/408" definition-exists="true" ipc-concordant="B64G1/40" c-set-base-allowed="false" c-set-subsequent-allowed="true" date-revised="2013-01-01" status="published"><classification-symbol>B64G1/408</classification-symbol><class-title date-revised="2013-01-01"><title-part><CPC-specific-text><text>Nuclear spacecraft propulsion</text></CPC-specific-text></title-part></class-title></classification-item>
<classification-item breakdown-code="false" not-allocatable="false" level="10" additional-only="false" sort-key="B64G1/409" definition-exists="true" ipc-concordant="B64G1/40" c-set-base-allowed="false" c-set-subsequent-allowed="true" date-revised="2023-08-01" status="published"><classification-symbol>B64G1/409</classification-symbol><class-title date-revised="2013-01-01"><title-part><CPC-specific-text><text>Unconventional spacecraft propulsion systems</text></CPC-specific-text></title-part></class-title><notes-and-warnings><note type="warning"><note-paragraph warning-type="reclass-source">Group <class-ref scheme="cpc">B64G1/409</class-ref> is impacted by reclassification into groups <class-ref scheme="cpc">B64G1/411</class-ref> and <class-ref scheme="cpc">B64G1/417</class-ref>. <br/>Groups <class-ref scheme="cpc">B64G1/409</class-ref>, <class-ref scheme="cpc">B64G1/411</class-ref> and <class-ref scheme="cpc">B64G1/417</class-ref> should be considered in order to perform a complete search.</note-paragraph></note></notes-and-warnings></classification-item>
<classification-item breakdown-code="false" not-allocatable="false" level="10" additional-only="false" sort-key="B64G1/411" definition-exists="false" ipc-concordant="B64G1/40" c-set-base-allowed="false" c-set-subsequent-allowed="true" date-revised="2023-08-01" status="published"><classification-symbol>B64G1/411</classification-symbol><class-title date-revised="2023-08-01"><title-part><CPC-specific-text><text>Electric propulsion</text></CPC-specific-text></title-part></class-title><notes-and-warnings><note type="warning"><note-paragraph warning-type="reclass-destination">Group <class-ref scheme="cpc">B64G1/411</class-ref> is incomplete pending reclassification of documents from groups <class-ref scheme="cpc">B64G1/405</class-ref> and <class-ref scheme="cpc">B64G1/409</class-ref>. <br/>Groups <class-ref scheme="cpc">B64G1/405</class-ref>, <class-ref scheme="cpc">B64G1/409</class-ref> and <class-ref scheme="cpc">B64G1/411</class-ref> should be considered in order to perform a complete search.</note-paragraph></note></notes-and-warnings>
<classification-item breakdown-code="false" not-allocatable="false" level="11" additional-only="false" sort-key="B64G1/413" definition-exists="true" ipc-concordant="B64G1/40" c-set-base-allowed="false" c-set-subsequent-allowed="true" date-revised="2023-08-01" status="published"><classification-symbol>B64G1/413</classification-symbol><class-title date-revised="2023-08-01"><title-part><CPC-specific-text><text>Ion or plasma engines</text></CPC-specific-text></title-part></class-title><notes-and-warnings><note type="warning"><note-paragraph warning-type="reclass-destination">Group <class-ref scheme="cpc">B64G1/413</class-ref> is incomplete pending reclassification of documents from group <class-ref scheme="cpc">B64G1/405</class-ref>. <br/>Groups <class-ref scheme="cpc">B64G1/405</class-ref> and <class-ref scheme="cpc">B64G1/413</class-ref> should be considered in order to perform a complete search.</note-paragraph></note></notes-and-warnings></classification-item>
<classification-item breakdown-code="false" not-allocatable="false" level="11" additional-only="false" sort-key="B64G1/415" definition-exists="true" ipc-concordant="B64G1/40" c-set-base-allowed="false" c-set-subsequent-allowed="true" date-revised="2023-08-01" status="published"><classification-symbol>B64G1/415</classification-symbol><class-title date-revised="2023-08-01"><title-part><CPC-specific-text><text>Arcjets or resistojets</text></CPC-specific-text></title-part></class-title></classification-item>
<classification-item breakdown-code="false" not-allocatable="false" level="11" additional-only="false" sort-key="B64G1/417" definition-exists="true" ipc-concordant="B64G1/40" c-set-base-allowed="false" c-set-subsequent-allowed="true" date-revised="2023-08-01" status="published"><classification-symbol>B64G1/417</classification-symbol><class-title date-revised="2023-08-01"><title-part><CPC-specific-text><text>Electromagnetic fields or flux without mass expulsion</text></CPC-specific-text></title-part></class-title><notes-and-warnings><note type="warning"><note-paragraph warning-type="reclass-destination">Group <class-ref scheme="cpc">B64G1/417</class-ref> is incomplete pending reclassification of documents from group <class-ref scheme="cpc">B64G1/409</class-ref>. <br/>Groups <class-ref scheme="cpc">B64G1/409</class-ref> and <class-ref scheme="cpc">B64G1/417</class-ref> should be considered in order to perform a complete search.</note-paragraph></note></notes-and-warnings></classification-item></classification-item></classification-item>
<classification-item breakdown-code="false" not-allocatable="false" level="9" additional-only="false" sort-key="B64G1/42" definition-exists="true" ipc-concordant="B64G1/42" c-set-base-allowed="false" c-set-subsequent-allowed="true" date-revised="2024-01-01" status="published"><classification-symbol>B64G1/42</classification-symbol><class-title date-revised="2024-01-01"><title-part><text>Arrangements or adaptations of power supply systems</text></title-part></class-title>
<classification-item breakdown-code="false" not-allocatable="false" level="10" additional-only="false" sort-key="B64G1/421" definition-exists="true" ipc-concordant="B64G1/42" c-set-base-allowed="false" c-set-subsequent-allowed="true" date-revised="2013-01-01" status="published"><classification-symbol>B64G1/421</classification-symbol><class-title date-revised="2013-01-01"><title-part><CPC-specific-text><text>Non-solar power generation</text></CPC-specific-text></title-part></class-title>
<classification-item breakdown-code="false" not-allocatable="false" level="11" additional-only="false" sort-key="B64G1/422" definition-exists="true" ipc-concordant="B64G1/42" c-set-base-allowed="false" c-set-subsequent-allowed="true" date-revised="2013-01-01" status="published"><classification-symbol>B64G1/422</classification-symbol><class-title date-revised="2013-01-01"><title-part><CPC-specific-text><text>Nuclear power generation</text></CPC-specific-text></title-part></class-title></classification-item>
<classification-item breakdown-code="false" not-allocatable="false" level="11" additional-only="false" sort-key="B64G1/423" definition-exists="true" ipc-concordant="B64G1/42" c-set-base-allowed="false" c-set-subsequent-allowed="true" date-revised="2013-01-01" status="published"><classification-symbol>B64G1/423</classification-symbol><class-title date-revised="2013-01-01"><title-part><CPC-specific-text><text>Fuel cells</text></CPC-specific-text></title-part></class-title></classification-item></classification-item>
<classification-item breakdown-code="false" not-allocatable="false" level="10" additional-only="false" sort-key="B64G1/425" definition-exists="true" ipc-concordant="B64G1/42" c-set-base-allowed="false" c-set-subsequent-allowed="true" date-revised="2013-01-01" status="published"><classification-symbol>B64G1/425</classification-symbol><class-title date-revised="2013-01-01"><title-part><CPC-specific-text><text>Power storage</text></CPC-specific-text></title-part></class-title>
<classification-item breakdown-code="false" not-allocatable="false" level="11" additional-only="false" sort-key="B64G1/426" definition-exists="true" ipc-concordant="B64G1/42" c-set-base-allowed="false" c-set-subsequent-allowed="true" date-revised="2013-01-01" status="published"><classification-symbol>B64G1/426</classification-symbol><class-title date-revised="2013-01-01"><title-part><CPC-specific-text><text>Flywheels</text></CPC-specific-text></title-part></class-title></classification-item>
<classification-item breakdown-code="false" not-allocatable="false" level="11" additional-only="false" sort-key="B64G1/427" definition-exists="true" ipc-concordant="B64G1/42" c-set-base-allowed="false" c-set-subsequent-allowed="true" date-revised="2013-01-01" status="published"><classification-symbol>B64G1/427</classification-symbol><class-title date-revised="2013-01-01"><title-part><CPC-specific-text><text>Thermal power storage</text></CPC-specific-text></title-part></class-title></classification-item></classification-item>
<classification-item breakdown-code="false" not-allocatable="false" level="10" additional-only="false" sort-key="B64G1/428" definition-exists="true" ipc-concordant="B64G1/42" c-set-base-allowed="false" c-set-subsequent-allowed="true" date-revised="2023-08-01" status="published"><classification-symbol>B64G1/428</classification-symbol><class-title date-revised="2013-01-01"><title-part><CPC-specific-text><text>Power distribution and management</text></CPC-specific-text></title-part></class-title><notes-and-warnings><note type="warning"><note-paragraph warning-type="reclass-source">Group <class-ref scheme="cpc">B64G1/428</class-ref> is impacted by reclassification into group <class-ref scheme="cpc">B64G1/4282</class-ref>. <br/>Groups <class-ref scheme="cpc">B64G1/428</class-ref> and <class-ref scheme="cpc">B64G1/4282</class-ref> should be considered in order to perform a complete search.</note-paragraph></note></notes-and-warnings>
<classification-item breakdown-code="false" not-allocatable="false" level="11" additional-only="false" sort-key="B64G1/4282" definition-exists="true" ipc-concordant="B64G1/42" c-set-base-allowed="false" c-set-subsequent-allowed="true" date-revised="2023-08-01" status="published"><classification-symbol>B64G1/4282</classification-symbol><class-title date-revised="2023-08-01"><title-part><CPC-specific-text><text>for transmitting power to earth or other spacecraft</text></CPC-specific-text></title-part></class-title><notes-and-warnings><note type="warning"><note-paragraph warning-type="reclass-destination">Group <class-ref scheme="cpc">B64G1/4282</class-ref> is incomplete pending reclassification of documents from group <class-ref scheme="cpc">B64G1/428</class-ref>. <br/>Groups <class-ref scheme="cpc">B64G1/428</class-ref> and <class-ref scheme="cpc">B64G1/4282</class-ref> should be considered in order to perform a complete search.</note-paragraph></note></notes-and-warnings></classification-item></classification-item>
<classification-item breakdown-code="false" not-allocatable="false" level="10" additional-only="false" sort-key="B64G1/44" definition-exists="true" ipc-concordant="B64G1/44" c-set-base-allowed="false" c-set-subsequent-allowed="true" date-revised="2024-01-01" status="published"><classification-symbol>B64G1/44</classification-symbol><class-title date-revised="2024-01-01"><title-part><text>using radiation, e.g. deployable solar arrays</text></title-part></class-title>
<classification-item breakdown-code="false" not-allocatable="false" level="11" additional-only="false" sort-key="B64G1/443" definition-exists="true" ipc-concordant="B64G1/44" c-set-base-allowed="false" c-set-subsequent-allowed="true" date-revised="2013-01-01" status="published"><classification-symbol>B64G1/443</classification-symbol><class-title date-revised="2013-01-01"><title-part><CPC-specific-text><text>Photovoltaic cell arrays</text></CPC-specific-text></title-part></class-title></classification-item>
<classification-item breakdown-code="false" not-allocatable="false" level="11" additional-only="false" sort-key="B64G1/446" definition-exists="true" ipc-concordant="B64G1/44" c-set-base-allowed="false" c-set-subsequent-allowed="true" date-revised="2013-01-01" status="published"><classification-symbol>B64G1/446</classification-symbol><class-title date-revised="2013-01-01"><title-part><CPC-specific-text><text>Thermal solar power generation</text></CPC-specific-text></title-part></class-title></classification-item></classification-item></classification-item>
<classification-item breakdown-code="false" not-allocatable="false" level="9" additional-only="false" sort-key="B64G1/46" definition-exists="true" ipc-concordant="B64G1/46" c-set-base-allowed="false" c-set-subsequent-allowed="true" date-revised="2024-01-01" status="published"><classification-symbol>B64G1/46</classification-symbol><class-title date-revised="2024-01-01"><title-part><text>Arrangements or adaptations of devices for control of environment or living conditions</text></title-part></class-title><notes-and-warnings><note type="warning"><note-paragraph warning-type="reclass-source">Group <class-ref scheme="cpc">B64G1/46</class-ref> is impacted by reclassification into group <class-ref scheme="cpc">B64G1/465</class-ref>. <br/>Groups <class-ref scheme="cpc">B64G1/46</class-ref> and <class-ref scheme="cpc">B64G1/465</class-ref> should be considered in order to perform a complete search.</note-paragraph></note></notes-and-warnings>
<classification-item breakdown-code="false" not-allocatable="false" level="10" additional-only="false" sort-key="B64G1/465" definition-exists="false" ipc-concordant="B64G1/46" c-set-base-allowed="false" c-set-subsequent-allowed="true" date-revised="2023-08-01" status="published"><classification-symbol>B64G1/465</classification-symbol><class-title date-revised="2023-08-01"><title-part><CPC-specific-text><text>for controlling gravity</text></CPC-specific-text></title-part></class-title><notes-and-warnings><note type="warning"><note-paragraph warning-type="reclass-destination">Group <class-ref scheme="cpc">B64G1/465</class-ref> is incomplete pending reclassification of documents from groups <class-ref scheme="cpc">B64G1/46</class-ref> and <class-ref scheme="cpc">B64G1/60</class-ref>. <br/>Groups <class-ref scheme="cpc">B64G1/46</class-ref>, <class-ref scheme="cpc">B64G1/465</class-ref> and <class-ref scheme="cpc">B64G1/60</class-ref> should be considered in order to perform a complete search.</note-paragraph></note></notes-and-warnings></classification-item>
<classification-item breakdown-code="false" not-allocatable="false" level="10" additional-only="false" sort-key="B64G1/48" definition-exists="true" ipc-concordant="B64G1/48" c-set-base-allowed="false" c-set-subsequent-allowed="true" date-revised="2024-01-01" status="published"><classification-symbol>B64G1/48</classification-symbol><class-title date-revised="2024-01-01"><title-part><text>for treatment of the atmosphere </text><reference><text><class-ref scheme="cpc">B64G1/50</class-ref> takes precedence</text></reference></title-part></class-title></classification-item>
<classification-item breakdown-code="false" not-allocatable="false" level="10" additional-only="false" sort-key="B64G1/50" definition-exists="true" ipc-concordant="B64G1/50" c-set-base-allowed="false" c-set-subsequent-allowed="true" date-revised="2024-01-01" status="published"><classification-symbol>B64G1/50</classification-symbol><class-title date-revised="2024-01-01"><title-part><text>for temperature control</text></title-part></class-title>
<classification-item breakdown-code="false" not-allocatable="false" level="11" additional-only="false" sort-key="B64G1/503" definition-exists="true" ipc-concordant="B64G1/50" c-set-base-allowed="false" c-set-subsequent-allowed="true" date-revised="2013-01-01" status="published"><classification-symbol>B64G1/503</classification-symbol><class-title date-revised="2013-01-01"><title-part><CPC-specific-text><text>Radiator panels</text></CPC-specific-text></title-part></class-title></classification-item>
<classification-item breakdown-code="false" not-allocatable="false" level="11" additional-only="false" sort-key="B64G1/506" definition-exists="true" ipc-concordant="B64G1/50" c-set-base-allowed="false" c-set-subsequent-allowed="true" date-revised="2013-01-01" status="published"><classification-symbol>B64G1/506</classification-symbol><class-title date-revised="2013-01-01"><title-part><CPC-specific-text><text>Heat pipes</text></CPC-specific-text></title-part></class-title></classification-item></classification-item></classification-item>
<classification-item breakdown-code="false" not-allocatable="false" level="9" additional-only="false" sort-key="B64G1/52" definition-exists="true" ipc-concordant="B64G1/52" c-set-base-allowed="false" c-set-subsequent-allowed="true" date-revised="2024-01-01" status="published"><classification-symbol>B64G1/52</classification-symbol><class-title date-revised="2024-01-01"><title-part><text>Protection, safety or emergency devices</text></title-part><title-part><text>Survival aids</text></title-part></class-title>
<classification-item breakdown-code="false" not-allocatable="false" level="10" additional-only="false" sort-key="B64G1/525" definition-exists="true" ipc-concordant="B64G1/52" c-set-base-allowed="false" c-set-subsequent-allowed="true" date-revised="2023-08-01" status="published"><classification-symbol>B64G1/525</classification-symbol><class-title date-revised="2023-08-01"><title-part><CPC-specific-text><text>Survival aids</text></CPC-specific-text></title-part></class-title></classification-item>
<classification-item breakdown-code="false" not-allocatable="false" level="10" additional-only="false" sort-key="B64G1/54" definition-exists="true" ipc-concordant="B64G1/54" c-set-base-allowed="false" c-set-subsequent-allowed="true" date-revised="2024-01-01" status="published"><classification-symbol>B64G1/54</classification-symbol><class-title date-revised="2024-01-01"><title-part><text>Protection against radiation</text></title-part></class-title>
<classification-item breakdown-code="false" not-allocatable="false" level="11" additional-only="false" sort-key="B64G1/543" definition-exists="false" ipc-concordant="B64G1/54" c-set-base-allowed="false" c-set-subsequent-allowed="true" date-revised="2013-01-01" status="published"><classification-symbol>B64G1/543</classification-symbol><class-title date-revised="2013-01-01"><title-part><CPC-specific-text><text>protecting the crew in manned spacecraft</text></CPC-specific-text></title-part></class-title></classification-item>
<classification-item breakdown-code="false" not-allocatable="false" level="11" additional-only="false" sort-key="B64G1/546" definition-exists="true" ipc-concordant="B64G1/54" c-set-base-allowed="false" c-set-subsequent-allowed="true" date-revised="2013-01-01" status="published"><classification-symbol>B64G1/546</classification-symbol><class-title date-revised="2013-01-01"><title-part><CPC-specific-text><text>shielding electronic equipment</text></CPC-specific-text></title-part></class-title></classification-item></classification-item>
<classification-item breakdown-code="false" not-allocatable="false" level="10" additional-only="false" sort-key="B64G1/56" definition-exists="true" ipc-concordant="B64G1/56" c-set-base-allowed="false" c-set-subsequent-allowed="true" date-revised="2024-01-01" status="published"><classification-symbol>B64G1/56</classification-symbol><class-title date-revised="2024-01-01"><title-part><text>Protection against meteoroids or space debris</text></title-part></class-title></classification-item>
<classification-item breakdown-code="false" not-allocatable="false" level="10" additional-only="false" sort-key="B64G1/58" definition-exists="true" ipc-concordant="B64G1/58" c-set-base-allowed="false" c-set-subsequent-allowed="true" date-revised="2024-01-01" status="published"><classification-symbol>B64G1/58</classification-symbol><class-title date-revised="2024-01-01"><title-part><text>Thermal protection, e.g. heat shields</text></title-part></class-title></classification-item></classification-item>
<classification-item breakdown-code="false" not-allocatable="false" level="9" additional-only="false" sort-key="B64G1/60" definition-exists="true" ipc-concordant="B64G1/60" c-set-base-allowed="false" c-set-subsequent-allowed="true" date-revised="2023-08-01" status="published"><classification-symbol>B64G1/60</classification-symbol><class-title date-revised="2017-05-01"><title-part><text>Crew or passenger accommodations</text></title-part></class-title><notes-and-warnings><note type="warning"><note-paragraph warning-type="reclass-source">Group <class-ref scheme="cpc">B64G1/60</class-ref> is impacted by reclassification into group <class-ref scheme="cpc">B64G1/465</class-ref>. <br/>Groups <class-ref scheme="cpc">B64G1/465</class-ref> and <class-ref scheme="cpc">B64G1/60</class-ref> should be considered in order to perform a complete search.</note-paragraph></note></notes-and-warnings></classification-item>
<classification-item breakdown-code="false" not-allocatable="false" level="9" additional-only="false" sort-key="B64G1/62" definition-exists="true" ipc-concordant="B64G1/62" c-set-base-allowed="false" c-set-subsequent-allowed="true" date-revised="2023-08-01" status="published"><classification-symbol>B64G1/62</classification-symbol><class-title date-revised="2013-01-01"><title-part><text>Systems for re-entry into the earth&apos;s atmosphere</text></title-part><title-part><text>Retarding or landing devices</text></title-part></class-title><notes-and-warnings><note type="warning"><note-paragraph warning-type="reclass-source">Group <class-ref scheme="cpc">B64G1/62</class-ref> is impacted by reclassification into groups <class-ref scheme="cpc">B64G1/623</class-ref> and <class-ref scheme="cpc">B64G1/625</class-ref>. <br/>Groups <class-ref scheme="cpc">B64G1/62</class-ref>, <class-ref scheme="cpc">B64G1/623</class-ref> and <class-ref scheme="cpc">B64G1/625</class-ref> should be considered in order to perform a complete search.</note-paragraph></note></notes-and-warnings>
<classification-item breakdown-code="false" not-allocatable="false" level="10" additional-only="false" sort-key="B64G1/623" definition-exists="true" ipc-concordant="B64G1/62" c-set-base-allowed="false" c-set-subsequent-allowed="true" date-revised="2023-08-01" status="published"><classification-symbol>B64G1/623</classification-symbol><class-title date-revised="2023-08-01"><title-part><CPC-specific-text><text>Retarding devices, e.g. retrorockets</text></CPC-specific-text></title-part></class-title><notes-and-warnings><note type="warning"><note-paragraph warning-type="reclass-destination">Group <class-ref scheme="cpc">B64G1/623</class-ref> is incomplete pending reclassification of documents from group <class-ref scheme="cpc">B64G1/62</class-ref>. <br/>Groups <class-ref scheme="cpc">B64G1/62</class-ref> and <class-ref scheme="cpc">B64G1/623</class-ref> should be considered in order to perform a complete search.</note-paragraph></note></notes-and-warnings></classification-item>
<classification-item breakdown-code="false" not-allocatable="false" level="10" additional-only="false" sort-key="B64G1/625" definition-exists="true" ipc-concordant="B64G1/62" c-set-base-allowed="false" c-set-subsequent-allowed="true" date-revised="2023-08-01" status="published"><classification-symbol>B64G1/625</classification-symbol><class-title date-revised="2023-08-01"><title-part><CPC-specific-text><text>Landing devices; Undercarriages</text></CPC-specific-text></title-part></class-title><notes-and-warnings><note type="warning"><note-paragraph warning-type="reclass-destination">Group <class-ref scheme="cpc">B64G1/625</class-ref> is incomplete pending reclassification of documents from group <class-ref scheme="cpc">B64G1/62</class-ref>. <br/>Groups <class-ref scheme="cpc">B64G1/62</class-ref> and <class-ref scheme="cpc">B64G1/625</class-ref> should be considered in order to perform a complete search.</note-paragraph></note></notes-and-warnings></classification-item></classification-item>
<classification-item breakdown-code="false" not-allocatable="false" level="9" additional-only="false" sort-key="B64G1/64" definition-exists="true" ipc-concordant="B64G1/64" c-set-base-allowed="false" c-set-subsequent-allowed="true" date-revised="2013-01-01" status="published"><classification-symbol>B64G1/64</classification-symbol><class-title date-revised="2013-01-01"><title-part><text>Systems for coupling or separating cosmonautic vehicles or parts thereof, e.g. docking arrangements</text></title-part></class-title>
<classification-item breakdown-code="false" not-allocatable="false" level="10" additional-only="false" sort-key="B64G1/641" definition-exists="true" ipc-concordant="B64G1/64" c-set-base-allowed="false" c-set-subsequent-allowed="true" date-revised="2023-08-01" status="published"><classification-symbol>B64G1/641</classification-symbol><class-title date-revised="2023-08-01"><title-part><CPC-specific-text><text>Interstage or payload connectors </text><reference><text>docking systems <class-ref scheme="cpc">B64G1/646</class-ref></text></reference></CPC-specific-text></title-part></class-title><notes-and-warnings><note type="warning"><note-paragraph warning-type="reclass-source">Group <class-ref scheme="cpc">B64G1/641</class-ref> is impacted by reclassification into groups <class-ref scheme="cpc">B64G1/642</class-ref>, <class-ref scheme="cpc">B64G1/6425</class-ref> and <class-ref scheme="cpc">B64G1/643</class-ref>. <br/>All groups listed in this Warning should be considered in order to perform a complete search.</note-paragraph></note></notes-and-warnings>
<classification-item breakdown-code="false" not-allocatable="false" level="11" additional-only="false" sort-key="B64G1/642" definition-exists="false" ipc-concordant="B64G1/64" c-set-base-allowed="false" c-set-subsequent-allowed="true" date-revised="2023-08-01" status="published"><classification-symbol>B64G1/642</classification-symbol><class-title date-revised="2023-08-01"><title-part><CPC-specific-text><text>Clamps, e.g. Marman clamps</text></CPC-specific-text></title-part></class-title><notes-and-warnings><note type="warning"><note-paragraph warning-type="reclass-destination">Group <class-ref scheme="cpc">B64G1/642</class-ref> is incomplete pending reclassification of documents from group <class-ref scheme="cpc">B64G1/641</class-ref>. <br/>Groups <class-ref scheme="cpc">B64G1/641</class-ref> and <class-ref scheme="cpc">B64G1/642</class-ref> should be considered in order to perform a complete search.</note-paragraph></note></notes-and-warnings></classification-item>
<classification-item breakdown-code="false" not-allocatable="false" level="11" additional-only="false" sort-key="B64G1/6425" definition-exists="false" ipc-concordant="B64G1/64" c-set-base-allowed="false" c-set-subsequent-allowed="true" date-revised="2023-08-01" status="published"><classification-symbol>B64G1/6425</classification-symbol><class-title date-revised="2023-08-01"><title-part><CPC-specific-text><text>arrangements for damping vibrations</text></CPC-specific-text></title-part></class-title><notes-and-warnings><note type="warning"><note-paragraph warning-type="reclass-destination">Group <class-ref scheme="cpc">B64G1/6425</class-ref> is incomplete pending reclassification of documents from group <class-ref scheme="cpc">B64G1/641</class-ref>. <br/>Groups <class-ref scheme="cpc">B64G1/641</class-ref> and <class-ref scheme="cpc">B64G1/6425</class-ref> should be considered in order to perform a complete search.</note-paragraph></note></notes-and-warnings></classification-item>
<classification-item breakdown-code="false" not-allocatable="false" level="11" additional-only="false" sort-key="B64G1/643" definition-exists="true" ipc-concordant="B64G1/64" c-set-base-allowed="false" c-set-subsequent-allowed="true" date-revised="2023-08-01" status="published"><classification-symbol>B64G1/643</classification-symbol><class-title date-revised="2023-08-01"><title-part><CPC-specific-text><text>for arranging multiple satellites in a single launcher</text></CPC-specific-text></title-part></class-title><notes-and-warnings><note type="warning"><note-paragraph warning-type="reclass-destination">Group <class-ref scheme="cpc">B64G1/643</class-ref> is incomplete pending reclassification of documents from group <class-ref scheme="cpc">B64G1/641</class-ref>. <br/>Group <class-ref scheme="cpc">B64G1/643</class-ref> is also impacted by reclassification into group <class-ref scheme="cpc">B64G1/644</class-ref>. <br/>Groups <class-ref scheme="cpc">B64G1/641</class-ref>, <class-ref scheme="cpc">B64G1/643</class-ref> and <class-ref scheme="cpc">B64G1/644</class-ref> should be considered in order to perform a complete search.</note-paragraph></note></notes-and-warnings>
<classification-item breakdown-code="false" not-allocatable="false" level="12" additional-only="false" sort-key="B64G1/644" definition-exists="true" ipc-concordant="B64G1/64" c-set-base-allowed="false" c-set-subsequent-allowed="true" date-revised="2023-08-01" status="published"><classification-symbol>B64G1/644</classification-symbol><class-title date-revised="2023-08-01"><title-part><CPC-specific-text><text>arranged for independent deployment</text></CPC-specific-text></title-part></class-title><notes-and-warnings><note type="warning"><note-paragraph warning-type="reclass-destination">Group <class-ref scheme="cpc">B64G1/644</class-ref> is incomplete pending reclassification of documents from group <class-ref scheme="cpc">B64G1/643</class-ref>. <br/>Groups <class-ref scheme="cpc">B64G1/643</class-ref> and <class-ref scheme="cpc">B64G1/644</class-ref> should be considered in order to perform a complete search.</note-paragraph></note></notes-and-warnings></classification-item></classification-item></classification-item>
<classification-item breakdown-code="false" not-allocatable="false" level="10" additional-only="false" sort-key="B64G1/645" definition-exists="true" ipc-concordant="B64G1/64" c-set-base-allowed="false" c-set-subsequent-allowed="true" date-revised="2023-08-01" status="published"><classification-symbol>B64G1/645</classification-symbol><class-title date-revised="2013-01-01"><title-part><CPC-specific-text><text>Separators</text></CPC-specific-text></title-part></class-title><notes-and-warnings><note type="warning"><note-paragraph warning-type="reclass-source">Group <class-ref scheme="cpc">B64G1/645</class-ref> is impacted by reclassification into groups <class-ref scheme="cpc">B64G1/6455</class-ref>, <class-ref scheme="cpc">B64G1/6457</class-ref> and <class-ref scheme="cpc">B64G1/6459</class-ref>. <br/>All groups listed in this Warning should be considered in order to perform a complete search.</note-paragraph></note></notes-and-warnings>
<classification-item breakdown-code="false" not-allocatable="false" level="11" additional-only="false" sort-key="B64G1/6455" definition-exists="true" ipc-concordant="B64G1/64" c-set-base-allowed="false" c-set-subsequent-allowed="true" date-revised="2023-08-01" status="published"><classification-symbol>B64G1/6455</classification-symbol><class-title date-revised="2023-08-01"><title-part><CPC-specific-text><text>Pyrotechnics; Using heat</text></CPC-specific-text></title-part></class-title><notes-and-warnings><note type="warning"><note-paragraph warning-type="reclass-destination">Group <class-ref scheme="cpc">B64G1/6455</class-ref> is incomplete pending reclassification of documents from group <class-ref scheme="cpc">B64G1/645</class-ref>. <br/>Groups <class-ref scheme="cpc">B64G1/645</class-ref> and <class-ref scheme="cpc">B64G1/6455</class-ref> should be considered in order to perform a complete search.</note-paragraph></note></notes-and-warnings></classification-item>
<classification-item breakdown-code="false" not-allocatable="false" level="11" additional-only="false" sort-key="B64G1/6457" definition-exists="false" ipc-concordant="B64G1/64" c-set-base-allowed="false" c-set-subsequent-allowed="true" date-revised="2023-08-01" status="published"><classification-symbol>B64G1/6457</classification-symbol><class-title date-revised="2023-08-01"><title-part><CPC-specific-text><text>Springs; Shape memory actuators</text></CPC-specific-text></title-part></class-title><notes-and-warnings><note type="warning"><note-paragraph warning-type="reclass-destination">Group <class-ref scheme="cpc">B64G1/6457</class-ref> is incomplete pending reclassification of documents from group <class-ref scheme="cpc">B64G1/645</class-ref>. <br/>Groups <class-ref scheme="cpc">B64G1/645</class-ref> and <class-ref scheme="cpc">B64G1/6457</class-ref> should be considered in order to perform a complete search.</note-paragraph></note></notes-and-warnings></classification-item>
<classification-item breakdown-code="false" not-allocatable="false" level="11" additional-only="false" sort-key="B64G1/6459" definition-exists="false" ipc-concordant="B64G1/64" c-set-base-allowed="false" c-set-subsequent-allowed="true" date-revised="2023-08-01" status="published"><classification-symbol>B64G1/6459</classification-symbol><class-title date-revised="2023-08-01"><title-part><CPC-specific-text><text>Fluid-actuated</text></CPC-specific-text></title-part></class-title><notes-and-warnings><note type="warning"><note-paragraph warning-type="reclass-destination">Group <class-ref scheme="cpc">B64G1/6459</class-ref> is incomplete pending reclassification of documents from group <class-ref scheme="cpc">B64G1/645</class-ref>. <br/>Groups <class-ref scheme="cpc">B64G1/645</class-ref> and <class-ref scheme="cpc">B64G1/6459</class-ref> should be considered in order to perform a complete search.</note-paragraph></note></notes-and-warnings></classification-item></classification-item>
<classification-item breakdown-code="false" not-allocatable="false" level="10" additional-only="false" sort-key="B64G1/646" definition-exists="true" ipc-concordant="B64G1/64" c-set-base-allowed="false" c-set-subsequent-allowed="true" date-revised="2024-08-01" status="published"><classification-symbol>B64G1/646</classification-symbol><class-title date-revised="2024-08-01"><title-part><CPC-specific-text><text>Docking or rendezvous systems </text><reference><text>refuelling in space <class-ref scheme="cpc">B64G1/4024</class-ref></text></reference></CPC-specific-text></title-part></class-title><notes-and-warnings><note type="warning"><note-paragraph warning-type="reclass-source">Group <class-ref scheme="cpc">B64G1/646</class-ref> is impacted by reclassification into groups <class-ref scheme="cpc">B64G1/6462</class-ref> and <class-ref scheme="cpc">B64G1/6464</class-ref>. <br/>Groups <class-ref scheme="cpc">B64G1/646</class-ref>, <class-ref scheme="cpc">B64G1/6462</class-ref> and <class-ref scheme="cpc">B64G1/6464</class-ref> should be considered in order to perform a complete search.</note-paragraph></note></notes-and-warnings>
<classification-item breakdown-code="false" not-allocatable="false" level="11" additional-only="false" sort-key="B64G1/6462" definition-exists="false" ipc-concordant="B64G1/64" c-set-base-allowed="false" c-set-subsequent-allowed="true" date-revised="2023-08-01" status="published"><classification-symbol>B64G1/6462</classification-symbol><class-title date-revised="2023-08-01"><title-part><CPC-specific-text><text>characterised by the means for engaging other vehicles</text></CPC-specific-text></title-part></class-title><notes-and-warnings><note type="warning"><note-paragraph warning-type="reclass-destination">Groups <class-ref scheme="cpc">B64G1/6462</class-ref> and <class-ref scheme="cpc">B64G1/6464</class-ref> are incomplete pending reclassification of documents from group <class-ref scheme="cpc">B64G1/646</class-ref>.<br/>Groups <class-ref scheme="cpc">B64G1/646</class-ref>, <class-ref scheme="cpc">B64G1/6462</class-ref> and <class-ref scheme="cpc">B64G1/6464</class-ref> should be considered in order to perform a complete search.</note-paragraph></note></notes-and-warnings>
<classification-item breakdown-code="false" not-allocatable="false" level="12" additional-only="false" sort-key="B64G1/6464" definition-exists="false" ipc-concordant="B64G1/64" c-set-base-allowed="false" c-set-subsequent-allowed="true" date-revised="2023-08-01" status="published"><classification-symbol>B64G1/6464</classification-symbol><class-title date-revised="2023-08-01"><title-part><CPC-specific-text><text>Docking probes and receivers</text></CPC-specific-text></title-part></class-title></classification-item></classification-item></classification-item>
<classification-item breakdown-code="false" not-allocatable="false" level="10" additional-only="false" sort-key="B64G1/648" definition-exists="true" ipc-concordant="B64G1/64" c-set-base-allowed="false" c-set-subsequent-allowed="true" date-revised="2013-01-01" status="published"><classification-symbol>B64G1/648</classification-symbol><class-title date-revised="2013-01-01"><title-part><CPC-specific-text><text>Tethers</text></CPC-specific-text></title-part></class-title></classification-item></classification-item>
<classification-item breakdown-code="false" not-allocatable="false" level="9" additional-only="false" sort-key="B64G1/66" definition-exists="true" ipc-concordant="B64G1/66" c-set-base-allowed="false" c-set-subsequent-allowed="true" date-revised="2024-01-01" status="published"><classification-symbol>B64G1/66</classification-symbol><class-title date-revised="2024-01-01"><title-part><text>Arrangements or adaptations of apparatus or instruments, not otherwise provided for</text></title-part></class-title>
<classification-item breakdown-code="false" not-allocatable="false" level="10" additional-only="false" sort-key="B64G1/68" definition-exists="true" ipc-concordant="B64G1/68" c-set-base-allowed="false" c-set-subsequent-allowed="true" date-revised="2023-01-01" status="published"><classification-symbol>B64G1/68</classification-symbol><class-title date-revised="2023-01-01"><title-part><text>of meteoroid or space debris detectors</text></title-part></class-title></classification-item></classification-item></classification-item></classification-item>
<classification-item breakdown-code="false" not-allocatable="false" level="7" additional-only="false" sort-key="B64G3/00" definition-exists="true" ipc-concordant="B64G3/00" c-set-base-allowed="false" c-set-subsequent-allowed="true" date-revised="2024-01-01" status="published"><classification-symbol>B64G3/00</classification-symbol><class-title date-revised="2024-01-01"><title-part><text>Observing or tracking cosmonautic vehicles</text></title-part></class-title></classification-item>
<classification-item breakdown-code="false" not-allocatable="false" level="7" additional-only="false" sort-key="B64G4/00" definition-exists="true" ipc-concordant="B64G4/00" c-set-base-allowed="false" c-set-subsequent-allowed="true" date-revised="2013-01-01" status="published"><classification-symbol>B64G4/00</classification-symbol><class-title date-revised="2013-01-01"><title-part><text>Tools specially adapted for use in space</text></title-part></class-title>
<classification-item breakdown-code="true" not-allocatable="false" level="8" additional-only="true" sort-key="B64G4/005" definition-exists="false" ipc-concordant="B64G4/00" c-set-base-allowed="false" c-set-subsequent-allowed="true" date-revised="2013-01-01" status="published"><classification-symbol>B64G2004/005</classification-symbol><class-title date-revised="2013-01-01"><title-part><CPC-specific-text><text>Robotic manipulator systems for use in space</text></CPC-specific-text></title-part></class-title></classification-item></classification-item>
<classification-item breakdown-code="false" not-allocatable="false" level="7" additional-only="false" sort-key="B64G5/00" definition-exists="true" ipc-concordant="B64G5/00" c-set-base-allowed="false" c-set-subsequent-allowed="true" date-revised="2013-01-01" status="published"><classification-symbol>B64G5/00</classification-symbol><class-title date-revised="2013-01-01"><title-part><text>Ground equipment for vehicles, e.g. starting towers, fuelling arrangements </text><reference><text><class-ref scheme="cpc">B64G3/00</class-ref> takes precedence</text></reference></title-part></class-title>
<classification-item breakdown-code="true" not-allocatable="false" level="8" additional-only="true" sort-key="B64G5/005" definition-exists="false" ipc-concordant="B64G5/00" c-set-base-allowed="false" c-set-subsequent-allowed="true" date-revised="2013-01-01" status="published"><classification-symbol>B64G2005/005</classification-symbol><class-title date-revised="2013-01-01"><title-part><CPC-specific-text><text>Systems for launching spacecraft from a platform at sea</text></CPC-specific-text></title-part></class-title></classification-item></classification-item>
<classification-item breakdown-code="false" not-allocatable="false" level="7" additional-only="false" sort-key="B64G6/00" definition-exists="true" ipc-concordant="B64G6/00" c-set-base-allowed="false" c-set-subsequent-allowed="true" date-revised="2013-01-01" status="published"><classification-symbol>B64G6/00</classification-symbol><class-title date-revised="2013-01-01"><title-part><text>Space suits</text></title-part></class-title></classification-item>
<classification-item breakdown-code="false" not-allocatable="false" level="7" additional-only="false" sort-key="B64G7/00" definition-exists="true" ipc-concordant="B64G7/00" c-set-base-allowed="false" c-set-subsequent-allowed="true" date-revised="2024-01-01" status="published"><classification-symbol>B64G7/00</classification-symbol><class-title date-revised="2024-01-01"><title-part><text>Simulating cosmonautic conditions, e.g. for conditioning crews</text></title-part></class-title>
<classification-item breakdown-code="true" not-allocatable="false" level="8" additional-only="true" sort-key="B64G7/005" definition-exists="false" ipc-concordant="B64G7/00" c-set-base-allowed="false" c-set-subsequent-allowed="true" date-revised="2013-01-01" status="published"><classification-symbol>B64G2007/005</classification-symbol><class-title date-revised="2013-01-01"><title-part><CPC-specific-text><text>Space simulation vacuum chambers</text></CPC-specific-text></title-part></class-title></classification-item></classification-item>
<classification-item breakdown-code="false" not-allocatable="false" level="7" additional-only="false" sort-key="B64G99/00" definition-exists="true" ipc-concordant="B64G99/00" c-set-base-allowed="false" c-set-subsequent-allowed="true" date-revised="2022-08-01" status="published"><classification-symbol>B64G99/00</classification-symbol><class-title date-revised="2022-08-01"><title-part><text>Subject matter not provided for in other groups of this subclass</text></title-part></class-title></classification-item></classification-item></classification-item></class-scheme>