<?xml version="1.0" encoding="UTF-8"?>
<class-scheme publication-date="2024-08-01" scheme-type="cpc" publication-type="official">
<classification-item breakdown-code="false" not-allocatable="true" level="5" additional-only="false" sort-key="B44B" definition-exists="true" date-revised="2018-08-01" status="published"><classification-symbol>B44B</classification-symbol><class-title date-revised="2013-01-01"><title-part><text>MACHINES, APPARATUS OR TOOLS FOR ARTISTIC WORK, e.g. FOR SCULPTURING, GUILLOCHING, CARVING, BRANDING, INLAYING </text><reference><text>processes for producing decorative effects <class-ref scheme="cpc">B44C</class-ref>; embossing leather <class-ref scheme="cpc">C14B</class-ref></text></reference></title-part></class-title><notes-and-warnings><note type="warning"><note-paragraph>In this subclass non-limiting references (in the sense of paragraph 39 of the Guide to the IPC) may still be displayed in the scheme.</note-paragraph></note></notes-and-warnings>
<classification-item breakdown-code="false" not-allocatable="true" level="6" additional-only="false" sort-key="B44B1/00" date-revised="2013-01-01" status="published"><classification-symbol>B44B1/00</classification-symbol>
<classification-item breakdown-code="false" not-allocatable="false" level="7" additional-only="false" sort-key="B44B1/00" definition-exists="true" ipc-concordant="B44B1/00" c-set-base-allowed="false" c-set-subsequent-allowed="true" date-revised="2013-01-01" status="published"><classification-symbol>B44B1/00</classification-symbol><class-title date-revised="2013-01-01"><title-part><text>Artist&apos;s machines or apparatus equipped with tools or work holders moving or able to be controlled three-dimensionally for making single sculptures or models </text><reference><text>copying devices for machine tool use <class-ref scheme="cpc">B23Q35/00</class-ref></text></reference></title-part></class-title>
<classification-item breakdown-code="false" not-allocatable="false" level="8" additional-only="false" sort-key="B44B1/003" definition-exists="false" ipc-concordant="B44B1/00" c-set-base-allowed="false" c-set-subsequent-allowed="true" date-revised="2013-01-01" status="published"><classification-symbol>B44B1/003</classification-symbol><class-title date-revised="2013-01-01"><title-part><CPC-specific-text><text>having several cutting tools</text></CPC-specific-text></title-part></class-title></classification-item>
<classification-item breakdown-code="false" not-allocatable="false" level="8" additional-only="false" sort-key="B44B1/006" definition-exists="false" ipc-concordant="B44B1/00" c-set-base-allowed="false" c-set-subsequent-allowed="true" date-revised="2013-01-01" status="published"><classification-symbol>B44B1/006</classification-symbol><class-title date-revised="2013-01-01"><title-part><CPC-specific-text><text>using computer control means</text></CPC-specific-text></title-part></class-title></classification-item>
<classification-item breakdown-code="false" not-allocatable="false" level="8" additional-only="false" sort-key="B44B1/02" definition-exists="false" ipc-concordant="B44B1/02" c-set-base-allowed="false" c-set-subsequent-allowed="true" date-revised="2013-01-01" status="published"><classification-symbol>B44B1/02</classification-symbol><class-title date-revised="2013-01-01"><title-part><text>wherein three-dimensional copies are made</text></title-part></class-title>
<classification-item breakdown-code="false" not-allocatable="false" level="9" additional-only="false" sort-key="B44B1/04" definition-exists="false" ipc-concordant="B44B1/04" c-set-base-allowed="false" c-set-subsequent-allowed="true" date-revised="2013-01-01" status="published"><classification-symbol>B44B1/04</classification-symbol><class-title date-revised="2013-01-01"><title-part><text>having devices for changing, e.g. proportionally enlarging or reducing, the shape from an original pattern</text></title-part></class-title></classification-item></classification-item>
<classification-item breakdown-code="false" not-allocatable="false" level="8" additional-only="false" sort-key="B44B1/06" definition-exists="false" ipc-concordant="B44B1/06" c-set-base-allowed="false" c-set-subsequent-allowed="true" date-revised="2013-01-01" status="published"><classification-symbol>B44B1/06</classification-symbol><class-title date-revised="2013-01-01"><title-part><text>Accessories</text></title-part></class-title></classification-item></classification-item>
<classification-item breakdown-code="false" not-allocatable="false" level="7" additional-only="false" sort-key="B44B3/00" definition-exists="true" ipc-concordant="B44B3/00" c-set-base-allowed="false" c-set-subsequent-allowed="true" date-revised="2017-08-01" status="published"><classification-symbol>B44B3/00</classification-symbol><class-title date-revised="2017-08-01"><title-part><text>Artist&apos;s machines or apparatus equipped with tools or work holders moving or able to be controlled substantially two- dimensionally for carving, engraving, or guilloching shallow ornamenting or markings </text><reference><text>marking or engraving metal by the action of a high concentration of electric current <class-ref scheme="cpc">B23H9/06</class-ref>; forme engraving <class-ref scheme="cpc">B41C</class-ref>, <class-ref scheme="cpc">B41D</class-ref>; engraving by photomechanical reproduction <class-ref scheme="cpc">G03F</class-ref></text></reference></title-part></class-title>
<classification-item breakdown-code="false" not-allocatable="false" level="8" additional-only="false" sort-key="B44B3/001" definition-exists="false" ipc-concordant="B44B3/00" c-set-base-allowed="false" c-set-subsequent-allowed="true" date-revised="2013-01-01" status="published"><classification-symbol>B44B3/001</classification-symbol><class-title date-revised="2013-01-01"><title-part><CPC-specific-text><text>by copying</text></CPC-specific-text></title-part></class-title>
<classification-item breakdown-code="false" not-allocatable="false" level="9" additional-only="false" sort-key="B44B3/002" definition-exists="false" ipc-concordant="B44B3/00" c-set-base-allowed="false" c-set-subsequent-allowed="true" date-revised="2013-01-01" status="published"><classification-symbol>B44B3/002</classification-symbol><class-title date-revised="2013-01-01"><title-part><CPC-specific-text><text>using a pantograph</text></CPC-specific-text></title-part></class-title></classification-item>
<classification-item breakdown-code="false" not-allocatable="false" level="9" additional-only="false" sort-key="B44B3/003" definition-exists="false" ipc-concordant="B44B3/00" c-set-base-allowed="false" c-set-subsequent-allowed="true" date-revised="2013-01-01" status="published"><classification-symbol>B44B3/003</classification-symbol><class-title date-revised="2013-01-01"><title-part><CPC-specific-text><text>using a pendulum</text></CPC-specific-text></title-part></class-title></classification-item>
<classification-item breakdown-code="false" not-allocatable="false" level="9" additional-only="false" sort-key="B44B3/004" definition-exists="false" ipc-concordant="B44B3/00" c-set-base-allowed="false" c-set-subsequent-allowed="true" date-revised="2013-01-01" status="published"><classification-symbol>B44B3/004</classification-symbol><class-title date-revised="2013-01-01"><title-part><CPC-specific-text><text>using a tool controlled by a photoelectric scanning device</text></CPC-specific-text></title-part></class-title></classification-item></classification-item>
<classification-item breakdown-code="false" not-allocatable="false" level="8" additional-only="false" sort-key="B44B3/005" definition-exists="false" ipc-concordant="B44B3/00" c-set-base-allowed="false" c-set-subsequent-allowed="true" date-revised="2013-01-01" status="published"><classification-symbol>B44B3/005</classification-symbol><class-title date-revised="2013-01-01"><title-part><CPC-specific-text><text>characterised by the power drive</text></CPC-specific-text></title-part></class-title></classification-item>
<classification-item breakdown-code="false" not-allocatable="false" level="8" additional-only="false" sort-key="B44B3/006" definition-exists="false" ipc-concordant="B44B3/00" c-set-base-allowed="false" c-set-subsequent-allowed="true" date-revised="2013-01-01" status="published"><classification-symbol>B44B3/006</classification-symbol><class-title date-revised="2013-01-01"><title-part><CPC-specific-text><text>carving or engraving devices having several cutting tools</text></CPC-specific-text></title-part></class-title></classification-item>
<classification-item breakdown-code="false" not-allocatable="false" level="8" additional-only="false" sort-key="B44B3/007" definition-exists="false" ipc-concordant="B44B3/00" c-set-base-allowed="false" c-set-subsequent-allowed="true" date-revised="2013-01-01" status="published"><classification-symbol>B44B3/007</classification-symbol><class-title date-revised="2013-01-01"><title-part><CPC-specific-text><text>in layered material</text></CPC-specific-text></title-part></class-title></classification-item>
<classification-item breakdown-code="false" not-allocatable="false" level="8" additional-only="false" sort-key="B44B3/008" definition-exists="false" ipc-concordant="B44B3/00" c-set-base-allowed="false" c-set-subsequent-allowed="true" date-revised="2013-01-01" status="published"><classification-symbol>B44B3/008</classification-symbol><class-title date-revised="2013-01-01"><title-part><CPC-specific-text><text>characterised by multi-step processes</text></CPC-specific-text></title-part></class-title></classification-item>
<classification-item breakdown-code="false" not-allocatable="false" level="8" additional-only="false" sort-key="B44B3/009" definition-exists="false" ipc-concordant="B44B3/00" c-set-base-allowed="false" c-set-subsequent-allowed="true" date-revised="2013-01-01" status="published"><classification-symbol>B44B3/009</classification-symbol><class-title date-revised="2013-01-01"><title-part><CPC-specific-text><text>using a computer control means</text></CPC-specific-text></title-part></class-title></classification-item>
<classification-item breakdown-code="false" not-allocatable="false" level="8" additional-only="false" sort-key="B44B3/02" definition-exists="false" ipc-concordant="B44B3/02" c-set-base-allowed="false" c-set-subsequent-allowed="true" date-revised="2013-01-01" status="published"><classification-symbol>B44B3/02</classification-symbol><class-title date-revised="2013-01-01"><title-part><text>wherein plane surfaces are worked</text></title-part></class-title></classification-item>
<classification-item breakdown-code="false" not-allocatable="false" level="8" additional-only="false" sort-key="B44B3/04" definition-exists="false" ipc-concordant="B44B3/04" c-set-base-allowed="false" c-set-subsequent-allowed="true" date-revised="2013-01-01" status="published"><classification-symbol>B44B3/04</classification-symbol><class-title date-revised="2013-01-01"><title-part><text>wherein non-plane surfaces are worked</text></title-part></class-title></classification-item>
<classification-item breakdown-code="false" not-allocatable="false" level="8" additional-only="false" sort-key="B44B3/06" definition-exists="false" ipc-concordant="B44B3/06" c-set-base-allowed="false" c-set-subsequent-allowed="true" date-revised="2013-01-01" status="published"><classification-symbol>B44B3/06</classification-symbol><class-title date-revised="2013-01-01"><title-part><text>Accessories, e.g. tool or work holders</text></title-part></class-title>
<classification-item breakdown-code="false" not-allocatable="false" level="9" additional-only="false" sort-key="B44B3/061" definition-exists="false" ipc-concordant="B44B3/06" c-set-base-allowed="false" c-set-subsequent-allowed="true" date-revised="2013-01-01" status="published"><classification-symbol>B44B3/061</classification-symbol><class-title date-revised="2013-01-01"><title-part><CPC-specific-text><text>Tool heads</text></CPC-specific-text></title-part></class-title></classification-item>
<classification-item breakdown-code="false" not-allocatable="false" level="9" additional-only="false" sort-key="B44B3/063" definition-exists="false" ipc-concordant="B44B3/06" c-set-base-allowed="false" c-set-subsequent-allowed="true" date-revised="2013-01-01" status="published"><classification-symbol>B44B3/063</classification-symbol><class-title date-revised="2013-01-01"><title-part><CPC-specific-text><text>Tool holders</text></CPC-specific-text></title-part></class-title></classification-item>
<classification-item breakdown-code="false" not-allocatable="false" level="9" additional-only="false" sort-key="B44B3/065" definition-exists="false" ipc-concordant="B44B3/06" c-set-base-allowed="false" c-set-subsequent-allowed="true" date-revised="2013-01-01" status="published"><classification-symbol>B44B3/065</classification-symbol><class-title date-revised="2013-01-01"><title-part><CPC-specific-text><text>Work holders</text></CPC-specific-text></title-part></class-title></classification-item>
<classification-item breakdown-code="false" not-allocatable="false" level="9" additional-only="false" sort-key="B44B3/066" definition-exists="false" ipc-concordant="B44B3/06" c-set-base-allowed="false" c-set-subsequent-allowed="true" date-revised="2013-01-01" status="published"><classification-symbol>B44B3/066</classification-symbol><class-title date-revised="2013-01-01"><title-part><CPC-specific-text><text>Master copy holders</text></CPC-specific-text></title-part></class-title></classification-item>
<classification-item breakdown-code="false" not-allocatable="false" level="9" additional-only="false" sort-key="B44B3/068" definition-exists="false" ipc-concordant="B44B3/06" c-set-base-allowed="false" c-set-subsequent-allowed="true" date-revised="2015-09-01" status="published"><classification-symbol>B44B3/068</classification-symbol><class-title date-revised="2015-09-01"><title-part><CPC-specific-text><text>Tracer heads </text><reference><text><class-ref scheme="cpc">B44B3/004</class-ref> takes precedence</text></reference></CPC-specific-text></title-part></class-title></classification-item></classification-item></classification-item>
<classification-item breakdown-code="false" not-allocatable="false" level="7" additional-only="false" sort-key="B44B5/00" definition-exists="true" ipc-concordant="B44B5/00" c-set-base-allowed="false" c-set-subsequent-allowed="true" date-revised="2013-01-01" status="published"><classification-symbol>B44B5/00</classification-symbol><class-title date-revised="2013-01-01"><title-part><text>Machines or apparatus for embossing decorations or marks, e.g. embossing coins </text><reference><text>corrugating sheet metal or metal tubes, embossing combined with sheet-metal working operations <class-ref scheme="cpc">B21D</class-ref>; embossing plastics or substances in a plastic state, in general <class-ref scheme="cpc">B29C59/00</class-ref>; embossing of paper or cardboard in general <class-ref scheme="cpc">B31F1/07</class-ref>; forme embossing <class-ref scheme="cpc">B41C1/08</class-ref>; embossing combined with application of ink, type marking presses, selective embossing mechanisms <class-ref scheme="cpc">B41F</class-ref>, <class-ref scheme="cpc">B41J</class-ref>, <class-ref scheme="cpc">B41K</class-ref>, <class-ref scheme="cpc">B41M</class-ref>; embossing leather <class-ref scheme="cpc">C14B</class-ref></text></reference></title-part></class-title>
<classification-item breakdown-code="false" not-allocatable="false" level="8" additional-only="false" sort-key="B44B5/0004" definition-exists="false" ipc-concordant="B44B5/00" c-set-base-allowed="false" c-set-subsequent-allowed="true" date-revised="2013-01-01" status="published"><classification-symbol>B44B5/0004</classification-symbol><class-title date-revised="2013-01-01"><title-part><CPC-specific-text><text>characterised by the movement of the embossing tool(s), or the movement of the work, during the embossing operation</text></CPC-specific-text></title-part></class-title>
<classification-item breakdown-code="false" not-allocatable="false" level="9" additional-only="false" sort-key="B44B5/0009" definition-exists="false" ipc-concordant="B44B5/00" c-set-base-allowed="false" c-set-subsequent-allowed="true" date-revised="2013-01-01" status="published"><classification-symbol>B44B5/0009</classification-symbol><class-title date-revised="2013-01-01"><title-part><CPC-specific-text><text>Rotating embossing tools</text></CPC-specific-text></title-part></class-title>
<classification-item breakdown-code="false" not-allocatable="false" level="10" additional-only="false" sort-key="B44B5/0014" definition-exists="false" ipc-concordant="B44B5/00" c-set-base-allowed="false" c-set-subsequent-allowed="true" date-revised="2013-01-01" status="published"><classification-symbol>B44B5/0014</classification-symbol><class-title date-revised="2013-01-01"><title-part><CPC-specific-text><text>and rotating workpieces</text></CPC-specific-text></title-part></class-title></classification-item></classification-item>
<classification-item breakdown-code="false" not-allocatable="false" level="9" additional-only="false" sort-key="B44B5/0019" definition-exists="false" ipc-concordant="B44B5/00" c-set-base-allowed="false" c-set-subsequent-allowed="true" date-revised="2013-01-01" status="published"><classification-symbol>B44B5/0019</classification-symbol><class-title date-revised="2013-01-01"><title-part><CPC-specific-text><text>Rectilinearly moving embossing tools</text></CPC-specific-text></title-part></class-title>
<classification-item breakdown-code="false" not-allocatable="false" level="10" additional-only="false" sort-key="B44B5/0023" definition-exists="false" ipc-concordant="B44B5/00" c-set-base-allowed="false" c-set-subsequent-allowed="true" date-revised="2013-01-01" status="published"><classification-symbol>B44B5/0023</classification-symbol><class-title date-revised="2013-01-01"><title-part><CPC-specific-text><text>actuated by a lever</text></CPC-specific-text></title-part></class-title></classification-item>
<classification-item breakdown-code="false" not-allocatable="false" level="10" additional-only="false" sort-key="B44B5/0028" definition-exists="false" ipc-concordant="B44B5/00" c-set-base-allowed="false" c-set-subsequent-allowed="true" date-revised="2013-01-01" status="published"><classification-symbol>B44B5/0028</classification-symbol><class-title date-revised="2013-01-01"><title-part><CPC-specific-text><text>cooperating with rotating workpieces</text></CPC-specific-text></title-part></class-title></classification-item></classification-item>
<classification-item breakdown-code="false" not-allocatable="false" level="9" additional-only="false" sort-key="B44B5/0033" definition-exists="false" ipc-concordant="B44B5/00" c-set-base-allowed="false" c-set-subsequent-allowed="true" date-revised="2013-01-01" status="published"><classification-symbol>B44B5/0033</classification-symbol><class-title date-revised="2013-01-01"><title-part><CPC-specific-text><text>Oscillating embossing tools</text></CPC-specific-text></title-part></class-title>
<classification-item breakdown-code="false" not-allocatable="false" level="10" additional-only="false" sort-key="B44B5/0038" definition-exists="false" ipc-concordant="B44B5/00" c-set-base-allowed="false" c-set-subsequent-allowed="true" date-revised="2013-01-01" status="published"><classification-symbol>B44B5/0038</classification-symbol><class-title date-revised="2013-01-01"><title-part><CPC-specific-text><text>actuated by a lever</text></CPC-specific-text></title-part></class-title></classification-item>
<classification-item breakdown-code="false" not-allocatable="false" level="10" additional-only="false" sort-key="B44B5/0042" definition-exists="false" ipc-concordant="B44B5/00" c-set-base-allowed="false" c-set-subsequent-allowed="true" date-revised="2013-01-01" status="published"><classification-symbol>B44B5/0042</classification-symbol><class-title date-revised="2013-01-01"><title-part><CPC-specific-text><text>performing a rolling-off motion with respect to the workpiece</text></CPC-specific-text></title-part></class-title></classification-item></classification-item></classification-item>
<classification-item breakdown-code="false" not-allocatable="false" level="8" additional-only="false" sort-key="B44B5/0047" definition-exists="false" ipc-concordant="B44B5/00" c-set-base-allowed="false" c-set-subsequent-allowed="true" date-revised="2013-01-01" status="published"><classification-symbol>B44B5/0047</classification-symbol><class-title date-revised="2013-01-01"><title-part><CPC-specific-text><text>by rolling </text><reference><text><class-ref scheme="cpc">B44B5/0061</class-ref> takes precedence</text></reference></CPC-specific-text></title-part></class-title></classification-item>
<classification-item breakdown-code="false" not-allocatable="false" level="8" additional-only="false" sort-key="B44B5/0052" definition-exists="false" ipc-concordant="B44B5/00" c-set-base-allowed="false" c-set-subsequent-allowed="true" date-revised="2013-01-01" status="published"><classification-symbol>B44B5/0052</classification-symbol><class-title date-revised="2013-01-01"><title-part><CPC-specific-text><text>by pressing </text><reference><text><class-ref scheme="cpc">B44B5/0061</class-ref> and <class-ref scheme="cpc">B44B5/0076</class-ref> take precedence</text></reference></CPC-specific-text></title-part></class-title>
<classification-item breakdown-code="false" not-allocatable="false" level="9" additional-only="false" sort-key="B44B5/0057" definition-exists="false" ipc-concordant="B44B5/00" c-set-base-allowed="false" c-set-subsequent-allowed="true" date-revised="2013-01-01" status="published"><classification-symbol>B44B5/0057</classification-symbol><class-title date-revised="2013-01-01"><title-part><CPC-specific-text><text>using more than one die assembly simultaneously</text></CPC-specific-text></title-part></class-title></classification-item></classification-item>
<classification-item breakdown-code="false" not-allocatable="false" level="8" additional-only="false" sort-key="B44B5/0061" definition-exists="false" ipc-concordant="B44B5/00" c-set-base-allowed="false" c-set-subsequent-allowed="true" date-revised="2013-01-01" status="published"><classification-symbol>B44B5/0061</classification-symbol><class-title date-revised="2013-01-01"><title-part><CPC-specific-text><text>characterised by the power drive</text></CPC-specific-text></title-part></class-title>
<classification-item breakdown-code="false" not-allocatable="false" level="9" additional-only="false" sort-key="B44B5/0066" definition-exists="false" ipc-concordant="B44B5/00" c-set-base-allowed="false" c-set-subsequent-allowed="true" date-revised="2013-01-01" status="published"><classification-symbol>B44B5/0066</classification-symbol><class-title date-revised="2013-01-01"><title-part><CPC-specific-text><text>producing a vibratory motion</text></CPC-specific-text></title-part></class-title></classification-item></classification-item>
<classification-item breakdown-code="false" not-allocatable="false" level="8" additional-only="false" sort-key="B44B5/0071" definition-exists="false" ipc-concordant="B44B5/00" c-set-base-allowed="false" c-set-subsequent-allowed="true" date-revised="2013-01-01" status="published"><classification-symbol>B44B5/0071</classification-symbol><class-title date-revised="2013-01-01"><title-part><CPC-specific-text><text>which simultaneously apply a decorative material</text></CPC-specific-text></title-part></class-title></classification-item>
<classification-item breakdown-code="false" not-allocatable="false" level="8" additional-only="false" sort-key="B44B5/0076" definition-exists="false" ipc-concordant="B44B5/00" c-set-base-allowed="false" c-set-subsequent-allowed="true" date-revised="2013-01-01" status="published"><classification-symbol>B44B5/0076</classification-symbol><class-title date-revised="2013-01-01"><title-part><CPC-specific-text><text>having a series of embossing tools each of which can be brought into working position</text></CPC-specific-text></title-part></class-title></classification-item>
<classification-item breakdown-code="false" not-allocatable="false" level="8" additional-only="false" sort-key="B44B5/008" definition-exists="false" ipc-concordant="B44B5/00" c-set-base-allowed="false" c-set-subsequent-allowed="true" date-revised="2013-01-01" status="published"><classification-symbol>B44B5/008</classification-symbol><class-title date-revised="2013-01-01"><title-part><CPC-specific-text><text>in layered material; connecting a plurality of layers by embossing</text></CPC-specific-text></title-part></class-title></classification-item>
<classification-item breakdown-code="false" not-allocatable="false" level="8" additional-only="false" sort-key="B44B5/0085" definition-exists="false" ipc-concordant="B44B5/00" c-set-base-allowed="false" c-set-subsequent-allowed="true" date-revised="2013-01-01" status="published"><classification-symbol>B44B5/0085</classification-symbol><class-title date-revised="2013-01-01"><title-part><CPC-specific-text><text>Portable apparatus for manual operation</text></CPC-specific-text></title-part></class-title></classification-item>
<classification-item breakdown-code="false" not-allocatable="false" level="8" additional-only="false" sort-key="B44B5/009" definition-exists="false" ipc-concordant="B44B5/00" c-set-base-allowed="false" c-set-subsequent-allowed="true" date-revised="2013-01-01" status="published"><classification-symbol>B44B5/009</classification-symbol><class-title date-revised="2013-01-01"><title-part><CPC-specific-text><text>by multi-step processes</text></CPC-specific-text></title-part></class-title></classification-item>
<classification-item breakdown-code="false" not-allocatable="false" level="8" additional-only="false" sort-key="B44B5/0095" definition-exists="false" ipc-concordant="B44B5/00" c-set-base-allowed="false" c-set-subsequent-allowed="true" date-revised="2013-01-01" status="published"><classification-symbol>B44B5/0095</classification-symbol><class-title date-revised="2013-01-01"><title-part><CPC-specific-text><text>using computer control means</text></CPC-specific-text></title-part></class-title></classification-item>
<classification-item breakdown-code="false" not-allocatable="false" level="8" additional-only="false" sort-key="B44B5/02" definition-exists="false" ipc-concordant="B44B5/02" c-set-base-allowed="false" c-set-subsequent-allowed="true" date-revised="2013-01-01" status="published"><classification-symbol>B44B5/02</classification-symbol><class-title date-revised="2013-01-01"><title-part><text>Dies</text></title-part><title-part><text>Accessories</text></title-part></class-title>
<classification-item breakdown-code="false" not-allocatable="false" level="9" additional-only="false" sort-key="B44B5/022" definition-exists="false" ipc-concordant="B44B5/02" c-set-base-allowed="false" c-set-subsequent-allowed="true" date-revised="2013-01-01" status="published"><classification-symbol>B44B5/022</classification-symbol><class-title date-revised="2013-01-01"><title-part><CPC-specific-text><text>Devices for holding or supporting work</text></CPC-specific-text></title-part></class-title></classification-item>
<classification-item breakdown-code="false" not-allocatable="false" level="9" additional-only="false" sort-key="B44B5/024" definition-exists="false" ipc-concordant="B44B5/02" c-set-base-allowed="false" c-set-subsequent-allowed="true" date-revised="2013-01-01" status="published"><classification-symbol>B44B5/024</classification-symbol><class-title date-revised="2013-01-01"><title-part><CPC-specific-text><text>Work piece loading or discharging arrangements</text></CPC-specific-text></title-part></class-title></classification-item>
<classification-item breakdown-code="false" not-allocatable="false" level="9" additional-only="false" sort-key="B44B5/026" definition-exists="false" ipc-concordant="B44B5/02" c-set-base-allowed="false" c-set-subsequent-allowed="true" date-revised="2013-01-01" status="published"><classification-symbol>B44B5/026</classification-symbol><class-title date-revised="2013-01-01"><title-part><CPC-specific-text><text>Dies </text><reference><text><class-ref scheme="cpc">B44B5/028</class-ref> takes precedence</text></reference></CPC-specific-text></title-part></class-title></classification-item>
<classification-item breakdown-code="false" not-allocatable="false" level="9" additional-only="false" sort-key="B44B5/028" definition-exists="false" ipc-concordant="B44B5/02" c-set-base-allowed="false" c-set-subsequent-allowed="true" date-revised="2013-01-01" status="published"><classification-symbol>B44B5/028</classification-symbol><class-title date-revised="2013-01-01"><title-part><CPC-specific-text><text>Heated dies</text></CPC-specific-text></title-part></class-title></classification-item></classification-item></classification-item>
<classification-item breakdown-code="false" not-allocatable="false" level="7" additional-only="false" sort-key="B44B7/00" definition-exists="true" ipc-concordant="B44B7/00" c-set-base-allowed="false" c-set-subsequent-allowed="true" date-revised="2013-01-01" status="published"><classification-symbol>B44B7/00</classification-symbol><class-title date-revised="2013-01-01"><title-part><text>Machines, apparatus or hand tools for branding, </text><CPC-specific-text><text>e.g. using radiant energy such as laser beams</text></CPC-specific-text><reference><text>burning or charring wood stock <class-ref scheme="cpc">B27M1/06</class-ref></text></reference></title-part></class-title>
<classification-item breakdown-code="false" not-allocatable="false" level="8" additional-only="false" sort-key="B44B7/002" definition-exists="false" ipc-concordant="B44B7/00" c-set-base-allowed="false" c-set-subsequent-allowed="true" date-revised="2013-01-01" status="published"><classification-symbol>B44B7/002</classification-symbol><class-title date-revised="2013-01-01"><title-part><CPC-specific-text><text>in layered material</text></CPC-specific-text></title-part></class-title></classification-item>
<classification-item breakdown-code="false" not-allocatable="false" level="8" additional-only="false" sort-key="B44B7/005" definition-exists="false" ipc-concordant="B44B7/00" c-set-base-allowed="false" c-set-subsequent-allowed="true" date-revised="2013-01-01" status="published"><classification-symbol>B44B7/005</classification-symbol><class-title date-revised="2013-01-01"><title-part><CPC-specific-text><text>by multi-step processes</text></CPC-specific-text></title-part></class-title></classification-item>
<classification-item breakdown-code="false" not-allocatable="false" level="8" additional-only="false" sort-key="B44B7/007" definition-exists="false" ipc-concordant="B44B7/00" c-set-base-allowed="false" c-set-subsequent-allowed="true" date-revised="2013-01-01" status="published"><classification-symbol>B44B7/007</classification-symbol><class-title date-revised="2013-01-01"><title-part><CPC-specific-text><text>using a computer control means</text></CPC-specific-text></title-part></class-title></classification-item>
<classification-item breakdown-code="false" not-allocatable="false" level="8" additional-only="false" sort-key="B44B7/02" definition-exists="false" ipc-concordant="B44B7/02" c-set-base-allowed="false" c-set-subsequent-allowed="true" date-revised="2013-01-01" status="published"><classification-symbol>B44B7/02</classification-symbol><class-title date-revised="2013-01-01"><title-part><text>Branding irons</text></title-part></class-title></classification-item></classification-item>
<classification-item breakdown-code="false" not-allocatable="false" level="7" additional-only="false" sort-key="B44B9/00" definition-exists="true" ipc-concordant="B44B9/00" c-set-base-allowed="false" c-set-subsequent-allowed="true" date-revised="2013-01-01" status="published"><classification-symbol>B44B9/00</classification-symbol><class-title date-revised="2013-01-01"><title-part><text>Machines or apparatus for inlaying with ornamental structures, e.g. tarsia or mosaic work </text><reference><text>uniting ornamental elements, on a support <class-ref scheme="cpc">B44C1/28</class-ref>, to structures <class-ref scheme="cpc">B44C3/12</class-ref>; imitation of mosaic or tarsia work patterns <class-ref scheme="cpc">B44F11/04</class-ref></text></reference></title-part></class-title></classification-item>
<classification-item breakdown-code="false" not-allocatable="false" level="7" additional-only="false" sort-key="B44B11/00" definition-exists="true" ipc-concordant="B44B11/00" c-set-base-allowed="false" c-set-subsequent-allowed="true" date-revised="2013-01-01" status="published"><classification-symbol>B44B11/00</classification-symbol><class-title date-revised="2013-01-01"><title-part><text>Artists&apos; hand tools for sculpturing, kneading, carving, engraving, guilloching or embossing</text></title-part><title-part><text>Accessories therefor</text></title-part></class-title>
<classification-item breakdown-code="false" not-allocatable="false" level="8" additional-only="false" sort-key="B44B11/02" definition-exists="false" ipc-concordant="B44B11/02" c-set-base-allowed="false" c-set-subsequent-allowed="true" date-revised="2013-01-01" status="published"><classification-symbol>B44B11/02</classification-symbol><class-title date-revised="2013-01-01"><title-part><text>for substantially two-dimensional carving, engraving or guilloching</text></title-part></class-title></classification-item>
<classification-item breakdown-code="false" not-allocatable="false" level="8" additional-only="false" sort-key="B44B11/04" definition-exists="false" ipc-concordant="B44B11/04" c-set-base-allowed="false" c-set-subsequent-allowed="true" date-revised="2013-01-01" status="published"><classification-symbol>B44B11/04</classification-symbol><class-title date-revised="2013-01-01"><title-part><text>for embossing</text></title-part></class-title></classification-item></classification-item></classification-item>
<classification-item breakdown-code="true" not-allocatable="true" level="6" additional-only="true" sort-key="B44B700/00" date-revised="2013-01-01" status="published"><classification-symbol>B44B2700/00</classification-symbol>
<classification-item breakdown-code="true" not-allocatable="false" level="7" additional-only="true" sort-key="B44B700/00" definition-exists="false" ipc-concordant="CPCONLY" c-set-base-allowed="false" c-set-subsequent-allowed="true" date-revised="2013-01-01" status="published"><classification-symbol>B44B2700/00</classification-symbol><class-title date-revised="2013-01-01"><title-part><text>Machines, apparatus, tools or accessories for artistic work</text></title-part></class-title>
<classification-item breakdown-code="true" not-allocatable="false" level="8" additional-only="true" sort-key="B44B700/02" definition-exists="false" ipc-concordant="CPCONLY" c-set-base-allowed="false" c-set-subsequent-allowed="true" date-revised="2013-01-01" status="published"><classification-symbol>B44B2700/02</classification-symbol><class-title date-revised="2013-01-01"><title-part><text>Artist&apos;s machines or apparatus equipped with tools or work holders moving or able to be controlled substantially two-dimensionally for carving, engraving, or guilloching shallow ornamenting or markings</text></title-part></class-title>
<classification-item breakdown-code="true" not-allocatable="false" level="9" additional-only="true" sort-key="B44B700/021" definition-exists="false" ipc-concordant="CPCONLY" c-set-base-allowed="false" c-set-subsequent-allowed="true" date-revised="2013-01-01" status="published"><classification-symbol>B44B2700/021</classification-symbol><class-title date-revised="2013-01-01"><title-part><text>by copying</text></title-part></class-title></classification-item>
<classification-item breakdown-code="true" not-allocatable="false" level="9" additional-only="true" sort-key="B44B700/023" definition-exists="false" ipc-concordant="CPCONLY" c-set-base-allowed="false" c-set-subsequent-allowed="true" date-revised="2013-01-01" status="published"><classification-symbol>B44B2700/023</classification-symbol><class-title date-revised="2013-01-01"><title-part><text>for engraving parallel lines of flat surfaces</text></title-part></class-title></classification-item>
<classification-item breakdown-code="true" not-allocatable="false" level="9" additional-only="true" sort-key="B44B700/025" definition-exists="false" ipc-concordant="CPCONLY" c-set-base-allowed="false" c-set-subsequent-allowed="true" date-revised="2013-01-01" status="published"><classification-symbol>B44B2700/025</classification-symbol><class-title date-revised="2013-01-01"><title-part><text>for engraving a surface of revolution</text></title-part></class-title></classification-item>
<classification-item breakdown-code="true" not-allocatable="false" level="9" additional-only="true" sort-key="B44B700/026" definition-exists="false" ipc-concordant="CPCONLY" c-set-base-allowed="false" c-set-subsequent-allowed="true" date-revised="2013-01-01" status="published"><classification-symbol>B44B2700/026</classification-symbol><class-title date-revised="2013-01-01"><title-part><text>for guilloching</text></title-part></class-title></classification-item>
<classification-item breakdown-code="true" not-allocatable="false" level="9" additional-only="true" sort-key="B44B700/028" definition-exists="false" ipc-concordant="CPCONLY" c-set-base-allowed="false" c-set-subsequent-allowed="true" date-revised="2013-01-01" status="published"><classification-symbol>B44B2700/028</classification-symbol><class-title date-revised="2013-01-01"><title-part><text>Electrical engraving machines</text></title-part></class-title></classification-item></classification-item>
<classification-item breakdown-code="true" not-allocatable="false" level="8" additional-only="true" sort-key="B44B700/04" definition-exists="false" ipc-concordant="CPCONLY" c-set-base-allowed="false" c-set-subsequent-allowed="true" date-revised="2013-01-01" status="published"><classification-symbol>B44B2700/04</classification-symbol><class-title date-revised="2013-01-01"><title-part><text>Machines or tools for carving</text></title-part></class-title>
<classification-item breakdown-code="true" not-allocatable="false" level="9" additional-only="true" sort-key="B44B700/045" definition-exists="false" ipc-concordant="CPCONLY" c-set-base-allowed="false" c-set-subsequent-allowed="true" date-revised="2013-01-01" status="published"><classification-symbol>B44B2700/045</classification-symbol><class-title date-revised="2013-01-01"><title-part><text>Electrical engraving machines</text></title-part></class-title></classification-item></classification-item>
<classification-item breakdown-code="true" not-allocatable="false" level="8" additional-only="true" sort-key="B44B700/06" definition-exists="false" ipc-concordant="CPCONLY" c-set-base-allowed="false" c-set-subsequent-allowed="true" date-revised="2013-01-01" status="published"><classification-symbol>B44B2700/06</classification-symbol><class-title date-revised="2013-01-01"><title-part><text>Machines, apparatus or tools for stippling</text></title-part></class-title></classification-item>
<classification-item breakdown-code="true" not-allocatable="false" level="8" additional-only="true" sort-key="B44B700/08" definition-exists="false" ipc-concordant="CPCONLY" c-set-base-allowed="false" c-set-subsequent-allowed="true" date-revised="2013-01-01" status="published"><classification-symbol>B44B2700/08</classification-symbol><class-title date-revised="2013-01-01"><title-part><text>Machines, apparatus or hand tools for branding</text></title-part></class-title></classification-item>
<classification-item breakdown-code="true" not-allocatable="false" level="8" additional-only="true" sort-key="B44B700/09" definition-exists="false" ipc-concordant="CPCONLY" c-set-base-allowed="false" c-set-subsequent-allowed="true" date-revised="2013-01-01" status="published"><classification-symbol>B44B2700/09</classification-symbol><class-title date-revised="2013-01-01"><title-part><text>Machines or apparatus for making models</text></title-part></class-title></classification-item>
<classification-item breakdown-code="true" not-allocatable="false" level="8" additional-only="true" sort-key="B44B700/12" definition-exists="false" ipc-concordant="CPCONLY" c-set-base-allowed="false" c-set-subsequent-allowed="true" date-revised="2013-01-01" status="published"><classification-symbol>B44B2700/12</classification-symbol><class-title date-revised="2013-01-01"><title-part><text>Accessories</text></title-part><title-part><text>Tool or work holders</text></title-part></class-title></classification-item></classification-item></classification-item></classification-item></class-scheme>