<?xml version="1.0" encoding="UTF-8"?>
<class-scheme publication-date="2024-08-01" scheme-type="cpc" publication-type="official">
<classification-item breakdown-code="false" not-allocatable="true" level="5" additional-only="false" sort-key="D06J" definition-exists="true" date-revised="2020-05-01" status="published"><classification-symbol>D06J</classification-symbol><class-title date-revised="2020-01-01"><title-part><text>PLEATING, KILTING OR GOFFERING TEXTILE FABRICS OR WEARING APPAREL </text><reference><CPC-specific-text><text>corrugating, creasing, or otherwise deforming paper, or material worked in a manner analogous to paper, without removing material <class-ref scheme="cpc">B31F</class-ref>;</text></CPC-specific-text><text> by sewing <class-ref scheme="cpc">D05B</class-ref></text></reference></title-part></class-title><notes-and-warnings><note type="warning"><note-paragraph>In this subclass non-limiting references (in the sense of paragraph 39 of the Guide to the IPC) may still be displayed in the scheme.</note-paragraph></note></notes-and-warnings>
<classification-item breakdown-code="false" not-allocatable="true" level="6" additional-only="false" sort-key="D06J1/00" date-revised="2013-01-01" status="published"><classification-symbol>D06J1/00</classification-symbol>
<classification-item breakdown-code="false" not-allocatable="false" level="7" additional-only="false" sort-key="D06J1/00" definition-exists="false" ipc-concordant="D06J1/00" c-set-base-allowed="false" c-set-subsequent-allowed="true" date-revised="2013-01-01" status="published"><classification-symbol>D06J1/00</classification-symbol><class-title date-revised="2013-01-01"><title-part><text>Pleating, kilting or goffering textile fabrics or wearing apparel</text></title-part></class-title>
<classification-item breakdown-code="false" not-allocatable="false" level="8" additional-only="false" sort-key="D06J1/02" definition-exists="false" ipc-concordant="D06J1/02" c-set-base-allowed="false" c-set-subsequent-allowed="true" date-revised="2013-01-01" status="published"><classification-symbol>D06J1/02</classification-symbol><class-title date-revised="2013-01-01"><title-part><text>continuously and transversely to the direction of feed</text></title-part></class-title>
<classification-item breakdown-code="false" not-allocatable="false" level="9" additional-only="false" sort-key="D06J1/04" definition-exists="false" ipc-concordant="D06J1/04" c-set-base-allowed="false" c-set-subsequent-allowed="true" date-revised="2013-01-01" status="published"><classification-symbol>D06J1/04</classification-symbol><class-title date-revised="2013-01-01"><title-part><text>by co-operating ribbed or grooved rollers or belts</text></title-part></class-title></classification-item>
<classification-item breakdown-code="false" not-allocatable="false" level="9" additional-only="false" sort-key="D06J1/06" definition-exists="false" ipc-concordant="D06J1/06" c-set-base-allowed="false" c-set-subsequent-allowed="true" date-revised="2013-01-01" status="published"><classification-symbol>D06J1/06</classification-symbol><class-title date-revised="2013-01-01"><title-part><text>by reciprocating blades</text></title-part></class-title>
<classification-item breakdown-code="false" not-allocatable="false" level="10" additional-only="false" sort-key="D06J1/08" definition-exists="false" ipc-concordant="D06J1/08" c-set-base-allowed="false" c-set-subsequent-allowed="true" date-revised="2013-01-01" status="published"><classification-symbol>D06J1/08</classification-symbol><class-title date-revised="2013-01-01"><title-part><text>which introduce the folds between rollers or belts</text></title-part></class-title></classification-item></classification-item></classification-item>
<classification-item breakdown-code="false" not-allocatable="false" level="8" additional-only="false" sort-key="D06J1/10" definition-exists="false" ipc-concordant="D06J1/10" c-set-base-allowed="false" c-set-subsequent-allowed="true" date-revised="2013-01-01" status="published"><classification-symbol>D06J1/10</classification-symbol><class-title date-revised="2013-01-01"><title-part><text>continuously and longitudinally to the direction of feed</text></title-part></class-title></classification-item>
<classification-item breakdown-code="false" not-allocatable="false" level="8" additional-only="false" sort-key="D06J1/12" definition-exists="false" ipc-concordant="D06J1/12" c-set-base-allowed="false" c-set-subsequent-allowed="true" date-revised="2013-01-01" status="published"><classification-symbol>D06J1/12</classification-symbol><class-title date-revised="2013-01-01"><title-part><text>Forms of pleats or the like</text></title-part></class-title></classification-item></classification-item></classification-item></classification-item></class-scheme>