<?xml version="1.0" encoding="UTF-8"?>
<class-scheme publication-date="2024-08-01" scheme-type="cpc" publication-type="official">
<classification-item breakdown-code="false" not-allocatable="true" level="5" additional-only="false" sort-key="D21G" definition-exists="true" date-revised="2018-08-01" status="published"><classification-symbol>D21G</classification-symbol><class-title date-revised="2013-01-01"><title-part><text>CALENDERS</text></title-part><title-part><text>ACCESSORIES FOR PAPER-MAKING MACHINES </text><reference><text>winders or rewinders for finished products, means for adjustment of wrinkles or lateral extensions <class-ref scheme="cpc">B65H</class-ref></text></reference></title-part></class-title><notes-and-warnings><note type="warning"><note-paragraph>In this subclass non-limiting references (in the sense of paragraph 39 of the Guide to the IPC) may still be displayed in the scheme.</note-paragraph></note></notes-and-warnings>
<classification-item breakdown-code="false" not-allocatable="true" level="6" additional-only="false" sort-key="D21G1/00" date-revised="2013-01-01" status="published"><classification-symbol>D21G1/00</classification-symbol>
<classification-item breakdown-code="false" not-allocatable="false" level="7" additional-only="false" sort-key="D21G1/00" definition-exists="false" ipc-concordant="D21G1/00" c-set-base-allowed="false" c-set-subsequent-allowed="true" date-revised="2013-01-01" status="published"><classification-symbol>D21G1/00</classification-symbol><class-title date-revised="2013-01-01"><title-part><text>Calenders </text><reference><text>if restricted to the treatment of particular materials <u>see</u> the relevant class, e.g. <class-ref scheme="cpc">B29C43/24</class-ref>, <class-ref scheme="cpc">D06</class-ref></text></reference></title-part><title-part><text>Smoothing apparatus</text></title-part></class-title>
<classification-item breakdown-code="false" not-allocatable="false" level="8" additional-only="false" sort-key="D21G1/0006" definition-exists="false" ipc-concordant="D21G1/00" c-set-base-allowed="false" c-set-subsequent-allowed="true" date-revised="2013-01-01" status="published"><classification-symbol>D21G1/0006</classification-symbol><class-title date-revised="2013-01-01"><title-part><CPC-specific-text><text>Driving arrangements</text></CPC-specific-text></title-part></class-title>
<classification-item breakdown-code="false" not-allocatable="false" level="9" additional-only="false" sort-key="D21G1/0013" definition-exists="false" ipc-concordant="D21G1/00" c-set-base-allowed="false" c-set-subsequent-allowed="true" date-revised="2013-01-01" status="published"><classification-symbol>D21G1/0013</classification-symbol><class-title date-revised="2013-01-01"><title-part><CPC-specific-text><text>for controlled deflection rolls</text></CPC-specific-text></title-part></class-title></classification-item></classification-item>
<classification-item breakdown-code="false" not-allocatable="false" level="8" additional-only="false" sort-key="D21G1/002" definition-exists="false" ipc-concordant="D21G1/00" c-set-base-allowed="false" c-set-subsequent-allowed="true" date-revised="2013-01-01" status="published"><classification-symbol>D21G1/002</classification-symbol><class-title date-revised="2013-01-01"><title-part><CPC-specific-text><text>Opening or closing mechanisms; Regulating the pressure</text></CPC-specific-text></title-part></class-title>
<classification-item breakdown-code="false" not-allocatable="false" level="9" additional-only="false" sort-key="D21G1/0026" definition-exists="false" ipc-concordant="D21G1/00" c-set-base-allowed="false" c-set-subsequent-allowed="true" date-revised="2013-01-01" status="published"><classification-symbol>D21G1/0026</classification-symbol><class-title date-revised="2013-01-01"><title-part><CPC-specific-text><text>Arrangements for maintaining uniform nip conditions</text></CPC-specific-text></title-part></class-title>
<classification-item breakdown-code="false" not-allocatable="false" level="10" additional-only="false" sort-key="D21G1/0033" definition-exists="false" ipc-concordant="D21G1/00" c-set-base-allowed="false" c-set-subsequent-allowed="true" date-revised="2013-01-01" status="published"><classification-symbol>D21G1/0033</classification-symbol><class-title date-revised="2013-01-01"><title-part><CPC-specific-text><text>by offsetting the roll axes horizontally</text></CPC-specific-text></title-part></class-title></classification-item></classification-item>
<classification-item breakdown-code="false" not-allocatable="false" level="9" additional-only="false" sort-key="D21G1/004" definition-exists="false" ipc-concordant="D21G1/00" c-set-base-allowed="false" c-set-subsequent-allowed="true" date-revised="2013-01-01" status="published"><classification-symbol>D21G1/004</classification-symbol><class-title date-revised="2013-01-01"><title-part><CPC-specific-text><text>Regulating the pressure</text></CPC-specific-text></title-part></class-title>
<classification-item breakdown-code="false" not-allocatable="false" level="10" additional-only="false" sort-key="D21G1/0046" definition-exists="false" ipc-concordant="D21G1/00" c-set-base-allowed="false" c-set-subsequent-allowed="true" date-revised="2013-01-01" status="published"><classification-symbol>D21G1/0046</classification-symbol><class-title date-revised="2013-01-01"><title-part><CPC-specific-text><text>depending on the measured properties of the calendered web</text></CPC-specific-text></title-part></class-title></classification-item>
<classification-item breakdown-code="false" not-allocatable="false" level="10" additional-only="false" sort-key="D21G1/0053" definition-exists="false" ipc-concordant="D21G1/00" c-set-base-allowed="false" c-set-subsequent-allowed="true" date-revised="2013-01-01" status="published"><classification-symbol>D21G1/0053</classification-symbol><class-title date-revised="2013-01-01"><title-part><CPC-specific-text><text>using magnetic forces</text></CPC-specific-text></title-part></class-title></classification-item></classification-item></classification-item>
<classification-item breakdown-code="false" not-allocatable="false" level="8" additional-only="false" sort-key="D21G1/006" definition-exists="false" ipc-concordant="D21G1/00" c-set-base-allowed="false" c-set-subsequent-allowed="true" date-revised="2013-01-01" status="published"><classification-symbol>D21G1/006</classification-symbol><class-title date-revised="2013-01-01"><title-part><CPC-specific-text><text>with extended nips</text></CPC-specific-text></title-part></class-title></classification-item>
<classification-item breakdown-code="false" not-allocatable="false" level="8" additional-only="false" sort-key="D21G1/0066" definition-exists="false" ipc-concordant="D21G1/00" c-set-base-allowed="false" c-set-subsequent-allowed="true" date-revised="2013-01-01" status="published"><classification-symbol>D21G1/0066</classification-symbol><class-title date-revised="2013-01-01"><title-part><CPC-specific-text><text>using a special calendering belt</text></CPC-specific-text></title-part></class-title></classification-item>
<classification-item breakdown-code="false" not-allocatable="false" level="8" additional-only="false" sort-key="D21G1/0073" definition-exists="false" ipc-concordant="D21G1/00" c-set-base-allowed="false" c-set-subsequent-allowed="true" date-revised="2013-01-01" status="published"><classification-symbol>D21G1/0073</classification-symbol><class-title date-revised="2013-01-01"><title-part><CPC-specific-text><text>Accessories for calenders</text></CPC-specific-text></title-part></class-title>
<classification-item breakdown-code="false" not-allocatable="false" level="9" additional-only="false" sort-key="D21G1/008" definition-exists="false" ipc-concordant="D21G1/00" c-set-base-allowed="false" c-set-subsequent-allowed="true" date-revised="2013-01-01" status="published"><classification-symbol>D21G1/008</classification-symbol><class-title date-revised="2013-01-01"><title-part><CPC-specific-text><text>Vibration-preventing or -eliminating devices</text></CPC-specific-text></title-part></class-title></classification-item>
<classification-item breakdown-code="false" not-allocatable="false" level="9" additional-only="false" sort-key="D21G1/0086" definition-exists="false" ipc-concordant="D21G1/00" c-set-base-allowed="false" c-set-subsequent-allowed="true" date-revised="2013-01-01" status="published"><classification-symbol>D21G1/0086</classification-symbol><class-title date-revised="2013-01-01"><title-part><CPC-specific-text><text>Web feeding or guiding devices</text></CPC-specific-text></title-part></class-title></classification-item>
<classification-item breakdown-code="false" not-allocatable="false" level="9" additional-only="false" sort-key="D21G1/0093" definition-exists="false" ipc-concordant="D21G1/00" c-set-base-allowed="false" c-set-subsequent-allowed="true" date-revised="2013-01-01" status="published"><classification-symbol>D21G1/0093</classification-symbol><class-title date-revised="2013-01-01"><title-part><CPC-specific-text><text>Web conditioning devices</text></CPC-specific-text></title-part></class-title></classification-item></classification-item>
<classification-item breakdown-code="false" not-allocatable="false" level="8" additional-only="false" sort-key="D21G1/02" definition-exists="false" ipc-concordant="D21G1/02" c-set-base-allowed="false" c-set-subsequent-allowed="true" date-revised="2013-01-01" status="published"><classification-symbol>D21G1/02</classification-symbol><class-title date-revised="2013-01-01"><title-part><text>Rolls</text></title-part><title-part><text>Their bearings </text><reference><text>in general <class-ref scheme="cpc">F16C13/00</class-ref></text></reference></title-part></class-title>
<classification-item breakdown-code="false" not-allocatable="false" level="9" additional-only="false" sort-key="D21G1/0206" definition-exists="false" ipc-concordant="D21G1/02" c-set-base-allowed="false" c-set-subsequent-allowed="true" date-revised="2013-01-01" status="published"><classification-symbol>D21G1/0206</classification-symbol><class-title date-revised="2013-01-01"><title-part><CPC-specific-text><text>Controlled deflection rolls</text></CPC-specific-text></title-part></class-title>
<classification-item breakdown-code="false" not-allocatable="false" level="10" additional-only="false" sort-key="D21G1/0213" definition-exists="false" ipc-concordant="D21G1/02" c-set-base-allowed="false" c-set-subsequent-allowed="true" date-revised="2013-01-01" status="published"><classification-symbol>D21G1/0213</classification-symbol><class-title date-revised="2013-01-01"><title-part><CPC-specific-text><text>with deflection compensation means acting between the roller shell and its supporting member</text></CPC-specific-text></title-part></class-title>
<classification-item breakdown-code="false" not-allocatable="false" level="11" additional-only="false" sort-key="D21G1/022" definition-exists="false" ipc-concordant="D21G1/02" c-set-base-allowed="false" c-set-subsequent-allowed="true" date-revised="2013-01-01" status="published"><classification-symbol>D21G1/022</classification-symbol><class-title date-revised="2013-01-01"><title-part><CPC-specific-text><text>the means using fluid pressure</text></CPC-specific-text></title-part></class-title></classification-item></classification-item></classification-item>
<classification-item breakdown-code="false" not-allocatable="false" level="9" additional-only="false" sort-key="D21G1/0226" definition-exists="false" ipc-concordant="D21G1/02" c-set-base-allowed="false" c-set-subsequent-allowed="true" date-revised="2013-01-01" status="published"><classification-symbol>D21G1/0226</classification-symbol><class-title date-revised="2013-01-01"><title-part><CPC-specific-text><text>Bearings</text></CPC-specific-text></title-part></class-title></classification-item>
<classification-item breakdown-code="false" not-allocatable="false" level="9" additional-only="false" sort-key="D21G1/0233" definition-exists="false" ipc-concordant="D21G1/02" c-set-base-allowed="false" c-set-subsequent-allowed="true" date-revised="2013-01-01" status="published"><classification-symbol>D21G1/0233</classification-symbol><class-title date-revised="2013-01-01"><title-part><CPC-specific-text><text>Soft rolls</text></CPC-specific-text></title-part></class-title>
<classification-item breakdown-code="false" not-allocatable="false" level="10" additional-only="false" sort-key="D21G1/024" definition-exists="false" ipc-concordant="D21G1/02" c-set-base-allowed="false" c-set-subsequent-allowed="true" date-revised="2013-01-01" status="published"><classification-symbol>D21G1/024</classification-symbol><class-title date-revised="2013-01-01"><title-part><CPC-specific-text><text>formed from a plurality of compacted disc elements or from a spirally-wound band</text></CPC-specific-text></title-part></class-title></classification-item></classification-item>
<classification-item breakdown-code="false" not-allocatable="false" level="9" additional-only="false" sort-key="D21G1/0246" definition-exists="false" ipc-concordant="D21G1/02" c-set-base-allowed="false" c-set-subsequent-allowed="true" date-revised="2013-01-01" status="published"><classification-symbol>D21G1/0246</classification-symbol><class-title date-revised="2013-01-01"><title-part><CPC-specific-text><text>Hard rolls</text></CPC-specific-text></title-part></class-title></classification-item>
<classification-item breakdown-code="false" not-allocatable="false" level="9" additional-only="false" sort-key="D21G1/0253" definition-exists="false" ipc-concordant="D21G1/02" c-set-base-allowed="false" c-set-subsequent-allowed="true" date-revised="2013-01-01" status="published"><classification-symbol>D21G1/0253</classification-symbol><class-title date-revised="2013-01-01"><title-part><CPC-specific-text><text>Heating or cooling the rolls; Regulating the temperature</text></CPC-specific-text></title-part></class-title>
<classification-item breakdown-code="false" not-allocatable="false" level="10" additional-only="false" sort-key="D21G1/026" definition-exists="false" ipc-concordant="D21G1/02" c-set-base-allowed="false" c-set-subsequent-allowed="true" date-revised="2013-01-01" status="published"><classification-symbol>D21G1/026</classification-symbol><class-title date-revised="2013-01-01"><title-part><CPC-specific-text><text>using the hydraulic fluid in controlled deflection rolls</text></CPC-specific-text></title-part></class-title></classification-item>
<classification-item breakdown-code="false" not-allocatable="false" level="10" additional-only="false" sort-key="D21G1/0266" definition-exists="false" ipc-concordant="D21G1/02" c-set-base-allowed="false" c-set-subsequent-allowed="true" date-revised="2013-01-01" status="published"><classification-symbol>D21G1/0266</classification-symbol><class-title date-revised="2013-01-01"><title-part><CPC-specific-text><text>using a heat-transfer fluid </text><reference><text><class-ref scheme="cpc">D21G1/026</class-ref> takes precedence</text></reference></CPC-specific-text></title-part></class-title>
<classification-item breakdown-code="false" not-allocatable="false" level="11" additional-only="false" sort-key="D21G1/0273" definition-exists="false" ipc-concordant="D21G1/02" c-set-base-allowed="false" c-set-subsequent-allowed="true" date-revised="2013-01-01" status="published"><classification-symbol>D21G1/0273</classification-symbol><class-title date-revised="2013-01-01"><title-part><CPC-specific-text><text>on the exterior surface of the rolls</text></CPC-specific-text></title-part></class-title></classification-item></classification-item>
<classification-item breakdown-code="false" not-allocatable="false" level="10" additional-only="false" sort-key="D21G1/028" definition-exists="false" ipc-concordant="D21G1/02" c-set-base-allowed="false" c-set-subsequent-allowed="true" date-revised="2013-01-01" status="published"><classification-symbol>D21G1/028</classification-symbol><class-title date-revised="2013-01-01"><title-part><CPC-specific-text><text>using electrical means</text></CPC-specific-text></title-part></class-title></classification-item>
<classification-item breakdown-code="false" not-allocatable="false" level="10" additional-only="false" sort-key="D21G1/0286" definition-exists="false" ipc-concordant="D21G1/02" c-set-base-allowed="false" c-set-subsequent-allowed="true" date-revised="2013-01-01" status="published"><classification-symbol>D21G1/0286</classification-symbol><class-title date-revised="2013-01-01"><title-part><CPC-specific-text><text>Regulating the axial or circumferential temperature profile of the roll</text></CPC-specific-text></title-part></class-title></classification-item></classification-item>
<classification-item breakdown-code="false" not-allocatable="false" level="9" additional-only="false" sort-key="D21G1/0293" definition-exists="false" ipc-concordant="D21G1/02" c-set-base-allowed="false" c-set-subsequent-allowed="true" date-revised="2013-01-01" status="published"><classification-symbol>D21G1/0293</classification-symbol><class-title date-revised="2013-01-01"><title-part><CPC-specific-text><text>Provisions or constructions to facilitate the removal of the rolls</text></CPC-specific-text></title-part></class-title></classification-item></classification-item></classification-item>
<classification-item breakdown-code="false" not-allocatable="false" level="7" additional-only="false" sort-key="D21G3/00" definition-exists="true" ipc-concordant="D21G3/00" c-set-base-allowed="false" c-set-subsequent-allowed="true" date-revised="2013-01-01" status="published"><classification-symbol>D21G3/00</classification-symbol><class-title date-revised="2013-01-01"><title-part><text>Doctors</text></title-part></class-title>
<classification-item breakdown-code="false" not-allocatable="false" level="8" additional-only="false" sort-key="D21G3/005" definition-exists="false" ipc-concordant="D21G3/00" c-set-base-allowed="false" c-set-subsequent-allowed="true" date-revised="2013-01-01" status="published"><classification-symbol>D21G3/005</classification-symbol><class-title date-revised="2013-01-01"><title-part><CPC-specific-text><text>Doctor knifes</text></CPC-specific-text></title-part></class-title></classification-item>
<classification-item breakdown-code="false" not-allocatable="false" level="8" additional-only="false" sort-key="D21G3/02" definition-exists="false" ipc-concordant="D21G3/02" c-set-base-allowed="false" c-set-subsequent-allowed="true" date-revised="2013-01-01" status="published"><classification-symbol>D21G3/02</classification-symbol><class-title date-revised="2013-01-01"><title-part><text>for calenders</text></title-part></class-title></classification-item>
<classification-item breakdown-code="false" not-allocatable="false" level="8" additional-only="false" sort-key="D21G3/04" definition-exists="false" ipc-concordant="D21G3/04" c-set-base-allowed="false" c-set-subsequent-allowed="true" date-revised="2013-01-01" status="published"><classification-symbol>D21G3/04</classification-symbol><class-title date-revised="2013-01-01"><title-part><text>for drying cylinders</text></title-part></class-title></classification-item></classification-item>
<classification-item breakdown-code="false" not-allocatable="false" level="7" additional-only="false" sort-key="D21G5/00" definition-exists="false" ipc-concordant="D21G5/00" c-set-base-allowed="false" c-set-subsequent-allowed="true" date-revised="2013-01-01" status="published"><classification-symbol>D21G5/00</classification-symbol><class-title date-revised="2013-01-01"><title-part><text>Safety devices</text></title-part></class-title>
<classification-item breakdown-code="false" not-allocatable="false" level="8" additional-only="false" sort-key="D21G5/005" definition-exists="false" ipc-concordant="D21G5/00" c-set-base-allowed="false" c-set-subsequent-allowed="true" date-revised="2013-01-01" status="published"><classification-symbol>D21G5/005</classification-symbol><class-title date-revised="2013-01-01"><title-part><CPC-specific-text><text>for calenders</text></CPC-specific-text></title-part></class-title></classification-item></classification-item>
<classification-item breakdown-code="false" not-allocatable="false" level="7" additional-only="false" sort-key="D21G7/00" definition-exists="true" ipc-concordant="D21G7/00" c-set-base-allowed="false" c-set-subsequent-allowed="true" date-revised="2013-01-01" status="published"><classification-symbol>D21G7/00</classification-symbol><class-title date-revised="2013-01-01"><title-part><text>Damping devices</text></title-part></class-title></classification-item>
<classification-item breakdown-code="false" not-allocatable="false" level="7" additional-only="false" sort-key="D21G9/00" definition-exists="true" ipc-concordant="D21G9/00" c-set-base-allowed="false" c-set-subsequent-allowed="true" date-revised="2013-01-01" status="published"><classification-symbol>D21G9/00</classification-symbol><class-title date-revised="2013-01-01"><title-part><text>Other accessories for paper-making machines</text></title-part></class-title>
<classification-item breakdown-code="false" not-allocatable="false" level="8" additional-only="false" sort-key="D21G9/0009" definition-exists="true" ipc-concordant="D21G9/00" c-set-base-allowed="false" c-set-subsequent-allowed="true" date-revised="2013-01-01" status="published"><classification-symbol>D21G9/0009</classification-symbol><class-title date-revised="2013-01-01"><title-part><CPC-specific-text><text>Paper-making control systems</text></CPC-specific-text></title-part></class-title>
<classification-item breakdown-code="false" not-allocatable="false" level="9" additional-only="false" sort-key="D21G9/0018" definition-exists="false" ipc-concordant="D21G9/00" c-set-base-allowed="false" c-set-subsequent-allowed="true" date-revised="2013-01-01" status="published"><classification-symbol>D21G9/0018</classification-symbol><class-title date-revised="2013-01-01"><title-part><CPC-specific-text><text>controlling the stock preparation</text></CPC-specific-text></title-part></class-title></classification-item>
<classification-item breakdown-code="false" not-allocatable="false" level="9" additional-only="false" sort-key="D21G9/0027" definition-exists="false" ipc-concordant="D21G9/00" c-set-base-allowed="false" c-set-subsequent-allowed="true" date-revised="2013-01-01" status="published"><classification-symbol>D21G9/0027</classification-symbol><class-title date-revised="2013-01-01"><title-part><CPC-specific-text><text>controlling the forming section</text></CPC-specific-text></title-part></class-title></classification-item>
<classification-item breakdown-code="false" not-allocatable="false" level="9" additional-only="false" sort-key="D21G9/0036" definition-exists="false" ipc-concordant="D21G9/00" c-set-base-allowed="false" c-set-subsequent-allowed="true" date-revised="2013-01-01" status="published"><classification-symbol>D21G9/0036</classification-symbol><class-title date-revised="2013-01-01"><title-part><CPC-specific-text><text>controlling the press or drying section</text></CPC-specific-text></title-part></class-title></classification-item>
<classification-item breakdown-code="false" not-allocatable="false" level="9" additional-only="false" sort-key="D21G9/0045" definition-exists="false" ipc-concordant="D21G9/00" c-set-base-allowed="false" c-set-subsequent-allowed="true" date-revised="2013-01-01" status="published"><classification-symbol>D21G9/0045</classification-symbol><class-title date-revised="2013-01-01"><title-part><CPC-specific-text><text>controlling the calendering or finishing</text></CPC-specific-text></title-part></class-title></classification-item>
<classification-item breakdown-code="false" not-allocatable="false" level="9" additional-only="false" sort-key="D21G9/0054" definition-exists="false" ipc-concordant="D21G9/00" c-set-base-allowed="false" c-set-subsequent-allowed="true" date-revised="2013-01-01" status="published"><classification-symbol>D21G9/0054</classification-symbol><class-title date-revised="2013-01-01"><title-part><CPC-specific-text><text>details of algorithms or programs</text></CPC-specific-text></title-part></class-title></classification-item></classification-item>
<classification-item breakdown-code="false" not-allocatable="false" level="8" additional-only="false" sort-key="D21G9/0063" definition-exists="false" ipc-concordant="D21G9/00" c-set-base-allowed="false" c-set-subsequent-allowed="true" date-revised="2013-01-01" status="published"><classification-symbol>D21G9/0063</classification-symbol><class-title date-revised="2013-01-01"><title-part><CPC-specific-text><text>Devices for threading a web tail through a paper-making machine</text></CPC-specific-text></title-part></class-title>
<classification-item breakdown-code="false" not-allocatable="false" level="9" additional-only="false" sort-key="D21G9/0072" definition-exists="false" ipc-concordant="D21G9/00" c-set-base-allowed="false" c-set-subsequent-allowed="true" date-revised="2013-01-01" status="published"><classification-symbol>D21G9/0072</classification-symbol><class-title date-revised="2013-01-01"><title-part><CPC-specific-text><text>using at least one rope</text></CPC-specific-text></title-part></class-title></classification-item></classification-item>
<classification-item breakdown-code="false" not-allocatable="false" level="8" additional-only="false" sort-key="D21G9/0081" definition-exists="false" ipc-concordant="D21G9/00" c-set-base-allowed="false" c-set-subsequent-allowed="true" date-revised="2013-01-01" status="published"><classification-symbol>D21G9/0081</classification-symbol><class-title date-revised="2013-01-01"><title-part><CPC-specific-text><text>Apparatus for removing samples from travelling web material</text></CPC-specific-text></title-part></class-title></classification-item>
<classification-item breakdown-code="false" not-allocatable="false" level="8" additional-only="false" sort-key="D21G9/009" definition-exists="true" ipc-concordant="D21G9/00" c-set-base-allowed="false" c-set-subsequent-allowed="true" date-revised="2013-01-01" status="published"><classification-symbol>D21G9/009</classification-symbol><class-title date-revised="2013-01-01"><title-part><CPC-specific-text><text>Apparatus for glaze-coating paper webs</text></CPC-specific-text></title-part></class-title></classification-item></classification-item></classification-item></classification-item></class-scheme>