<?xml version="1.0" encoding="UTF-8"?>
<class-scheme publication-date="2024-08-01" scheme-type="cpc" publication-type="official">
<classification-item breakdown-code="false" not-allocatable="true" level="5" additional-only="false" sort-key="B42F" definition-exists="true" date-revised="2018-08-01" status="published"><classification-symbol>B42F</classification-symbol><class-title date-revised="2013-01-01"><title-part><text>SHEETS TEMPORARILY ATTACHED TOGETHER</text></title-part><title-part><text>FILING APPLIANCES</text></title-part><title-part><text>FILE CARDS</text></title-part><title-part><text>INDEXING </text><reference><text>reading desks <class-ref scheme="cpc">A47B19/00</class-ref>; book rests <class-ref scheme="cpc">A47B23/00</class-ref></text></reference></title-part></class-title><notes-and-warnings date-revised="2013-01-01"><note type="note"><note-paragraph>The words &quot;filing appliance&quot; in this subclass mean holders for collections of papers, sheets, cards, or units thereof, each paper, sheet, card, or unit being individually insertable and extractable. These words may thus include a calendar, an instruction manual, or a letter file </note-paragraph></note><note type="warning"><note-paragraph>In this subclass non-limiting references (in the sense of paragraph 39 of the Guide to the IPC) may still be displayed in the scheme.</note-paragraph></note></notes-and-warnings>
<classification-item breakdown-code="false" not-allocatable="true" level="6" additional-only="false" sort-key="B42F1/00" date-revised="2013-01-01" status="published"><classification-symbol>B42F1/00</classification-symbol><class-title date-revised="2013-01-01"><title-part><text>Sheets temporarily attached together</text></title-part><title-part><text>Means therefor</text></title-part><title-part><text>Albums</text></title-part></class-title>
<classification-item breakdown-code="false" not-allocatable="false" level="7" additional-only="false" sort-key="B42F1/00" definition-exists="true" ipc-concordant="B42F1/00" c-set-base-allowed="false" c-set-subsequent-allowed="true" date-revised="2013-01-01" status="published"><classification-symbol>B42F1/00</classification-symbol><class-title date-revised="2013-01-01"><title-part><text>Sheets temporarily attached together without perforating</text></title-part><title-part><text>Means therefor</text></title-part></class-title>
<classification-item breakdown-code="false" not-allocatable="false" level="8" additional-only="false" sort-key="B42F1/003" definition-exists="false" ipc-concordant="B42F1/00" c-set-base-allowed="false" c-set-subsequent-allowed="true" date-revised="2013-01-01" status="published"><classification-symbol>B42F1/003</classification-symbol><class-title date-revised="2013-01-01"><title-part><CPC-specific-text><text>Devices for applying fasteners, e.g. clips, to bundles of sheets</text></CPC-specific-text></title-part></class-title></classification-item>
<classification-item breakdown-code="false" not-allocatable="false" level="8" additional-only="false" sort-key="B42F1/006" definition-exists="false" ipc-concordant="B42F1/00" c-set-base-allowed="false" c-set-subsequent-allowed="true" date-revised="2013-01-01" status="published"><classification-symbol>B42F1/006</classification-symbol><class-title date-revised="2013-01-01"><title-part><CPC-specific-text><text>Fasteners comprising two co-operating jaws closed by spring action and that can be manually opened, e.g. clamps</text></CPC-specific-text></title-part></class-title></classification-item>
<classification-item breakdown-code="false" not-allocatable="false" level="8" additional-only="false" sort-key="B42F1/02" definition-exists="false" ipc-concordant="B42F1/02" c-set-base-allowed="false" c-set-subsequent-allowed="true" date-revised="2013-01-01" status="published"><classification-symbol>B42F1/02</classification-symbol><class-title date-revised="2013-01-01"><title-part><text>Paper-clips or like fasteners </text><reference><text><class-ref scheme="cpc">B42F1/12</class-ref> takes precedence</text></reference></title-part></class-title>
<classification-item breakdown-code="false" not-allocatable="false" level="9" additional-only="false" sort-key="B42F1/04" definition-exists="false" ipc-concordant="B42F1/04" c-set-base-allowed="false" c-set-subsequent-allowed="true" date-revised="2013-01-01" status="published"><classification-symbol>B42F1/04</classification-symbol><class-title date-revised="2013-01-01"><title-part><text>metallic</text></title-part></class-title>
<classification-item breakdown-code="false" not-allocatable="false" level="10" additional-only="false" sort-key="B42F1/06" definition-exists="false" ipc-concordant="B42F1/06" c-set-base-allowed="false" c-set-subsequent-allowed="true" date-revised="2017-08-01" status="published"><classification-symbol>B42F1/06</classification-symbol><class-title date-revised="2017-08-01"><title-part><text>of flat cross-section </text><CPC-specific-text><text>, e.g. made of a piece of metal sheet</text></CPC-specific-text></title-part></class-title></classification-item>
<classification-item breakdown-code="false" not-allocatable="false" level="10" additional-only="false" sort-key="B42F1/08" definition-exists="false" ipc-concordant="B42F1/08" c-set-base-allowed="false" c-set-subsequent-allowed="true" date-revised="2017-08-01" status="published"><classification-symbol>B42F1/08</classification-symbol><class-title date-revised="2017-08-01"><title-part><text>of round cross-section </text><CPC-specific-text><text>, e.g. made of wire</text></CPC-specific-text></title-part></class-title></classification-item></classification-item>
<classification-item breakdown-code="false" not-allocatable="false" level="9" additional-only="false" sort-key="B42F1/10" definition-exists="false" ipc-concordant="B42F1/10" c-set-base-allowed="false" c-set-subsequent-allowed="true" date-revised="2013-01-01" status="published"><classification-symbol>B42F1/10</classification-symbol><class-title date-revised="2013-01-01"><title-part><text>non-metallic</text></title-part></class-title></classification-item></classification-item>
<classification-item breakdown-code="false" not-allocatable="false" level="8" additional-only="false" sort-key="B42F1/12" definition-exists="false" ipc-concordant="B42F1/12" c-set-base-allowed="false" c-set-subsequent-allowed="true" date-revised="2013-01-01" status="published"><classification-symbol>B42F1/12</classification-symbol><class-title date-revised="2013-01-01"><title-part><text>Means for attaching together sheet corners exclusively</text></title-part></class-title></classification-item></classification-item>
<classification-item breakdown-code="false" not-allocatable="false" level="7" additional-only="false" sort-key="B42F3/00" definition-exists="true" ipc-concordant="B42F3/00" c-set-base-allowed="false" c-set-subsequent-allowed="true" date-revised="2013-01-01" status="published"><classification-symbol>B42F3/00</classification-symbol><class-title date-revised="2013-01-01"><title-part><text>Sheets temporarily attached together involving perforations</text></title-part><title-part><text>Means therefor</text></title-part><title-part><text>Sheet details therefor </text><reference><text>staples, fasteners in general <class-ref scheme="cpc">F16B</class-ref></text></reference></title-part></class-title>
<classification-item breakdown-code="false" not-allocatable="false" level="8" additional-only="false" sort-key="B42F3/003" definition-exists="false" ipc-concordant="B42F3/00" c-set-base-allowed="false" c-set-subsequent-allowed="true" date-revised="2013-01-01" status="published"><classification-symbol>B42F3/003</classification-symbol><class-title date-revised="2013-01-01"><title-part><CPC-specific-text><text>Perforated or punched sheets</text></CPC-specific-text></title-part></class-title>
<classification-item breakdown-code="false" not-allocatable="false" level="9" additional-only="false" sort-key="B42F3/006" definition-exists="false" ipc-concordant="B42F3/00" c-set-base-allowed="false" c-set-subsequent-allowed="true" date-revised="2013-01-01" status="published"><classification-symbol>B42F3/006</classification-symbol><class-title date-revised="2013-01-01"><title-part><CPC-specific-text><text>with edge reinforcing means</text></CPC-specific-text></title-part></class-title></classification-item></classification-item>
<classification-item breakdown-code="false" not-allocatable="false" level="8" additional-only="false" sort-key="B42F3/02" definition-exists="false" ipc-concordant="B42F3/02" c-set-base-allowed="false" c-set-subsequent-allowed="true" date-revised="2013-01-01" status="published"><classification-symbol>B42F3/02</classification-symbol><class-title date-revised="2013-01-01"><title-part><text>Attachment by means of bifurcated form</text></title-part></class-title></classification-item>
<classification-item breakdown-code="false" not-allocatable="false" level="8" additional-only="false" sort-key="B42F3/04" definition-exists="false" ipc-concordant="B42F3/04" c-set-base-allowed="false" c-set-subsequent-allowed="true" date-revised="2013-01-01" status="published"><classification-symbol>B42F3/04</classification-symbol><class-title date-revised="2013-01-01"><title-part><text>Attachment means of ring, finger or claw form </text><reference><text>ring files <class-ref scheme="cpc">B42F13/16</class-ref>; using such means for permanent attachment <class-ref scheme="cpc">B42B5/08</class-ref></text></reference></title-part></class-title></classification-item>
<classification-item breakdown-code="false" not-allocatable="false" level="8" additional-only="false" sort-key="B42F3/06" definition-exists="false" ipc-concordant="B42F3/06" c-set-base-allowed="false" c-set-subsequent-allowed="true" date-revised="2013-01-01" status="published"><classification-symbol>B42F3/06</classification-symbol><class-title date-revised="2013-01-01"><title-part><text>Attachment means of coiled form</text></title-part></class-title></classification-item></classification-item>
<classification-item breakdown-code="false" not-allocatable="false" level="7" additional-only="false" sort-key="B42F5/00" definition-exists="true" ipc-concordant="B42F5/00" c-set-base-allowed="false" c-set-subsequent-allowed="true" date-revised="2013-01-01" status="published"><classification-symbol>B42F5/00</classification-symbol><class-title date-revised="2013-01-01"><title-part><text>Sheets and objects temporarily attached together</text></title-part><title-part><text>Means therefor</text></title-part><title-part><text>Albums </text><reference><text>bookbinding aspects of albums <class-ref scheme="cpc">B42D1/08</class-ref>; advertising or display aspects <class-ref scheme="cpc">G09</class-ref></text></reference></title-part></class-title>
<classification-item breakdown-code="false" not-allocatable="false" level="8" additional-only="false" sort-key="B42F5/005" definition-exists="false" ipc-concordant="B42F5/00" c-set-base-allowed="false" c-set-subsequent-allowed="true" date-revised="2013-01-01" status="published"><classification-symbol>B42F5/005</classification-symbol><class-title date-revised="2013-01-01"><title-part><CPC-specific-text><text>Albums for record carriers, e.g. for disc records</text></CPC-specific-text></title-part></class-title></classification-item>
<classification-item breakdown-code="false" not-allocatable="false" level="8" additional-only="false" sort-key="B42F5/02" definition-exists="false" ipc-concordant="B42F5/02" c-set-base-allowed="false" c-set-subsequent-allowed="true" date-revised="2013-01-01" status="published"><classification-symbol>B42F5/02</classification-symbol><class-title date-revised="2013-01-01"><title-part><text>Stamp or like filing arrangements in albums</text></title-part></class-title>
<classification-item breakdown-code="false" not-allocatable="false" level="9" additional-only="false" sort-key="B42F5/04" definition-exists="false" ipc-concordant="B42F5/04" c-set-base-allowed="false" c-set-subsequent-allowed="true" date-revised="2013-01-01" status="published"><classification-symbol>B42F5/04</classification-symbol><class-title date-revised="2013-01-01"><title-part><text>with transparent pockets</text></title-part></class-title></classification-item></classification-item>
<classification-item breakdown-code="false" not-allocatable="false" level="8" additional-only="false" sort-key="B42F5/06" definition-exists="false" ipc-concordant="B42F5/06" c-set-base-allowed="false" c-set-subsequent-allowed="true" date-revised="2013-01-01" status="published"><classification-symbol>B42F5/06</classification-symbol><class-title date-revised="2013-01-01"><title-part><text>Corner-holding devices, e.g. for photographs</text></title-part></class-title></classification-item></classification-item></classification-item>
<classification-item breakdown-code="false" not-allocatable="true" level="6" additional-only="false" sort-key="B42F7/00" date-revised="2013-01-01" status="published"><classification-symbol>B42F7/00</classification-symbol><class-title date-revised="2013-01-01"><title-part><text>Filing appliances</text></title-part></class-title>
<classification-item breakdown-code="false" not-allocatable="false" level="7" additional-only="false" sort-key="B42F7/00" definition-exists="true" ipc-concordant="B42F7/00" c-set-base-allowed="false" c-set-subsequent-allowed="true" date-revised="2013-01-01" status="published"><classification-symbol>B42F7/00</classification-symbol><class-title date-revised="2013-01-01"><title-part><text>Filing appliances without fastening means </text><reference><text><class-ref scheme="cpc">B42F17/00</class-ref> takes precedence; suspension files <class-ref scheme="cpc">B42F15/00</class-ref>; wallets, notecases, briefcases <class-ref scheme="cpc">A45C</class-ref>, e.g. <class-ref scheme="cpc">A45C1/00</class-ref>; furniture features <class-ref scheme="cpc">A47B</class-ref>, <class-ref scheme="cpc">A47F</class-ref>; envelopes <class-ref scheme="cpc">B65D</class-ref>, e.g. <class-ref scheme="cpc">B65D27/00</class-ref></text></reference></title-part></class-title>
<classification-item breakdown-code="false" not-allocatable="false" level="8" additional-only="false" sort-key="B42F7/02" definition-exists="false" ipc-concordant="B42F7/02" c-set-base-allowed="false" c-set-subsequent-allowed="true" date-revised="2013-01-01" status="published"><classification-symbol>B42F7/02</classification-symbol><class-title date-revised="2013-01-01"><title-part><CPC-specific-text><text>Filing appliances comprising only one pocket or compartment, e.g.</text></CPC-specific-text><text> single gussetted pockets</text></title-part></class-title>
<classification-item breakdown-code="false" not-allocatable="false" level="9" additional-only="false" sort-key="B42F7/025" definition-exists="false" ipc-concordant="B42F7/02" c-set-base-allowed="false" c-set-subsequent-allowed="true" date-revised="2013-01-01" status="published"><classification-symbol>B42F7/025</classification-symbol><class-title date-revised="2013-01-01"><title-part><CPC-specific-text><text>made of transparent material</text></CPC-specific-text></title-part></class-title></classification-item></classification-item>
<classification-item breakdown-code="false" not-allocatable="false" level="8" additional-only="false" sort-key="B42F7/04" definition-exists="false" ipc-concordant="B42F7/04" c-set-base-allowed="false" c-set-subsequent-allowed="true" date-revised="2013-01-01" status="published"><classification-symbol>B42F7/04</classification-symbol><class-title date-revised="2013-01-01"><title-part><text>Covers with retention means</text></title-part></class-title></classification-item>
<classification-item breakdown-code="false" not-allocatable="false" level="8" additional-only="false" sort-key="B42F7/06" definition-exists="false" ipc-concordant="B42F7/06" c-set-base-allowed="false" c-set-subsequent-allowed="true" date-revised="2013-01-01" status="published"><classification-symbol>B42F7/06</classification-symbol><class-title date-revised="2013-01-01"><title-part><CPC-specific-text><text>Filing appliances comprising a plurality of pockets or compartments, e.g.</text></CPC-specific-text><text> portfolios or cases with a plurality of compartments </text><reference><text>indexing features <class-ref scheme="cpc">B42F21/00</class-ref></text></reference></title-part></class-title>
<classification-item breakdown-code="false" not-allocatable="false" level="9" additional-only="false" sort-key="B42F7/065" definition-exists="false" ipc-concordant="B42F7/06" c-set-base-allowed="false" c-set-subsequent-allowed="true" date-revised="2013-01-01" status="published"><classification-symbol>B42F7/065</classification-symbol><class-title date-revised="2013-01-01"><title-part><CPC-specific-text><text>made of transparent material</text></CPC-specific-text></title-part></class-title></classification-item>
<classification-item breakdown-code="false" not-allocatable="false" level="9" additional-only="false" sort-key="B42F7/08" definition-exists="false" ipc-concordant="B42F7/08" c-set-base-allowed="false" c-set-subsequent-allowed="true" date-revised="2013-01-01" status="published"><classification-symbol>B42F7/08</classification-symbol><class-title date-revised="2013-01-01"><title-part><text>expansible</text></title-part></class-title></classification-item></classification-item>
<classification-item breakdown-code="false" not-allocatable="false" level="8" additional-only="false" sort-key="B42F7/10" definition-exists="false" ipc-concordant="B42F7/10" c-set-base-allowed="false" c-set-subsequent-allowed="true" date-revised="2013-01-01" status="published"><classification-symbol>B42F7/10</classification-symbol><class-title date-revised="2013-01-01"><title-part><text>Trays</text></title-part></class-title>
<classification-item breakdown-code="false" not-allocatable="false" level="9" additional-only="false" sort-key="B42F7/12" definition-exists="false" ipc-concordant="B42F7/12" c-set-base-allowed="false" c-set-subsequent-allowed="true" date-revised="2013-01-01" status="published"><classification-symbol>B42F7/12</classification-symbol><class-title date-revised="2013-01-01"><title-part><text>Stacked trays</text></title-part></class-title></classification-item></classification-item>
<classification-item breakdown-code="false" not-allocatable="false" level="8" additional-only="false" sort-key="B42F7/14" definition-exists="false" ipc-concordant="B42F7/14" c-set-base-allowed="false" c-set-subsequent-allowed="true" date-revised="2013-01-01" status="published"><classification-symbol>B42F7/14</classification-symbol><class-title date-revised="2013-01-01"><title-part><text>Boxes </text><reference><text>box features in general <class-ref scheme="cpc">B65D</class-ref></text></reference></title-part></class-title>
<classification-item breakdown-code="false" not-allocatable="false" level="9" additional-only="false" sort-key="B42F7/145" definition-exists="false" ipc-concordant="B42F7/14" c-set-base-allowed="false" c-set-subsequent-allowed="true" date-revised="2013-01-01" status="published"><classification-symbol>B42F7/145</classification-symbol><class-title date-revised="2013-01-01"><title-part><CPC-specific-text><text>for vertically storing documents</text></CPC-specific-text></title-part></class-title></classification-item></classification-item></classification-item>
<classification-item breakdown-code="false" not-allocatable="false" level="7" additional-only="false" sort-key="B42F9/00" definition-exists="true" ipc-concordant="B42F9/00" c-set-base-allowed="false" c-set-subsequent-allowed="true" date-revised="2013-01-01" status="published"><classification-symbol>B42F9/00</classification-symbol><class-title date-revised="2013-01-01"><title-part><text>Filing appliances with devices clamping file edges</text></title-part><title-part><text>Covers with clamping backs </text><reference><text><class-ref scheme="cpc">B42F13/00</class-ref>, <class-ref scheme="cpc">B42F17/00</class-ref> take precedence</text></reference></title-part></class-title>
<classification-item breakdown-code="false" not-allocatable="false" level="8" additional-only="false" sort-key="B42F9/001" definition-exists="false" ipc-concordant="B42F9/00" c-set-base-allowed="false" c-set-subsequent-allowed="true" date-revised="2013-01-01" status="published"><classification-symbol>B42F9/001</classification-symbol><class-title date-revised="2013-01-01"><title-part><CPC-specific-text><text>Clip boards</text></CPC-specific-text></title-part></class-title>
<classification-item breakdown-code="false" not-allocatable="false" level="9" additional-only="false" sort-key="B42F9/002" definition-exists="false" ipc-concordant="B42F9/00" c-set-base-allowed="false" c-set-subsequent-allowed="true" date-revised="2013-01-01" status="published"><classification-symbol>B42F9/002</classification-symbol><class-title date-revised="2013-01-01"><title-part><CPC-specific-text><text>combined with auxiliary devices, e.g. pencils</text></CPC-specific-text></title-part></class-title>
<classification-item breakdown-code="false" not-allocatable="false" level="10" additional-only="false" sort-key="B42F9/004" definition-exists="false" ipc-concordant="B42F9/00" c-set-base-allowed="false" c-set-subsequent-allowed="true" date-revised="2013-01-01" status="published"><classification-symbol>B42F9/004</classification-symbol><class-title date-revised="2013-01-01"><title-part><CPC-specific-text><text>with illuminating means</text></CPC-specific-text></title-part></class-title></classification-item>
<classification-item breakdown-code="false" not-allocatable="false" level="10" additional-only="false" sort-key="B42F9/005" definition-exists="false" ipc-concordant="B42F9/00" c-set-base-allowed="false" c-set-subsequent-allowed="true" date-revised="2013-01-01" status="published"><classification-symbol>B42F9/005</classification-symbol><class-title date-revised="2013-01-01"><title-part><CPC-specific-text><text>with auxiliary filing means</text></CPC-specific-text></title-part></class-title></classification-item></classification-item></classification-item>
<classification-item breakdown-code="false" not-allocatable="false" level="8" additional-only="false" sort-key="B42F9/007" definition-exists="false" ipc-concordant="B42F9/00" c-set-base-allowed="false" c-set-subsequent-allowed="true" date-revised="2013-01-01" status="published"><classification-symbol>B42F9/007</classification-symbol><class-title date-revised="2013-01-01"><title-part><CPC-specific-text><text>with sliding clamping means</text></CPC-specific-text></title-part></class-title></classification-item>
<classification-item breakdown-code="false" not-allocatable="false" level="8" additional-only="false" sort-key="B42F9/008" definition-exists="false" ipc-concordant="B42F9/00" c-set-base-allowed="false" c-set-subsequent-allowed="true" date-revised="2013-01-01" status="published"><classification-symbol>B42F9/008</classification-symbol><class-title date-revised="2013-01-01"><title-part><CPC-specific-text><text>with symmetrical generally U-shaped clamps</text></CPC-specific-text></title-part></class-title></classification-item></classification-item>
<classification-item breakdown-code="false" not-allocatable="false" level="7" additional-only="false" sort-key="B42F11/00" definition-exists="true" ipc-concordant="B42F11/00" c-set-base-allowed="false" c-set-subsequent-allowed="true" date-revised="2013-01-01" status="published"><classification-symbol>B42F11/00</classification-symbol><class-title date-revised="2013-01-01"><title-part><text>Filing appliances with separate intermediate holding means </text><reference><text><class-ref scheme="cpc">B42F17/00</class-ref> takes precedence; with adhesive strips for mounting papers or sheets <class-ref scheme="cpc">B42D1/10</class-ref></text></reference></title-part></class-title>
<classification-item breakdown-code="false" not-allocatable="false" level="8" additional-only="false" sort-key="B42F11/02" definition-exists="false" ipc-concordant="B42F11/02" c-set-base-allowed="false" c-set-subsequent-allowed="true" date-revised="2013-01-01" status="published"><classification-symbol>B42F11/02</classification-symbol><class-title date-revised="2013-01-01"><title-part><text>engaging folds </text><CPC-specific-text><reference><text><class-ref scheme="cpc">B42F11/04</class-ref> takes precedence</text></reference></CPC-specific-text></title-part></class-title></classification-item>
<classification-item breakdown-code="false" not-allocatable="false" level="8" additional-only="false" sort-key="B42F11/04" definition-exists="false" ipc-concordant="B42F11/04" c-set-base-allowed="false" c-set-subsequent-allowed="true" date-revised="2013-01-01" status="published"><classification-symbol>B42F11/04</classification-symbol><class-title date-revised="2013-01-01"><title-part><text>magnetic</text></title-part></class-title></classification-item></classification-item>
<classification-item breakdown-code="false" not-allocatable="false" level="7" additional-only="false" sort-key="B42F13/00" definition-exists="true" ipc-concordant="B42F13/00" c-set-base-allowed="false" c-set-subsequent-allowed="true" date-revised="2013-01-01" status="published"><classification-symbol>B42F13/00</classification-symbol><class-title date-revised="2013-01-01"><title-part><text>Filing appliances with means for engaging perforations or slots </text><reference><text><class-ref scheme="cpc">B42F17/00</class-ref> takes precedence; indexing features <class-ref scheme="cpc">B42F21/00</class-ref></text></reference></title-part></class-title>
<classification-item breakdown-code="false" not-allocatable="false" level="8" additional-only="false" sort-key="B42F13/0006" definition-exists="false" ipc-concordant="B42F13/00" c-set-base-allowed="false" c-set-subsequent-allowed="true" date-revised="2013-01-01" status="published"><classification-symbol>B42F13/0006</classification-symbol><class-title date-revised="2013-01-01"><title-part><CPC-specific-text><text>Covers for loose-leaf binders </text><reference><text>book covers <class-ref scheme="cpc">B42D3/00</class-ref></text></reference></CPC-specific-text></title-part></class-title>
<classification-item breakdown-code="false" not-allocatable="false" level="9" additional-only="false" sort-key="B42F13/0013" definition-exists="false" ipc-concordant="B42F13/00" c-set-base-allowed="false" c-set-subsequent-allowed="true" date-revised="2013-01-01" status="published"><classification-symbol>B42F13/0013</classification-symbol><class-title date-revised="2013-01-01"><title-part><CPC-specific-text><text>made of special materials</text></CPC-specific-text></title-part></class-title></classification-item>
<classification-item breakdown-code="false" not-allocatable="false" level="9" additional-only="false" sort-key="B42F13/002" definition-exists="false" ipc-concordant="B42F13/00" c-set-base-allowed="false" c-set-subsequent-allowed="true" date-revised="2013-01-01" status="published"><classification-symbol>B42F13/002</classification-symbol><class-title date-revised="2013-01-01"><title-part><CPC-specific-text><text>with hinges</text></CPC-specific-text></title-part></class-title></classification-item>
<classification-item breakdown-code="false" not-allocatable="false" level="9" additional-only="false" sort-key="B42F13/0026" definition-exists="false" ipc-concordant="B42F13/00" c-set-base-allowed="false" c-set-subsequent-allowed="true" date-revised="2013-01-01" status="published"><classification-symbol>B42F13/0026</classification-symbol><class-title date-revised="2013-01-01"><title-part><CPC-specific-text><text>with locks or closures</text></CPC-specific-text></title-part></class-title></classification-item>
<classification-item breakdown-code="false" not-allocatable="false" level="9" additional-only="false" sort-key="B42F13/0033" definition-exists="false" ipc-concordant="B42F13/00" c-set-base-allowed="false" c-set-subsequent-allowed="true" date-revised="2013-01-01" status="published"><classification-symbol>B42F13/0033</classification-symbol><class-title date-revised="2013-01-01"><title-part><CPC-specific-text><text>with two or more filing appliances </text><reference><text>books with two or more sets of sheets <class-ref scheme="cpc">B42D1/001</class-ref></text></reference></CPC-specific-text></title-part></class-title></classification-item>
<classification-item breakdown-code="false" not-allocatable="false" level="9" additional-only="false" sort-key="B42F13/004" definition-exists="false" ipc-concordant="B42F13/00" c-set-base-allowed="false" c-set-subsequent-allowed="true" date-revised="2013-01-01" status="published"><classification-symbol>B42F13/004</classification-symbol><class-title date-revised="2013-01-01"><title-part><CPC-specific-text><text>Devices for protecting or reinforcing covers, e.g. edges or corners </text><reference><text>attaching said devices <class-ref scheme="cpc">B42C7/007</class-ref></text></reference></CPC-specific-text></title-part></class-title>
<classification-item breakdown-code="false" not-allocatable="false" level="10" additional-only="false" sort-key="B42F13/0046" definition-exists="false" ipc-concordant="B42F13/00" c-set-base-allowed="false" c-set-subsequent-allowed="true" date-revised="2013-01-01" status="published"><classification-symbol>B42F13/0046</classification-symbol><class-title date-revised="2013-01-01"><title-part><CPC-specific-text><text>against ring damage</text></CPC-specific-text></title-part></class-title></classification-item></classification-item>
<classification-item breakdown-code="false" not-allocatable="false" level="9" additional-only="false" sort-key="B42F13/0053" definition-exists="false" ipc-concordant="B42F13/00" c-set-base-allowed="false" c-set-subsequent-allowed="true" date-revised="2013-01-01" status="published"><classification-symbol>B42F13/0053</classification-symbol><class-title date-revised="2013-01-01"><title-part><CPC-specific-text><text>Indexing means on file covers</text></CPC-specific-text></title-part></class-title>
<classification-item breakdown-code="false" not-allocatable="false" level="10" additional-only="false" sort-key="B42F13/006" definition-exists="false" ipc-concordant="B42F13/00" c-set-base-allowed="false" c-set-subsequent-allowed="true" date-revised="2013-01-01" status="published"><classification-symbol>B42F13/006</classification-symbol><class-title date-revised="2013-01-01"><title-part><CPC-specific-text><text>applied on the back of file covers</text></CPC-specific-text></title-part></class-title></classification-item></classification-item>
<classification-item breakdown-code="false" not-allocatable="false" level="9" additional-only="false" sort-key="B42F13/0066" definition-exists="false" ipc-concordant="B42F13/00" c-set-base-allowed="false" c-set-subsequent-allowed="true" date-revised="2013-01-01" status="published"><classification-symbol>B42F13/0066</classification-symbol><class-title date-revised="2013-01-01"><title-part><CPC-specific-text><text>with means for attaching the filing appliance to the cover</text></CPC-specific-text></title-part></class-title>
<classification-item breakdown-code="false" not-allocatable="false" level="10" additional-only="false" sort-key="B42F13/0073" definition-exists="false" ipc-concordant="B42F13/00" c-set-base-allowed="false" c-set-subsequent-allowed="true" date-revised="2013-01-01" status="published"><classification-symbol>B42F13/0073</classification-symbol><class-title date-revised="2013-01-01"><title-part><CPC-specific-text><text>removable</text></CPC-specific-text></title-part></class-title></classification-item></classification-item>
<classification-item breakdown-code="false" not-allocatable="false" level="9" additional-only="false" sort-key="B42F13/008" definition-exists="false" ipc-concordant="B42F13/00" c-set-base-allowed="false" c-set-subsequent-allowed="true" date-revised="2013-01-01" status="published"><classification-symbol>B42F13/008</classification-symbol><class-title date-revised="2013-01-01"><title-part><CPC-specific-text><text>Slots or openings in covers for rings</text></CPC-specific-text></title-part></class-title></classification-item>
<classification-item breakdown-code="false" not-allocatable="false" level="9" additional-only="false" sort-key="B42F13/0086" definition-exists="false" ipc-concordant="B42F13/00" c-set-base-allowed="false" c-set-subsequent-allowed="true" date-revised="2013-01-01" status="published"><classification-symbol>B42F13/0086</classification-symbol><class-title date-revised="2013-01-01"><title-part><CPC-specific-text><text>Auxiliary ring supports on covers</text></CPC-specific-text></title-part></class-title></classification-item></classification-item>
<classification-item breakdown-code="false" not-allocatable="false" level="8" additional-only="false" sort-key="B42F13/0093" definition-exists="false" ipc-concordant="B42F13/00" c-set-base-allowed="false" c-set-subsequent-allowed="true" date-revised="2013-01-01" status="published"><classification-symbol>B42F13/0093</classification-symbol><class-title date-revised="2013-01-01"><title-part><CPC-specific-text><text>Binding devices co-operating with corner or back cut-outs of the stack</text></CPC-specific-text></title-part></class-title></classification-item>
<classification-item breakdown-code="false" not-allocatable="false" level="8" additional-only="false" sort-key="B42F13/02" definition-exists="false" ipc-concordant="B42F13/02" c-set-base-allowed="false" c-set-subsequent-allowed="true" date-revised="2013-01-01" status="published"><classification-symbol>B42F13/02</classification-symbol><class-title date-revised="2013-01-01"><title-part><text>with flexible or resilient means </text><CPC-specific-text><reference><text>with flexible or resilient claws or rings <class-ref scheme="cpc">B42F13/165</class-ref></text></reference></CPC-specific-text></title-part></class-title>
<classification-item breakdown-code="false" not-allocatable="false" level="9" additional-only="false" sort-key="B42F13/04" definition-exists="false" ipc-concordant="B42F13/04" c-set-base-allowed="false" c-set-subsequent-allowed="true" date-revised="2013-01-01" status="published"><classification-symbol>B42F13/04</classification-symbol><class-title date-revised="2013-01-01"><title-part><text>with cords, coils, or chains</text></title-part></class-title></classification-item>
<classification-item breakdown-code="false" not-allocatable="false" level="9" additional-only="false" sort-key="B42F13/06" definition-exists="false" ipc-concordant="B42F13/06" c-set-base-allowed="false" c-set-subsequent-allowed="true" date-revised="2013-01-01" status="published"><classification-symbol>B42F13/06</classification-symbol><class-title date-revised="2013-01-01"><title-part><text>with strips or bands</text></title-part></class-title>
<classification-item breakdown-code="false" not-allocatable="false" level="10" additional-only="false" sort-key="B42F13/08" definition-exists="false" ipc-concordant="B42F13/08" c-set-base-allowed="false" c-set-subsequent-allowed="true" date-revised="2013-01-01" status="published"><classification-symbol>B42F13/08</classification-symbol><class-title date-revised="2013-01-01"><title-part><text>of metal</text></title-part></class-title></classification-item>
<classification-item breakdown-code="false" not-allocatable="false" level="10" additional-only="false" sort-key="B42F13/10" definition-exists="false" ipc-concordant="B42F13/10" c-set-base-allowed="false" c-set-subsequent-allowed="true" date-revised="2017-08-01" status="published"><classification-symbol>B42F13/10</classification-symbol><class-title date-revised="2017-08-01"><title-part><text>of plastics</text></title-part></class-title></classification-item></classification-item></classification-item>
<classification-item breakdown-code="false" not-allocatable="false" level="8" additional-only="false" sort-key="B42F13/12" definition-exists="false" ipc-concordant="B42F13/12" c-set-base-allowed="false" c-set-subsequent-allowed="true" date-revised="2013-01-01" status="published"><classification-symbol>B42F13/12</classification-symbol><class-title date-revised="2013-01-01"><title-part><text>with pillars, posts, rods, or tubes </text><reference><text><class-ref scheme="cpc">B42F13/30</class-ref> takes precedence</text></reference></title-part></class-title>
<classification-item breakdown-code="false" not-allocatable="false" level="9" additional-only="false" sort-key="B42F13/14" definition-exists="false" ipc-concordant="B42F13/14" c-set-base-allowed="false" c-set-subsequent-allowed="true" date-revised="2013-01-01" status="published"><classification-symbol>B42F13/14</classification-symbol><class-title date-revised="2013-01-01"><title-part><text>with clamping or locking means </text><reference><text>pressure bars <class-ref scheme="cpc">B42F13/36</class-ref></text></reference></title-part></class-title></classification-item></classification-item>
<classification-item breakdown-code="false" not-allocatable="false" level="8" additional-only="false" sort-key="B42F13/16" definition-exists="false" ipc-concordant="B42F13/16" c-set-base-allowed="false" c-set-subsequent-allowed="true" date-revised="2013-01-01" status="published"><classification-symbol>B42F13/16</classification-symbol><class-title date-revised="2013-01-01"><title-part><text>with claws or rings </text><reference><text><class-ref scheme="cpc">B42F13/30</class-ref> takes precedence; for permanent binding <class-ref scheme="cpc">B42B5/08</class-ref></text></reference></title-part></class-title>
<classification-item breakdown-code="false" not-allocatable="false" level="9" additional-only="false" sort-key="B42F13/165" definition-exists="false" ipc-concordant="B42F13/16" c-set-base-allowed="false" c-set-subsequent-allowed="true" date-revised="2013-01-01" status="published"><classification-symbol>B42F13/165</classification-symbol><class-title date-revised="2013-01-01"><title-part><CPC-specific-text><text>with flexible or resilient claws or rings </text><reference><text>using comb-like elements for permanent binding <class-ref scheme="cpc">B42B5/10</class-ref>; using coils for permanent binding <class-ref scheme="cpc">B42B5/12</class-ref></text></reference></CPC-specific-text></title-part></class-title></classification-item>
<classification-item breakdown-code="false" not-allocatable="false" level="9" additional-only="false" sort-key="B42F13/18" definition-exists="false" ipc-concordant="B42F13/18" c-set-base-allowed="false" c-set-subsequent-allowed="true" date-revised="2013-01-01" status="published"><classification-symbol>B42F13/18</classification-symbol><class-title date-revised="2013-01-01"><title-part><text>on two bars relatively movable longitudinally</text></title-part></class-title></classification-item>
<classification-item breakdown-code="false" not-allocatable="false" level="9" additional-only="false" sort-key="B42F13/20" definition-exists="false" ipc-concordant="B42F13/20" c-set-base-allowed="false" c-set-subsequent-allowed="true" date-revised="2013-01-01" status="published"><classification-symbol>B42F13/20</classification-symbol><class-title date-revised="2013-01-01"><title-part><text>pivotable about an axis or axes parallel to binding edges</text></title-part></class-title>
<classification-item breakdown-code="false" not-allocatable="false" level="10" additional-only="false" sort-key="B42F13/22" definition-exists="false" ipc-concordant="B42F13/22" c-set-base-allowed="false" c-set-subsequent-allowed="true" date-revised="2013-01-01" status="published"><classification-symbol>B42F13/22</classification-symbol><class-title date-revised="2013-01-01"><title-part><text>in two sections engaging each other when closed</text></title-part></class-title>
<classification-item breakdown-code="false" not-allocatable="false" level="11" additional-only="false" sort-key="B42F13/24" definition-exists="false" ipc-concordant="B42F13/24" c-set-base-allowed="false" c-set-subsequent-allowed="true" date-revised="2013-01-01" status="published"><classification-symbol>B42F13/24</classification-symbol><class-title date-revised="2013-01-01"><title-part><text>wherein one section is in the form of fixed rods</text></title-part></class-title></classification-item>
<classification-item breakdown-code="false" not-allocatable="false" level="11" additional-only="false" sort-key="B42F13/26" definition-exists="false" ipc-concordant="B42F13/26" c-set-base-allowed="false" c-set-subsequent-allowed="true" date-revised="2013-01-01" status="published"><classification-symbol>B42F13/26</classification-symbol><class-title date-revised="2013-01-01"><title-part><text>and locked when so engaged, e.g. snap-action</text></title-part></class-title></classification-item></classification-item>
<classification-item breakdown-code="false" not-allocatable="false" level="10" additional-only="false" sort-key="B42F13/28" definition-exists="false" ipc-concordant="B42F13/28" c-set-base-allowed="false" c-set-subsequent-allowed="true" date-revised="2013-01-01" status="published"><classification-symbol>B42F13/28</classification-symbol><class-title date-revised="2013-01-01"><title-part><text>in two staggered sections</text></title-part></class-title></classification-item></classification-item></classification-item>
<classification-item breakdown-code="false" not-allocatable="false" level="8" additional-only="false" sort-key="B42F13/30" definition-exists="false" ipc-concordant="B42F13/30" c-set-base-allowed="false" c-set-subsequent-allowed="true" date-revised="2013-01-01" status="published"><classification-symbol>B42F13/30</classification-symbol><class-title date-revised="2013-01-01"><title-part><text>having a set of rods within a set of tubes for a substantial distance when closed</text></title-part></class-title>
<classification-item breakdown-code="false" not-allocatable="false" level="9" additional-only="false" sort-key="B42F13/32" definition-exists="false" ipc-concordant="B42F13/32" c-set-base-allowed="false" c-set-subsequent-allowed="true" date-revised="2013-01-01" status="published"><classification-symbol>B42F13/32</classification-symbol><class-title date-revised="2013-01-01"><title-part><text>the nesting portions of the rods and tubes being straight</text></title-part></class-title>
<classification-item breakdown-code="false" not-allocatable="false" level="10" additional-only="false" sort-key="B42F13/34" definition-exists="false" ipc-concordant="B42F13/34" c-set-base-allowed="false" c-set-subsequent-allowed="true" date-revised="2013-01-01" status="published"><classification-symbol>B42F13/34</classification-symbol><class-title date-revised="2013-01-01"><title-part><text>with the rods locking in the tubes</text></title-part></class-title></classification-item></classification-item></classification-item>
<classification-item breakdown-code="false" not-allocatable="false" level="8" additional-only="false" sort-key="B42F13/36" definition-exists="false" ipc-concordant="B42F13/36" c-set-base-allowed="false" c-set-subsequent-allowed="true" date-revised="2013-01-01" status="published"><classification-symbol>B42F13/36</classification-symbol><class-title date-revised="2013-01-01"><title-part><text>Locking followers</text></title-part><title-part><text>Pressure bars</text></title-part></class-title></classification-item>
<classification-item breakdown-code="false" not-allocatable="false" level="8" additional-only="false" sort-key="B42F13/38" definition-exists="false" ipc-concordant="B42F13/38" c-set-base-allowed="false" c-set-subsequent-allowed="true" date-revised="2013-01-01" status="published"><classification-symbol>B42F13/38</classification-symbol><class-title date-revised="2013-01-01"><title-part><text>Expansible cover splines </text><CPC-specific-text><text>or spines</text></CPC-specific-text></title-part></class-title></classification-item>
<classification-item breakdown-code="false" not-allocatable="false" level="8" additional-only="false" sort-key="B42F13/40" definition-exists="false" ipc-concordant="B42F13/40" c-set-base-allowed="false" c-set-subsequent-allowed="true" date-revised="2013-01-01" status="published"><classification-symbol>B42F13/40</classification-symbol><class-title date-revised="2013-01-01"><title-part><text>combined or formed with other articles, e.g. punches, stands</text></title-part></class-title>
<classification-item breakdown-code="false" not-allocatable="false" level="9" additional-only="false" sort-key="B42F13/402" definition-exists="false" ipc-concordant="B42F13/40" c-set-base-allowed="false" c-set-subsequent-allowed="true" date-revised="2013-01-01" status="published"><classification-symbol>B42F13/402</classification-symbol><class-title date-revised="2013-01-01"><title-part><CPC-specific-text><text>enabling the cover to be positioned upright </text><reference><text>for books <class-ref scheme="cpc">B42D3/126</class-ref></text></reference></CPC-specific-text></title-part></class-title></classification-item>
<classification-item breakdown-code="false" not-allocatable="false" level="9" additional-only="false" sort-key="B42F13/404" definition-exists="false" ipc-concordant="B42F13/40" c-set-base-allowed="false" c-set-subsequent-allowed="true" date-revised="2013-01-01" status="published"><classification-symbol>B42F13/404</classification-symbol><class-title date-revised="2013-01-01"><title-part><CPC-specific-text><text>with punches</text></CPC-specific-text></title-part></class-title></classification-item>
<classification-item breakdown-code="false" not-allocatable="false" level="9" additional-only="false" sort-key="B42F13/406" definition-exists="false" ipc-concordant="B42F13/40" c-set-base-allowed="false" c-set-subsequent-allowed="true" date-revised="2013-01-01" status="published"><classification-symbol>B42F13/406</classification-symbol><class-title date-revised="2013-01-01"><title-part><CPC-specific-text><text>with means for holding pencils</text></CPC-specific-text></title-part></class-title></classification-item>
<classification-item breakdown-code="false" not-allocatable="false" level="9" additional-only="false" sort-key="B42F13/408" definition-exists="false" ipc-concordant="B42F13/40" c-set-base-allowed="false" c-set-subsequent-allowed="true" date-revised="2013-01-01" status="published"><classification-symbol>B42F13/408</classification-symbol><class-title date-revised="2013-01-01"><title-part><CPC-specific-text><text>with sheet rests or sheet lifters</text></CPC-specific-text></title-part></class-title></classification-item></classification-item>
<classification-item breakdown-code="false" not-allocatable="false" level="8" additional-only="false" sort-key="B42F13/42" definition-exists="false" ipc-concordant="B42F13/42" c-set-base-allowed="false" c-set-subsequent-allowed="true" date-revised="2013-01-01" status="published"><classification-symbol>B42F13/42</classification-symbol><class-title date-revised="2013-01-01"><title-part><text>Content transfer devices</text></title-part><title-part><text>Converting into permanent binders</text></title-part></class-title></classification-item></classification-item>
<classification-item breakdown-code="false" not-allocatable="false" level="7" additional-only="false" sort-key="B42F15/00" definition-exists="true" ipc-concordant="B42F15/00" c-set-base-allowed="false" c-set-subsequent-allowed="true" date-revised="2013-01-01" status="published"><classification-symbol>B42F15/00</classification-symbol><class-title date-revised="2013-01-01"><title-part><text>Suspended filing appliances </text><reference><text>indexing features <class-ref scheme="cpc">B42F21/00</class-ref>; hanging of books, newspapers or the like <class-ref scheme="cpc">B42D17/00</class-ref>; </text><CPC-specific-text><text>manufacturing suspended files <class-ref scheme="cpc">B42C7/001</class-ref></text></CPC-specific-text></reference></title-part></class-title>
<classification-item breakdown-code="false" not-allocatable="false" level="8" additional-only="false" sort-key="B42F15/0005" definition-exists="false" ipc-concordant="B42F15/00" c-set-base-allowed="false" c-set-subsequent-allowed="true" date-revised="2013-01-01" status="published"><classification-symbol>B42F15/0005</classification-symbol><class-title date-revised="2013-01-01"><title-part><CPC-specific-text><text>for record carriers, e.g. for disc records</text></CPC-specific-text></title-part></class-title></classification-item>
<classification-item breakdown-code="false" not-allocatable="false" level="8" additional-only="false" sort-key="B42F15/0011" definition-exists="false" ipc-concordant="B42F15/00" c-set-base-allowed="false" c-set-subsequent-allowed="true" date-revised="2013-01-01" status="published"><classification-symbol>B42F15/0011</classification-symbol><class-title date-revised="2013-01-01"><title-part><CPC-specific-text><text>for sheets, stacks of temporarily bound sheets</text></CPC-specific-text></title-part></class-title>
<classification-item breakdown-code="false" not-allocatable="false" level="9" additional-only="false" sort-key="B42F15/0017" definition-exists="false" ipc-concordant="B42F15/00" c-set-base-allowed="false" c-set-subsequent-allowed="true" date-revised="2013-01-01" status="published"><classification-symbol>B42F15/0017</classification-symbol><class-title date-revised="2013-01-01"><title-part><CPC-specific-text><text>for filing individual loose sheets</text></CPC-specific-text></title-part></class-title>
<classification-item breakdown-code="false" not-allocatable="false" level="10" additional-only="false" sort-key="B42F15/0023" definition-exists="false" ipc-concordant="B42F15/00" c-set-base-allowed="false" c-set-subsequent-allowed="true" date-revised="2013-01-01" status="published"><classification-symbol>B42F15/0023</classification-symbol><class-title date-revised="2013-01-01"><title-part><CPC-specific-text><text>with single suspension means</text></CPC-specific-text></title-part></class-title>
<classification-item breakdown-code="false" not-allocatable="false" level="11" additional-only="false" sort-key="B42F15/0029" definition-exists="false" ipc-concordant="B42F15/00" c-set-base-allowed="false" c-set-subsequent-allowed="true" date-revised="2013-01-01" status="published"><classification-symbol>B42F15/0029</classification-symbol><class-title date-revised="2013-01-01"><title-part><CPC-specific-text><text>suspended in the middle</text></CPC-specific-text></title-part></class-title></classification-item>
<classification-item breakdown-code="false" not-allocatable="false" level="11" additional-only="false" sort-key="B42F15/0035" definition-exists="false" ipc-concordant="B42F15/00" c-set-base-allowed="false" c-set-subsequent-allowed="true" date-revised="2013-01-01" status="published"><classification-symbol>B42F15/0035</classification-symbol><class-title date-revised="2013-01-01"><title-part><CPC-specific-text><text>suspended at both extremities</text></CPC-specific-text></title-part></class-title></classification-item>
<classification-item breakdown-code="false" not-allocatable="false" level="11" additional-only="false" sort-key="B42F15/0041" definition-exists="false" ipc-concordant="B42F15/00" c-set-base-allowed="false" c-set-subsequent-allowed="true" date-revised="2013-01-01" status="published"><classification-symbol>B42F15/0041</classification-symbol><class-title date-revised="2013-01-01"><title-part><CPC-specific-text><text>suspended at other than the middle and the extremity</text></CPC-specific-text></title-part></class-title></classification-item></classification-item>
<classification-item breakdown-code="false" not-allocatable="false" level="10" additional-only="false" sort-key="B42F15/0047" definition-exists="false" ipc-concordant="B42F15/00" c-set-base-allowed="false" c-set-subsequent-allowed="true" date-revised="2013-01-01" status="published"><classification-symbol>B42F15/0047</classification-symbol><class-title date-revised="2013-01-01"><title-part><CPC-specific-text><text>with two ore more of suspension means</text></CPC-specific-text></title-part></class-title></classification-item></classification-item>
<classification-item breakdown-code="false" not-allocatable="false" level="9" additional-only="false" sort-key="B42F15/0052" definition-exists="false" ipc-concordant="B42F15/00" c-set-base-allowed="false" c-set-subsequent-allowed="true" date-revised="2013-01-01" status="published"><classification-symbol>B42F15/0052</classification-symbol><class-title date-revised="2013-01-01"><title-part><CPC-specific-text><text>for suspending stacks of temporarily bound sheets</text></CPC-specific-text></title-part></class-title>
<classification-item breakdown-code="false" not-allocatable="false" level="10" additional-only="false" sort-key="B42F15/0058" definition-exists="false" ipc-concordant="B42F15/00" c-set-base-allowed="false" c-set-subsequent-allowed="true" date-revised="2013-01-01" status="published"><classification-symbol>B42F15/0058</classification-symbol><class-title date-revised="2013-01-01"><title-part><CPC-specific-text><text>with fixed suspension means</text></CPC-specific-text></title-part></class-title></classification-item>
<classification-item breakdown-code="false" not-allocatable="false" level="10" additional-only="false" sort-key="B42F15/0064" definition-exists="false" ipc-concordant="B42F15/00" c-set-base-allowed="false" c-set-subsequent-allowed="true" date-revised="2013-01-01" status="published"><classification-symbol>B42F15/0064</classification-symbol><class-title date-revised="2013-01-01"><title-part><CPC-specific-text><text>with movable suspension means</text></CPC-specific-text></title-part></class-title></classification-item></classification-item></classification-item>
<classification-item breakdown-code="false" not-allocatable="false" level="8" additional-only="false" sort-key="B42F15/007" definition-exists="false" ipc-concordant="B42F15/00" c-set-base-allowed="false" c-set-subsequent-allowed="true" date-revised="2013-01-01" status="published"><classification-symbol>B42F15/007</classification-symbol><class-title date-revised="2013-01-01"><title-part><CPC-specific-text><text>Support structures for suspended files </text><reference><text>hanging large drawings <class-ref scheme="cpc">B42F15/06</class-ref></text></reference></CPC-specific-text></title-part></class-title>
<classification-item breakdown-code="false" not-allocatable="false" level="9" additional-only="false" sort-key="B42F15/0076" definition-exists="false" ipc-concordant="B42F15/00" c-set-base-allowed="false" c-set-subsequent-allowed="true" date-revised="2013-01-01" status="published"><classification-symbol>B42F15/0076</classification-symbol><class-title date-revised="2013-01-01"><title-part><CPC-specific-text><text>rotatable around a vertical axis</text></CPC-specific-text></title-part></class-title></classification-item>
<classification-item breakdown-code="false" not-allocatable="false" level="9" additional-only="false" sort-key="B42F15/0082" definition-exists="false" ipc-concordant="B42F15/00" c-set-base-allowed="false" c-set-subsequent-allowed="true" date-revised="2013-01-01" status="published"><classification-symbol>B42F15/0082</classification-symbol><class-title date-revised="2013-01-01"><title-part><CPC-specific-text><text>with a fixed support</text></CPC-specific-text></title-part></class-title>
<classification-item breakdown-code="false" not-allocatable="false" level="10" additional-only="false" sort-key="B42F15/0088" definition-exists="false" ipc-concordant="B42F15/00" c-set-base-allowed="false" c-set-subsequent-allowed="true" date-revised="2013-01-01" status="published"><classification-symbol>B42F15/0088</classification-symbol><class-title date-revised="2013-01-01"><title-part><CPC-specific-text><text>with access from the side</text></CPC-specific-text></title-part></class-title></classification-item>
<classification-item breakdown-code="false" not-allocatable="false" level="10" additional-only="false" sort-key="B42F15/0094" definition-exists="false" ipc-concordant="B42F15/00" c-set-base-allowed="false" c-set-subsequent-allowed="true" date-revised="2013-01-01" status="published"><classification-symbol>B42F15/0094</classification-symbol><class-title date-revised="2013-01-01"><title-part><CPC-specific-text><text>with access from above</text></CPC-specific-text></title-part></class-title></classification-item></classification-item></classification-item>
<classification-item breakdown-code="false" not-allocatable="false" level="8" additional-only="false" sort-key="B42F15/02" definition-exists="false" ipc-concordant="B42F15/02" c-set-base-allowed="false" c-set-subsequent-allowed="true" date-revised="2013-01-01" status="published"><classification-symbol>B42F15/02</classification-symbol><class-title date-revised="2013-01-01"><title-part><text>in concertina form</text></title-part></class-title>
<classification-item breakdown-code="false" not-allocatable="false" level="9" additional-only="false" sort-key="B42F15/023" definition-exists="false" ipc-concordant="B42F15/02" c-set-base-allowed="false" c-set-subsequent-allowed="true" date-revised="2013-01-01" status="published"><classification-symbol>B42F15/023</classification-symbol><class-title date-revised="2013-01-01"><title-part><CPC-specific-text><text>joined from above</text></CPC-specific-text></title-part></class-title></classification-item>
<classification-item breakdown-code="false" not-allocatable="false" level="9" additional-only="false" sort-key="B42F15/026" definition-exists="false" ipc-concordant="B42F15/02" c-set-base-allowed="false" c-set-subsequent-allowed="true" date-revised="2013-01-01" status="published"><classification-symbol>B42F15/026</classification-symbol><class-title date-revised="2013-01-01"><title-part><CPC-specific-text><text>joined on the side</text></CPC-specific-text></title-part></class-title></classification-item></classification-item>
<classification-item breakdown-code="false" not-allocatable="false" level="8" additional-only="false" sort-key="B42F15/04" definition-exists="false" ipc-concordant="B42F15/04" c-set-base-allowed="false" c-set-subsequent-allowed="true" date-revised="2013-01-01" status="published"><classification-symbol>B42F15/04</classification-symbol><class-title date-revised="2013-01-01"><title-part><text>Backs or the like therefor</text></title-part></class-title></classification-item>
<classification-item breakdown-code="false" not-allocatable="false" level="8" additional-only="false" sort-key="B42F15/06" definition-exists="false" ipc-concordant="B42F15/06" c-set-base-allowed="false" c-set-subsequent-allowed="true" date-revised="2013-01-01" status="published"><classification-symbol>B42F15/06</classification-symbol><class-title date-revised="2013-01-01"><title-part><text>for hanging large drawings or the like</text></title-part></class-title>
<classification-item breakdown-code="false" not-allocatable="false" level="9" additional-only="false" sort-key="B42F15/063" definition-exists="false" ipc-concordant="B42F15/06" c-set-base-allowed="false" c-set-subsequent-allowed="true" date-revised="2013-01-01" status="published"><classification-symbol>B42F15/063</classification-symbol><class-title date-revised="2013-01-01"><title-part><CPC-specific-text><text>with two sets of rods</text></CPC-specific-text></title-part></class-title></classification-item>
<classification-item breakdown-code="false" not-allocatable="false" level="9" additional-only="false" sort-key="B42F15/066" definition-exists="false" ipc-concordant="B42F15/06" c-set-base-allowed="false" c-set-subsequent-allowed="true" date-revised="2013-01-01" status="published"><classification-symbol>B42F15/066</classification-symbol><class-title date-revised="2013-01-01"><title-part><CPC-specific-text><text>for hanging a single drawing, e.g. with self-locking means</text></CPC-specific-text></title-part></class-title></classification-item></classification-item></classification-item>
<classification-item breakdown-code="false" not-allocatable="false" level="7" additional-only="false" sort-key="B42F17/00" definition-exists="true" ipc-concordant="B42F17/00" c-set-base-allowed="false" c-set-subsequent-allowed="true" date-revised="2013-01-01" status="published"><classification-symbol>B42F17/00</classification-symbol><class-title date-revised="2013-01-01"><title-part><text>Card-filing arrangements, e.g. card indexes or catalogues or filing cabinets </text><reference><text>indexing features <class-ref scheme="cpc">B42F21/00</class-ref>; furniture features <class-ref scheme="cpc">A47B</class-ref>, <class-ref scheme="cpc">A47F</class-ref></text></reference></title-part></class-title>
<classification-item breakdown-code="false" not-allocatable="false" level="8" additional-only="false" sort-key="B42F17/02" definition-exists="false" ipc-concordant="B42F17/02" c-set-base-allowed="false" c-set-subsequent-allowed="true" date-revised="2013-01-01" status="published"><classification-symbol>B42F17/02</classification-symbol><class-title date-revised="2013-01-01"><title-part><text>in which the cards are stored substantially at right angles to the bottom of their containers</text></title-part></class-title>
<classification-item breakdown-code="false" not-allocatable="false" level="9" additional-only="false" sort-key="B42F17/04" definition-exists="false" ipc-concordant="B42F17/04" c-set-base-allowed="false" c-set-subsequent-allowed="true" date-revised="2013-01-01" status="published"><classification-symbol>B42F17/04</classification-symbol><class-title date-revised="2013-01-01"><title-part><text>the cards being staggered sideways </text><reference><text>with means for staggering cards already in the file <class-ref scheme="cpc">B42F17/32</class-ref></text></reference></title-part></class-title></classification-item>
<classification-item breakdown-code="false" not-allocatable="false" level="9" additional-only="false" sort-key="B42F17/06" definition-exists="false" ipc-concordant="B42F17/06" c-set-base-allowed="false" c-set-subsequent-allowed="true" date-revised="2013-01-01" status="published"><classification-symbol>B42F17/06</classification-symbol><class-title date-revised="2013-01-01"><title-part><text>with separable or loose card separating means</text></title-part></class-title></classification-item>
<classification-item breakdown-code="false" not-allocatable="false" level="9" additional-only="false" sort-key="B42F17/08" definition-exists="false" ipc-concordant="B42F17/08" c-set-base-allowed="false" c-set-subsequent-allowed="true" date-revised="2013-01-01" status="published"><classification-symbol>B42F17/08</classification-symbol><class-title date-revised="2013-01-01"><title-part><text>Construction of the containers, e.g. trays or drawers</text></title-part></class-title>
<classification-item breakdown-code="false" not-allocatable="false" level="10" additional-only="false" sort-key="B42F17/10" definition-exists="false" ipc-concordant="B42F17/10" c-set-base-allowed="false" c-set-subsequent-allowed="true" date-revised="2013-01-01" status="published"><classification-symbol>B42F17/10</classification-symbol><class-title date-revised="2013-01-01"><title-part><text>Hinged walls</text></title-part></class-title></classification-item>
<classification-item breakdown-code="false" not-allocatable="false" level="10" additional-only="false" sort-key="B42F17/12" definition-exists="false" ipc-concordant="B42F17/12" c-set-base-allowed="false" c-set-subsequent-allowed="true" date-revised="2013-01-01" status="published"><classification-symbol>B42F17/12</classification-symbol><class-title date-revised="2013-01-01"><title-part><text>Dividing means</text></title-part></class-title></classification-item>
<classification-item breakdown-code="false" not-allocatable="false" level="10" additional-only="false" sort-key="B42F17/14" definition-exists="false" ipc-concordant="B42F17/14" c-set-base-allowed="false" c-set-subsequent-allowed="true" date-revised="2013-01-01" status="published"><classification-symbol>B42F17/14</classification-symbol><class-title date-revised="2013-01-01"><title-part><text>Locking followers</text></title-part></class-title></classification-item>
<classification-item breakdown-code="false" not-allocatable="false" level="10" additional-only="false" sort-key="B42F17/16" definition-exists="false" ipc-concordant="B42F17/16" c-set-base-allowed="false" c-set-subsequent-allowed="true" date-revised="2013-01-01" status="published"><classification-symbol>B42F17/16</classification-symbol><class-title date-revised="2013-01-01"><title-part><text>with card-retaining means</text></title-part></class-title></classification-item></classification-item></classification-item>
<classification-item breakdown-code="false" not-allocatable="false" level="8" additional-only="false" sort-key="B42F17/18" definition-exists="false" ipc-concordant="B42F17/18" c-set-base-allowed="false" c-set-subsequent-allowed="true" date-revised="2013-01-01" status="published"><classification-symbol>B42F17/18</classification-symbol><class-title date-revised="2013-01-01"><title-part><text>in which the cards are stored in a flat position</text></title-part></class-title>
<classification-item breakdown-code="false" not-allocatable="false" level="9" additional-only="false" sort-key="B42F17/20" definition-exists="false" ipc-concordant="B42F17/20" c-set-base-allowed="false" c-set-subsequent-allowed="true" date-revised="2013-01-01" status="published"><classification-symbol>B42F17/20</classification-symbol><class-title date-revised="2013-01-01"><title-part><text>and are pivotable relative to the bottom of their containers</text></title-part></class-title>
<classification-item breakdown-code="false" not-allocatable="false" level="10" additional-only="false" sort-key="B42F17/22" definition-exists="false" ipc-concordant="B42F17/22" c-set-base-allowed="false" c-set-subsequent-allowed="true" date-revised="2013-01-01" status="published"><classification-symbol>B42F17/22</classification-symbol><class-title date-revised="2013-01-01"><title-part><text>Connections between the cards and their containers</text></title-part></class-title></classification-item>
<classification-item breakdown-code="false" not-allocatable="false" level="10" additional-only="false" sort-key="B42F17/24" definition-exists="false" ipc-concordant="B42F17/24" c-set-base-allowed="false" c-set-subsequent-allowed="true" date-revised="2013-01-01" status="published"><classification-symbol>B42F17/24</classification-symbol><class-title date-revised="2013-01-01"><title-part><text>Special adaptations for use of index strips</text></title-part></class-title></classification-item>
<classification-item breakdown-code="false" not-allocatable="false" level="10" additional-only="false" sort-key="B42F17/26" definition-exists="false" ipc-concordant="B42F17/26" c-set-base-allowed="false" c-set-subsequent-allowed="true" date-revised="2013-01-01" status="published"><classification-symbol>B42F17/26</classification-symbol><class-title date-revised="2013-01-01"><title-part><text>Stands for the containers</text></title-part></class-title></classification-item></classification-item></classification-item>
<classification-item breakdown-code="false" not-allocatable="false" level="8" additional-only="false" sort-key="B42F17/28" definition-exists="false" ipc-concordant="B42F17/28" c-set-base-allowed="false" c-set-subsequent-allowed="true" date-revised="2013-01-01" status="published"><classification-symbol>B42F17/28</classification-symbol><class-title date-revised="2013-01-01"><title-part><text>in the form of endless bands or revolving drums</text></title-part></class-title></classification-item>
<classification-item breakdown-code="false" not-allocatable="false" level="8" additional-only="false" sort-key="B42F17/30" definition-exists="false" ipc-concordant="B42F17/30" c-set-base-allowed="false" c-set-subsequent-allowed="true" date-revised="2013-01-01" status="published"><classification-symbol>B42F17/30</classification-symbol><class-title date-revised="2013-01-01"><title-part><text>modified for particular uses</text></title-part></class-title></classification-item>
<classification-item breakdown-code="false" not-allocatable="false" level="8" additional-only="false" sort-key="B42F17/32" definition-exists="false" ipc-concordant="B42F17/32" c-set-base-allowed="false" c-set-subsequent-allowed="true" date-revised="2013-01-01" status="published"><classification-symbol>B42F17/32</classification-symbol><class-title date-revised="2013-01-01"><title-part><text>with means for staggering cards already in the file</text></title-part></class-title></classification-item>
<classification-item breakdown-code="false" not-allocatable="false" level="8" additional-only="false" sort-key="B42F17/34" definition-exists="false" ipc-concordant="B42F17/34" c-set-base-allowed="false" c-set-subsequent-allowed="true" date-revised="2013-01-01" status="published"><classification-symbol>B42F17/34</classification-symbol><class-title date-revised="2013-01-01"><title-part><text>with card selection means, e.g. telephone number list finders </text><reference><text>selecting devices for data cards <class-ref scheme="cpc">G06K21/00</class-ref></text></reference></title-part></class-title>
<classification-item breakdown-code="false" not-allocatable="false" level="9" additional-only="false" sort-key="B42F17/343" definition-exists="false" ipc-concordant="B42F17/34" c-set-base-allowed="false" c-set-subsequent-allowed="true" date-revised="2013-01-01" status="published"><classification-symbol>B42F17/343</classification-symbol><class-title date-revised="2013-01-01"><title-part><CPC-specific-text><text>with sliding movement of selected cards</text></CPC-specific-text></title-part></class-title></classification-item>
<classification-item breakdown-code="false" not-allocatable="false" level="9" additional-only="false" sort-key="B42F17/346" definition-exists="false" ipc-concordant="B42F17/34" c-set-base-allowed="false" c-set-subsequent-allowed="true" date-revised="2013-01-01" status="published"><classification-symbol>B42F17/346</classification-symbol><class-title date-revised="2013-01-01"><title-part><CPC-specific-text><text>with pivoting movement of selected cards</text></CPC-specific-text></title-part></class-title></classification-item></classification-item></classification-item>
<classification-item breakdown-code="false" not-allocatable="false" level="7" additional-only="false" sort-key="B42F19/00" definition-exists="true" ipc-concordant="B42F19/00" c-set-base-allowed="false" c-set-subsequent-allowed="true" date-revised="2013-01-01" status="published"><classification-symbol>B42F19/00</classification-symbol><class-title date-revised="2013-01-01"><title-part><text>File cards </text><reference><text><class-ref scheme="cpc">B42F21/00</class-ref> takes precedence; punched cards for information retrieval, e.g. for manual use, <class-ref scheme="cpc">G06K21/00</class-ref></text></reference></title-part></class-title>
<classification-item breakdown-code="false" not-allocatable="false" level="8" additional-only="false" sort-key="B42F19/02" definition-exists="false" ipc-concordant="B42F19/02" c-set-base-allowed="false" c-set-subsequent-allowed="true" date-revised="2013-01-01" status="published"><classification-symbol>B42F19/02</classification-symbol><class-title date-revised="2013-01-01"><title-part><text>folded</text></title-part></class-title></classification-item>
<classification-item breakdown-code="false" not-allocatable="false" level="8" additional-only="false" sort-key="B42F19/04" definition-exists="false" ipc-concordant="B42F19/04" c-set-base-allowed="false" c-set-subsequent-allowed="true" date-revised="2013-01-01" status="published"><classification-symbol>B42F19/04</classification-symbol><class-title date-revised="2013-01-01"><title-part><text>with receptacles or other holding devices</text></title-part></class-title></classification-item></classification-item>
<classification-item breakdown-code="false" not-allocatable="false" level="7" additional-only="false" sort-key="B42F21/00" definition-exists="true" ipc-concordant="B42F21/00" c-set-base-allowed="false" c-set-subsequent-allowed="true" date-revised="2013-01-01" status="published"><classification-symbol>B42F21/00</classification-symbol><class-title date-revised="2013-01-01"><title-part><text>Indexing means</text></title-part><title-part><text>Indexing tabs or protectors therefor</text></title-part></class-title>
<classification-item breakdown-code="false" not-allocatable="false" level="8" additional-only="false" sort-key="B42F21/02" definition-exists="false" ipc-concordant="B42F21/02" c-set-base-allowed="false" c-set-subsequent-allowed="true" date-revised="2013-01-01" status="published"><classification-symbol>B42F21/02</classification-symbol><class-title date-revised="2013-01-01"><title-part><text>Tabs integral with sheets, papers, cards, or suspension files</text></title-part></class-title>
<classification-item breakdown-code="false" not-allocatable="false" level="9" additional-only="false" sort-key="B42F21/025" definition-exists="false" ipc-concordant="B42F21/02" c-set-base-allowed="false" c-set-subsequent-allowed="true" date-revised="2013-01-01" status="published"><classification-symbol>B42F21/025</classification-symbol><class-title date-revised="2013-01-01"><title-part><CPC-specific-text><text>for suspension files</text></CPC-specific-text></title-part></class-title></classification-item></classification-item>
<classification-item breakdown-code="false" not-allocatable="false" level="8" additional-only="false" sort-key="B42F21/04" definition-exists="false" ipc-concordant="B42F21/04" c-set-base-allowed="false" c-set-subsequent-allowed="true" date-revised="2013-01-01" status="published"><classification-symbol>B42F21/04</classification-symbol><class-title date-revised="2013-01-01"><title-part><text>Tabs permanently fastened to sheets, papers, cards, or suspension files</text></title-part></class-title>
<classification-item breakdown-code="false" not-allocatable="false" level="9" additional-only="false" sort-key="B42F21/045" definition-exists="false" ipc-concordant="B42F21/04" c-set-base-allowed="false" c-set-subsequent-allowed="true" date-revised="2013-01-01" status="published"><classification-symbol>B42F21/045</classification-symbol><class-title date-revised="2013-01-01"><title-part><CPC-specific-text><text>for suspension files</text></CPC-specific-text></title-part></class-title></classification-item></classification-item>
<classification-item breakdown-code="false" not-allocatable="false" level="8" additional-only="false" sort-key="B42F21/06" definition-exists="false" ipc-concordant="B42F21/06" c-set-base-allowed="false" c-set-subsequent-allowed="true" date-revised="2013-01-01" status="published"><classification-symbol>B42F21/06</classification-symbol><class-title date-revised="2013-01-01"><title-part><text>Tabs detachably mounted on sheets, papers, cards, or suspension files</text></title-part></class-title>
<classification-item breakdown-code="false" not-allocatable="false" level="9" additional-only="false" sort-key="B42F21/065" definition-exists="false" ipc-concordant="B42F21/06" c-set-base-allowed="false" c-set-subsequent-allowed="true" date-revised="2013-01-01" status="published"><classification-symbol>B42F21/065</classification-symbol><class-title date-revised="2013-01-01"><title-part><CPC-specific-text><text>for suspension files</text></CPC-specific-text></title-part></class-title></classification-item>
<classification-item breakdown-code="false" not-allocatable="false" level="9" additional-only="false" sort-key="B42F21/08" definition-exists="false" ipc-concordant="B42F21/08" c-set-base-allowed="false" c-set-subsequent-allowed="true" date-revised="2013-01-01" status="published"><classification-symbol>B42F21/08</classification-symbol><class-title date-revised="2013-01-01"><title-part><text>in one of a number of predetermined positions</text></title-part></class-title>
<classification-item breakdown-code="false" not-allocatable="false" level="10" additional-only="false" sort-key="B42F21/10" definition-exists="false" ipc-concordant="B42F21/10" c-set-base-allowed="false" c-set-subsequent-allowed="true" date-revised="2013-01-01" status="published"><classification-symbol>B42F21/10</classification-symbol><class-title date-revised="2013-01-01"><title-part><text>represented by slits</text></title-part></class-title></classification-item></classification-item></classification-item>
<classification-item breakdown-code="false" not-allocatable="false" level="8" additional-only="false" sort-key="B42F21/12" definition-exists="false" ipc-concordant="B42F21/12" c-set-base-allowed="false" c-set-subsequent-allowed="true" date-revised="2013-01-01" status="published"><classification-symbol>B42F21/12</classification-symbol><class-title date-revised="2013-01-01"><title-part><text>Sheets, papers, or cards having edges cut away to facilitate indexing, e.g. thumb cuts on books</text></title-part></class-title></classification-item></classification-item>
<classification-item breakdown-code="false" not-allocatable="false" level="7" additional-only="false" sort-key="B42F23/00" definition-exists="false" ipc-concordant="B42F23/00" c-set-base-allowed="false" c-set-subsequent-allowed="true" date-revised="2013-01-01" status="published"><classification-symbol>B42F23/00</classification-symbol><class-title date-revised="2013-01-01"><title-part><text>Filing appliances not provided for in other groups of this subclass</text></title-part></class-title></classification-item></classification-item></classification-item></class-scheme>