<?xml version="1.0" encoding="UTF-8"?>
<class-scheme publication-date="2024-08-01" scheme-type="cpc" publication-type="official">
<classification-item breakdown-code="false" not-allocatable="true" level="5" additional-only="false" sort-key="B62K" definition-exists="true" date-revised="2020-02-01" status="published"><classification-symbol>B62K</classification-symbol><class-title date-revised="2013-01-01"><title-part><text>CYCLES</text></title-part><title-part><text>CYCLE FRAMES</text></title-part><title-part><text>CYCLE STEERING DEVICES</text></title-part><title-part><text>RIDER-OPERATED TERMINAL CONTROLS SPECIALLY ADAPTED FOR CYCLES</text></title-part><title-part><text>CYCLE AXLE SUSPENSIONS</text></title-part><title-part><text>CYCLE SIDE-CARS, FORECARS, OR THE LIKE</text></title-part></class-title><notes-and-warnings date-revised="2013-01-01"><note type="note"><note-paragraph>In this subclass, each of the main groups <class-ref scheme="cpc">B62K7/00</class-ref> - <class-ref scheme="cpc">B62K15/00</class-ref> takes precedence over all the preceding main groups, e.g. a child&apos;s bicycle is classified in <class-ref scheme="cpc">B62K9/00</class-ref> and not in <class-ref scheme="cpc">B62K3/00</class-ref>.</note-paragraph><note-paragraph><CPC-specific-note>&quot;Cycles&quot; includes a single or plural wheeled straddle type vehicles having a handlebar, self-balancing vehicles and kid scooters</CPC-specific-note></note-paragraph></note><note type="warning"><note-paragraph>In this subclass non-limiting references (in the sense of paragraph 39 of the Guide to the IPC) may still be displayed in the scheme.</note-paragraph></note></notes-and-warnings>
<classification-item breakdown-code="false" not-allocatable="true" level="6" additional-only="false" sort-key="B62K1/00" date-revised="2013-01-01" status="published"><classification-symbol>B62K1/00</classification-symbol>
<classification-item breakdown-code="false" not-allocatable="false" level="7" additional-only="false" sort-key="B62K1/00" definition-exists="true" ipc-concordant="B62K1/00" c-set-base-allowed="false" c-set-subsequent-allowed="true" date-revised="2013-01-01" status="published"><classification-symbol>B62K1/00</classification-symbol><class-title date-revised="2013-01-01"><title-part><text>Unicycles</text></title-part></class-title></classification-item>
<classification-item breakdown-code="false" not-allocatable="false" level="7" additional-only="false" sort-key="B62K3/00" definition-exists="true" ipc-concordant="B62K3/00" c-set-base-allowed="false" c-set-subsequent-allowed="true" date-revised="2013-01-01" status="published"><classification-symbol>B62K3/00</classification-symbol><class-title date-revised="2013-01-01"><title-part><text>Bicycles</text></title-part></class-title>
<classification-item breakdown-code="false" not-allocatable="false" level="8" additional-only="false" sort-key="B62K3/002" definition-exists="true" ipc-concordant="B62K3/00" c-set-base-allowed="false" c-set-subsequent-allowed="true" date-revised="2013-01-01" status="published"><classification-symbol>B62K3/002</classification-symbol><class-title date-revised="2013-01-01"><title-part><CPC-specific-text><text>without a seat, i.e. the rider operating the vehicle in a standing position, e.g. non-motorized scooters; non-motorized scooters with skis or runners</text></CPC-specific-text></title-part></class-title></classification-item>
<classification-item breakdown-code="false" not-allocatable="false" level="8" additional-only="false" sort-key="B62K3/005" definition-exists="true" ipc-concordant="B62K3/00" c-set-base-allowed="false" c-set-subsequent-allowed="true" date-revised="2013-01-01" status="published"><classification-symbol>B62K3/005</classification-symbol><class-title date-revised="2013-01-01"><title-part><CPC-specific-text><text>Recumbent-type bicycles</text></CPC-specific-text></title-part></class-title></classification-item>
<classification-item breakdown-code="false" not-allocatable="false" level="8" additional-only="false" sort-key="B62K3/02" definition-exists="true" ipc-concordant="B62K3/02" c-set-base-allowed="false" c-set-subsequent-allowed="true" date-revised="2013-01-01" status="published"><classification-symbol>B62K3/02</classification-symbol><class-title date-revised="2013-01-01"><title-part><text>Frames </text><reference><text>tandem frames <class-ref scheme="cpc">B62K3/14</class-ref></text></reference></title-part></class-title>
<classification-item breakdown-code="false" not-allocatable="false" level="9" additional-only="false" sort-key="B62K3/04" definition-exists="false" ipc-concordant="B62K3/04" c-set-base-allowed="false" c-set-subsequent-allowed="true" date-revised="2013-01-01" status="published"><classification-symbol>B62K3/04</classification-symbol><class-title date-revised="2013-01-01"><title-part><text>having a substantially horizontal top bar</text></title-part></class-title></classification-item>
<classification-item breakdown-code="false" not-allocatable="false" level="9" additional-only="false" sort-key="B62K3/06" definition-exists="false" ipc-concordant="B62K3/06" c-set-base-allowed="false" c-set-subsequent-allowed="true" date-revised="2013-01-01" status="published"><classification-symbol>B62K3/06</classification-symbol><class-title date-revised="2013-01-01"><title-part><text>of open type</text></title-part></class-title>
<classification-item breakdown-code="false" not-allocatable="false" level="10" additional-only="false" sort-key="B62K3/08" definition-exists="false" ipc-concordant="B62K3/08" c-set-base-allowed="false" c-set-subsequent-allowed="true" date-revised="2013-01-01" status="published"><classification-symbol>B62K3/08</classification-symbol><class-title date-revised="2013-01-01"><title-part><text>having crossing members</text></title-part></class-title></classification-item></classification-item>
<classification-item breakdown-code="false" not-allocatable="false" level="9" additional-only="false" sort-key="B62K3/10" definition-exists="false" ipc-concordant="B62K3/10" c-set-base-allowed="false" c-set-subsequent-allowed="true" date-revised="2013-01-01" status="published"><classification-symbol>B62K3/10</classification-symbol><class-title date-revised="2013-01-01"><title-part><text>of single-beam type, i.e. connecting steering head to rear axle</text></title-part></class-title></classification-item></classification-item>
<classification-item breakdown-code="false" not-allocatable="false" level="8" additional-only="false" sort-key="B62K3/12" definition-exists="true" ipc-concordant="B62K3/12" c-set-base-allowed="false" c-set-subsequent-allowed="true" date-revised="2013-01-01" status="published"><classification-symbol>B62K3/12</classification-symbol><class-title date-revised="2013-01-01"><title-part><text>Tandems</text></title-part></class-title>
<classification-item breakdown-code="true" not-allocatable="false" level="9" additional-only="true" sort-key="B62K3/125" definition-exists="false" ipc-concordant="B62K3/12" c-set-base-allowed="false" c-set-subsequent-allowed="true" date-revised="2013-01-01" status="published"><classification-symbol>B62K2003/125</classification-symbol><class-title date-revised="2013-01-01"><title-part><CPC-specific-text><text>Tandems with side-by-side seating</text></CPC-specific-text></title-part></class-title></classification-item>
<classification-item breakdown-code="false" not-allocatable="false" level="9" additional-only="false" sort-key="B62K3/14" definition-exists="false" ipc-concordant="B62K3/14" c-set-base-allowed="false" c-set-subsequent-allowed="true" date-revised="2013-01-01" status="published"><classification-symbol>B62K3/14</classification-symbol><class-title date-revised="2013-01-01"><title-part><text>Frames</text></title-part></class-title></classification-item></classification-item>
<classification-item breakdown-code="false" not-allocatable="false" level="8" additional-only="false" sort-key="B62K3/16" definition-exists="true" ipc-concordant="B62K3/16" c-set-base-allowed="false" c-set-subsequent-allowed="true" date-revised="2013-01-01" status="published"><classification-symbol>B62K3/16</classification-symbol><class-title date-revised="2013-01-01"><title-part><text>specially adapted for disabled riders </text><reference><text>invalid multi-track cycles <class-ref scheme="cpc">A61G5/00</class-ref></text></reference></title-part></class-title></classification-item></classification-item>
<classification-item breakdown-code="false" not-allocatable="false" level="7" additional-only="false" sort-key="B62K5/00" definition-exists="true" ipc-concordant="B62K5/00" c-set-base-allowed="false" c-set-subsequent-allowed="true" date-revised="2017-05-01" status="published"><classification-symbol>B62K5/00</classification-symbol><class-title date-revised="2013-01-01"><title-part><text>Cycles with handlebars, equipped with three or more main road wheels </text><reference><text>cycle supports or stands equipped with additional wheels for ride stabilisation <class-ref scheme="cpc">B62H1/12</class-ref></text></reference></title-part></class-title>
<classification-item breakdown-code="true" not-allocatable="false" level="8" additional-only="true" sort-key="B62K5/001" definition-exists="false" ipc-concordant="B62K5/00" c-set-base-allowed="false" c-set-subsequent-allowed="true" date-revised="2013-01-01" status="published"><classification-symbol>B62K2005/001</classification-symbol><class-title date-revised="2013-01-01"><title-part><CPC-specific-text><text>Suspension details for cycles with three or more main road wheels</text></CPC-specific-text></title-part></class-title></classification-item>
<classification-item breakdown-code="true" not-allocatable="false" level="8" additional-only="true" sort-key="B62K5/002" definition-exists="false" ipc-concordant="B62K5/00" c-set-base-allowed="false" c-set-subsequent-allowed="true" date-revised="2013-01-01" status="published"><classification-symbol>B62K2005/002</classification-symbol><class-title date-revised="2013-01-01"><title-part><CPC-specific-text><text>with adaptations to be used as golf carts</text></CPC-specific-text></title-part></class-title></classification-item>
<classification-item breakdown-code="false" not-allocatable="false" level="8" additional-only="false" sort-key="B62K5/003" definition-exists="true" ipc-concordant="B62K5/003" c-set-base-allowed="false" c-set-subsequent-allowed="true" date-revised="2013-01-01" status="published"><classification-symbol>B62K5/003</classification-symbol><class-title date-revised="2013-01-01"><title-part><text>Cycles with four or more wheels, specially adapted for disabled riders, e.g. personal mobility type vehicles with four wheels </text><reference><text>wheelchairs <class-ref scheme="cpc">A61G5/00</class-ref></text></reference></title-part></class-title>
<classification-item breakdown-code="false" not-allocatable="false" level="9" additional-only="false" sort-key="B62K5/007" definition-exists="false" ipc-concordant="B62K5/007" c-set-base-allowed="false" c-set-subsequent-allowed="true" date-revised="2013-01-01" status="published"><classification-symbol>B62K5/007</classification-symbol><class-title date-revised="2013-01-01"><title-part><text>power-driven</text></title-part></class-title></classification-item></classification-item>
<classification-item breakdown-code="false" not-allocatable="false" level="8" additional-only="false" sort-key="B62K5/01" definition-exists="true" ipc-concordant="B62K5/01" c-set-base-allowed="false" c-set-subsequent-allowed="true" date-revised="2013-01-01" status="published"><classification-symbol>B62K5/01</classification-symbol><class-title date-revised="2013-01-01"><title-part><text>Motorcycles with four or more wheels </text><reference><text>specially adapted for disabled riders <class-ref scheme="cpc">B62K5/003</class-ref></text></reference></title-part></class-title></classification-item>
<classification-item breakdown-code="false" not-allocatable="false" level="8" additional-only="false" sort-key="B62K5/02" definition-exists="true" ipc-concordant="B62K5/02" c-set-base-allowed="false" c-set-subsequent-allowed="true" date-revised="2013-01-01" status="published"><classification-symbol>B62K5/02</classification-symbol><class-title date-revised="2013-01-01"><title-part><text>Tricycles </text><reference><text>children&apos;s tricycles <class-ref scheme="cpc">B62K9/02</class-ref></text></reference></title-part></class-title>
<classification-item breakdown-code="false" not-allocatable="false" level="9" additional-only="false" sort-key="B62K5/023" definition-exists="true" ipc-concordant="B62K5/023" c-set-base-allowed="false" c-set-subsequent-allowed="true" date-revised="2013-01-01" status="published"><classification-symbol>B62K5/023</classification-symbol><class-title date-revised="2013-01-01"><title-part><text>specially adapted for disabled riders, e.g. personal mobility type vehicles with three wheels </text><reference><text>wheelchairs <class-ref scheme="cpc">A61G5/00</class-ref></text></reference></title-part></class-title>
<classification-item breakdown-code="false" not-allocatable="false" level="10" additional-only="false" sort-key="B62K5/025" definition-exists="false" ipc-concordant="B62K5/025" c-set-base-allowed="false" c-set-subsequent-allowed="true" date-revised="2013-01-01" status="published"><classification-symbol>B62K5/025</classification-symbol><class-title date-revised="2013-01-01"><title-part><text>power-driven</text></title-part></class-title></classification-item></classification-item>
<classification-item breakdown-code="false" not-allocatable="false" level="9" additional-only="false" sort-key="B62K5/027" definition-exists="true" ipc-concordant="B62K5/027" c-set-base-allowed="false" c-set-subsequent-allowed="true" date-revised="2013-01-01" status="published"><classification-symbol>B62K5/027</classification-symbol><class-title date-revised="2013-01-01"><title-part><text>Motorcycles with three wheels </text><reference><text>specially adapted for disabled riders <class-ref scheme="cpc">B62K5/023</class-ref></text></reference></title-part></class-title></classification-item>
<classification-item breakdown-code="false" not-allocatable="false" level="9" additional-only="false" sort-key="B62K5/05" definition-exists="false" ipc-concordant="B62K5/05" c-set-base-allowed="false" c-set-subsequent-allowed="true" date-revised="2013-01-01" status="published"><classification-symbol>B62K5/05</classification-symbol><class-title date-revised="2013-01-01"><title-part><text>characterised by a single rear wheel</text></title-part></class-title></classification-item>
<classification-item breakdown-code="false" not-allocatable="false" level="9" additional-only="false" sort-key="B62K5/06" definition-exists="true" ipc-concordant="B62K5/06" c-set-base-allowed="false" c-set-subsequent-allowed="true" date-revised="2013-01-01" status="published"><classification-symbol>B62K5/06</classification-symbol><class-title date-revised="2013-01-01"><title-part><text>Frames for tricycles</text></title-part></class-title></classification-item></classification-item>
<classification-item breakdown-code="false" not-allocatable="false" level="8" additional-only="false" sort-key="B62K5/08" definition-exists="true" ipc-concordant="B62K5/08" c-set-base-allowed="false" c-set-subsequent-allowed="true" date-revised="2013-01-01" status="published"><classification-symbol>B62K5/08</classification-symbol><class-title date-revised="2013-01-01"><title-part><text>with steering devices acting on two or more wheels</text></title-part></class-title></classification-item>
<classification-item breakdown-code="false" not-allocatable="false" level="8" additional-only="false" sort-key="B62K5/10" definition-exists="true" ipc-concordant="B62K5/10" c-set-base-allowed="false" c-set-subsequent-allowed="true" date-revised="2013-01-01" status="published"><classification-symbol>B62K5/10</classification-symbol><class-title date-revised="2013-01-01"><title-part><text>with means for inwardly inclining the vehicle body on bends</text></title-part></class-title></classification-item></classification-item>
<classification-item breakdown-code="false" not-allocatable="false" level="7" additional-only="false" sort-key="B62K7/00" definition-exists="true" ipc-concordant="B62K7/00" c-set-base-allowed="false" c-set-subsequent-allowed="true" date-revised="2013-01-01" status="published"><classification-symbol>B62K7/00</classification-symbol><class-title date-revised="2013-01-01"><title-part><text>Freight- or passenger-carrying cycles</text></title-part></class-title>
<classification-item breakdown-code="false" not-allocatable="false" level="8" additional-only="false" sort-key="B62K7/02" definition-exists="false" ipc-concordant="B62K7/02" c-set-base-allowed="false" c-set-subsequent-allowed="true" date-revised="2013-01-01" status="published"><classification-symbol>B62K7/02</classification-symbol><class-title date-revised="2013-01-01"><title-part><text>Frames</text></title-part></class-title>
<classification-item breakdown-code="false" not-allocatable="false" level="9" additional-only="false" sort-key="B62K7/04" definition-exists="true" ipc-concordant="B62K7/04" c-set-base-allowed="false" c-set-subsequent-allowed="true" date-revised="2016-05-01" status="published"><classification-symbol>B62K7/04</classification-symbol><class-title date-revised="2016-05-01"><title-part><text>having a carrying platform </text><reference><text>article-carrying accessories <class-ref scheme="cpc">B62J7/00</class-ref>&#160;-&#160;<class-ref scheme="cpc">B62J11/00</class-ref></text></reference></title-part></class-title></classification-item></classification-item></classification-item>
<classification-item breakdown-code="false" not-allocatable="false" level="7" additional-only="false" sort-key="B62K9/00" definition-exists="true" ipc-concordant="B62K9/00" c-set-base-allowed="false" c-set-subsequent-allowed="true" date-revised="2013-01-01" status="published"><classification-symbol>B62K9/00</classification-symbol><class-title date-revised="2013-01-01"><title-part><text>Children&apos;s cycles </text><reference><text>toy vehicles <class-ref scheme="cpc">A63H17/00</class-ref></text></reference></title-part></class-title>
<classification-item breakdown-code="false" not-allocatable="false" level="8" additional-only="false" sort-key="B62K9/02" definition-exists="false" ipc-concordant="B62K9/02" c-set-base-allowed="false" c-set-subsequent-allowed="true" date-revised="2013-01-01" status="published"><classification-symbol>B62K9/02</classification-symbol><class-title date-revised="2013-01-01"><title-part><text>Tricycles</text></title-part></class-title></classification-item></classification-item>
<classification-item breakdown-code="false" not-allocatable="false" level="7" additional-only="false" sort-key="B62K11/00" definition-exists="true" ipc-concordant="B62K11/00" c-set-base-allowed="false" c-set-subsequent-allowed="true" date-revised="2013-01-01" status="published"><classification-symbol>B62K11/00</classification-symbol><class-title date-revised="2013-01-01"><title-part><text>Motorcycles, engine-assisted cycles or motor scooters with one or two wheels </text><reference><text>fairings or streamlining parts not forming part of the frame <class-ref scheme="cpc">B62J</class-ref>; transmission of drive from engines to wheels <class-ref scheme="cpc">B62M</class-ref></text></reference></title-part></class-title>
<classification-item breakdown-code="false" not-allocatable="false" level="8" additional-only="false" sort-key="B62K11/007" definition-exists="true" ipc-concordant="B62K11/00" c-set-base-allowed="false" c-set-subsequent-allowed="true" date-revised="2016-11-01" status="published"><classification-symbol>B62K11/007</classification-symbol><class-title date-revised="2016-11-01"><title-part><CPC-specific-text><text>Automatic balancing machines with single main ground engaging wheel or coaxial wheels supporting a rider</text></CPC-specific-text></title-part></class-title></classification-item>
<classification-item breakdown-code="false" not-allocatable="false" level="8" additional-only="false" sort-key="B62K11/02" definition-exists="false" ipc-concordant="B62K11/02" c-set-base-allowed="false" c-set-subsequent-allowed="true" date-revised="2017-08-01" status="published"><classification-symbol>B62K11/02</classification-symbol><class-title date-revised="2017-08-01"><title-part><text>Frames </text><reference><text>motorcycles or cycles with auxiliary engines characterised by position of engine <class-ref scheme="cpc">B62M</class-ref></text></reference></title-part></class-title>
<classification-item breakdown-code="false" not-allocatable="false" level="9" additional-only="false" sort-key="B62K11/04" definition-exists="false" ipc-concordant="B62K11/04" c-set-base-allowed="false" c-set-subsequent-allowed="true" date-revised="2013-01-01" status="published"><classification-symbol>B62K11/04</classification-symbol><class-title date-revised="2013-01-01"><title-part><text>characterised by the engine being between front and rear wheels</text></title-part></class-title>
<classification-item breakdown-code="false" not-allocatable="false" level="10" additional-only="false" sort-key="B62K11/06" definition-exists="false" ipc-concordant="B62K11/06" c-set-base-allowed="false" c-set-subsequent-allowed="true" date-revised="2013-01-01" status="published"><classification-symbol>B62K11/06</classification-symbol><class-title date-revised="2013-01-01"><title-part><text>the frame being of single-beam type</text></title-part></class-title>
<classification-item breakdown-code="false" not-allocatable="false" level="11" additional-only="false" sort-key="B62K11/08" definition-exists="false" ipc-concordant="B62K11/08" c-set-base-allowed="false" c-set-subsequent-allowed="true" date-revised="2013-01-01" status="published"><classification-symbol>B62K11/08</classification-symbol><class-title date-revised="2013-01-01"><title-part><text>the beam being fabricated from sheet metal, e.g. forming fuel tank walls</text></title-part></class-title></classification-item></classification-item></classification-item>
<classification-item breakdown-code="false" not-allocatable="false" level="9" additional-only="false" sort-key="B62K11/10" definition-exists="false" ipc-concordant="B62K11/10" c-set-base-allowed="false" c-set-subsequent-allowed="true" date-revised="2013-01-01" status="published"><classification-symbol>B62K11/10</classification-symbol><class-title date-revised="2013-01-01"><title-part><text>characterised by the engine being over or beside driven rear wheel</text></title-part></class-title></classification-item></classification-item>
<classification-item breakdown-code="false" not-allocatable="false" level="8" additional-only="false" sort-key="B62K11/12" definition-exists="false" ipc-concordant="B62K11/12" c-set-base-allowed="false" c-set-subsequent-allowed="true" date-revised="2013-01-01" status="published"><classification-symbol>B62K11/12</classification-symbol><class-title date-revised="2013-01-01"><title-part><text>Steering wheel forks characterised by the association therewith of engine</text></title-part></class-title></classification-item>
<classification-item breakdown-code="false" not-allocatable="false" level="8" additional-only="false" sort-key="B62K11/14" definition-exists="true" ipc-concordant="B62K11/14" c-set-base-allowed="false" c-set-subsequent-allowed="true" date-revised="2017-08-01" status="published"><classification-symbol>B62K11/14</classification-symbol><class-title date-revised="2017-08-01"><title-part><text>Handlebar constructions, or arrangements of controls thereon, specially adapted thereto </text><reference><text>hand controls <u>per se</u> <class-ref scheme="cpc">B62K23/02</class-ref></text></reference></title-part></class-title></classification-item></classification-item>
<classification-item breakdown-code="false" not-allocatable="false" level="7" additional-only="false" sort-key="B62K13/00" definition-exists="true" ipc-concordant="B62K13/00" c-set-base-allowed="false" c-set-subsequent-allowed="true" date-revised="2017-08-01" status="published"><classification-symbol>B62K13/00</classification-symbol><class-title date-revised="2017-08-01"><title-part><text>Cycles convertible to, or transformable into, other types of cycles or land vehicle </text><reference><text>cycle supports or stands equipped with additional wheels for ride stabilisation <class-ref scheme="cpc">B62H1/12</class-ref></text></reference></title-part></class-title>
<classification-item breakdown-code="false" not-allocatable="false" level="8" additional-only="false" sort-key="B62K13/02" definition-exists="false" ipc-concordant="B62K13/02" c-set-base-allowed="false" c-set-subsequent-allowed="true" date-revised="2013-01-01" status="published"><classification-symbol>B62K13/02</classification-symbol><class-title date-revised="2013-01-01"><title-part><text>to a tandem</text></title-part></class-title>
<classification-item breakdown-code="false" not-allocatable="false" level="9" additional-only="false" sort-key="B62K13/025" definition-exists="false" ipc-concordant="B62K13/02" c-set-base-allowed="false" c-set-subsequent-allowed="true" date-revised="2013-01-01" status="published"><classification-symbol>B62K13/025</classification-symbol><class-title date-revised="2013-01-01"><title-part><CPC-specific-text><text>from two or more cycles</text></CPC-specific-text></title-part></class-title></classification-item></classification-item>
<classification-item breakdown-code="false" not-allocatable="false" level="8" additional-only="false" sort-key="B62K13/04" definition-exists="false" ipc-concordant="B62K13/04" c-set-base-allowed="false" c-set-subsequent-allowed="true" date-revised="2013-01-01" status="published"><classification-symbol>B62K13/04</classification-symbol><class-title date-revised="2013-01-01"><title-part><text>to a tricycle</text></title-part></class-title></classification-item>
<classification-item breakdown-code="false" not-allocatable="false" level="8" additional-only="false" sort-key="B62K13/06" definition-exists="false" ipc-concordant="B62K13/06" c-set-base-allowed="false" c-set-subsequent-allowed="true" date-revised="2013-01-01" status="published"><classification-symbol>B62K13/06</classification-symbol><class-title date-revised="2013-01-01"><title-part><text>to a quadricycle, e.g. by coupling together two bicycles side by side</text></title-part></class-title></classification-item>
<classification-item breakdown-code="false" not-allocatable="false" level="8" additional-only="false" sort-key="B62K13/08" definition-exists="true" ipc-concordant="B62K13/08" c-set-base-allowed="false" c-set-subsequent-allowed="true" date-revised="2013-01-01" status="published"><classification-symbol>B62K13/08</classification-symbol><class-title date-revised="2013-01-01"><title-part><text>Frames</text></title-part></class-title></classification-item></classification-item>
<classification-item breakdown-code="false" not-allocatable="false" level="7" additional-only="false" sort-key="B62K15/00" definition-exists="true" ipc-concordant="B62K15/00" c-set-base-allowed="false" c-set-subsequent-allowed="true" date-revised="2013-01-01" status="published"><classification-symbol>B62K15/00</classification-symbol><class-title date-revised="2013-01-01"><title-part><text>Collapsible or foldable cycles</text></title-part></class-title>
<classification-item breakdown-code="true" not-allocatable="false" level="8" additional-only="true" sort-key="B62K15/001" definition-exists="false" ipc-concordant="B62K15/00" c-set-base-allowed="false" c-set-subsequent-allowed="true" date-revised="2013-01-01" status="published"><classification-symbol>B62K2015/001</classification-symbol><class-title date-revised="2013-01-01"><title-part><CPC-specific-text><text>Frames adapted to be easily dismantled</text></CPC-specific-text></title-part></class-title></classification-item>
<classification-item breakdown-code="true" not-allocatable="false" level="8" additional-only="true" sort-key="B62K15/003" definition-exists="false" ipc-concordant="B62K15/00" c-set-base-allowed="false" c-set-subsequent-allowed="true" date-revised="2013-01-01" status="published"><classification-symbol>B62K2015/003</classification-symbol><class-title date-revised="2013-01-01"><title-part><CPC-specific-text><text>having a foldable crank or pedal</text></CPC-specific-text></title-part></class-title></classification-item>
<classification-item breakdown-code="true" not-allocatable="false" level="8" additional-only="true" sort-key="B62K15/005" definition-exists="false" ipc-concordant="B62K15/00" c-set-base-allowed="false" c-set-subsequent-allowed="true" date-revised="2013-01-01" status="published"><classification-symbol>B62K2015/005</classification-symbol><class-title date-revised="2013-01-01"><title-part><CPC-specific-text><text>having additional wheels for use when folded or collapsed</text></CPC-specific-text></title-part></class-title></classification-item>
<classification-item breakdown-code="false" not-allocatable="false" level="8" additional-only="false" sort-key="B62K15/006" definition-exists="false" ipc-concordant="B62K15/00" c-set-base-allowed="false" c-set-subsequent-allowed="true" date-revised="2013-01-01" status="published"><classification-symbol>B62K15/006</classification-symbol><class-title date-revised="2013-01-01"><title-part><CPC-specific-text><text>the frame being foldable</text></CPC-specific-text></title-part></class-title>
<classification-item breakdown-code="false" not-allocatable="false" level="9" additional-only="false" sort-key="B62K15/008" definition-exists="false" ipc-concordant="B62K15/00" c-set-base-allowed="false" c-set-subsequent-allowed="true" date-revised="2013-01-01" status="published"><classification-symbol>B62K15/008</classification-symbol><class-title date-revised="2013-01-01"><title-part><CPC-specific-text><text>foldable about 2 or more axes</text></CPC-specific-text></title-part></class-title></classification-item></classification-item></classification-item>
<classification-item breakdown-code="false" not-allocatable="false" level="7" additional-only="false" sort-key="B62K17/00" definition-exists="true" ipc-concordant="B62K17/00" c-set-base-allowed="false" c-set-subsequent-allowed="true" date-revised="2013-01-01" status="published"><classification-symbol>B62K17/00</classification-symbol><class-title date-revised="2013-01-01"><title-part><text>Cycles not otherwise provided for</text></title-part></class-title></classification-item>
<classification-item breakdown-code="false" not-allocatable="false" level="7" additional-only="false" sort-key="B62K19/00" definition-exists="true" ipc-concordant="B62K19/00" c-set-base-allowed="false" c-set-subsequent-allowed="true" date-revised="2017-08-01" status="published"><classification-symbol>B62K19/00</classification-symbol><class-title date-revised="2017-08-01"><title-part><text>Cycle frames </text><reference><text>cycle frames specially adapted for one particular kind of cycle specified in groups <class-ref scheme="cpc">B62K1/00</class-ref>&#160;-&#160;<class-ref scheme="cpc">B62K17/00</class-ref>, <u>see</u> the relevant group</text></reference></title-part></class-title>
<classification-item breakdown-code="false" not-allocatable="false" level="8" additional-only="false" sort-key="B62K19/02" definition-exists="false" ipc-concordant="B62K19/02" c-set-base-allowed="false" c-set-subsequent-allowed="true" date-revised="2013-01-01" status="published"><classification-symbol>B62K19/02</classification-symbol><class-title date-revised="2013-01-01"><title-part><text>characterised by material or cross-section of frame members</text></title-part></class-title>
<classification-item breakdown-code="false" not-allocatable="false" level="9" additional-only="false" sort-key="B62K19/04" definition-exists="false" ipc-concordant="B62K19/04" c-set-base-allowed="false" c-set-subsequent-allowed="true" date-revised="2013-01-01" status="published"><classification-symbol>B62K19/04</classification-symbol><class-title date-revised="2013-01-01"><title-part><text>the material being wholly or mainly metallic, e.g. of high elasticity</text></title-part></class-title>
<classification-item breakdown-code="false" not-allocatable="false" level="10" additional-only="false" sort-key="B62K19/06" definition-exists="false" ipc-concordant="B62K19/06" c-set-base-allowed="false" c-set-subsequent-allowed="true" date-revised="2013-01-01" status="published"><classification-symbol>B62K19/06</classification-symbol><class-title date-revised="2013-01-01"><title-part><text>tubular</text></title-part></class-title></classification-item>
<classification-item breakdown-code="false" not-allocatable="false" level="10" additional-only="false" sort-key="B62K19/08" definition-exists="false" ipc-concordant="B62K19/08" c-set-base-allowed="false" c-set-subsequent-allowed="true" date-revised="2013-01-01" status="published"><classification-symbol>B62K19/08</classification-symbol><class-title date-revised="2013-01-01"><title-part><text>made from sheet</text></title-part></class-title></classification-item>
<classification-item breakdown-code="false" not-allocatable="false" level="10" additional-only="false" sort-key="B62K19/10" definition-exists="false" ipc-concordant="B62K19/10" c-set-base-allowed="false" c-set-subsequent-allowed="true" date-revised="2013-01-01" status="published"><classification-symbol>B62K19/10</classification-symbol><class-title date-revised="2013-01-01"><title-part><text>Combinations of tube and sheet</text></title-part></class-title></classification-item>
<classification-item breakdown-code="false" not-allocatable="false" level="10" additional-only="false" sort-key="B62K19/12" definition-exists="false" ipc-concordant="B62K19/12" c-set-base-allowed="false" c-set-subsequent-allowed="true" date-revised="2013-01-01" status="published"><classification-symbol>B62K19/12</classification-symbol><class-title date-revised="2013-01-01"><title-part><text>having cast members</text></title-part></class-title></classification-item></classification-item>
<classification-item breakdown-code="false" not-allocatable="false" level="9" additional-only="false" sort-key="B62K19/14" definition-exists="false" ipc-concordant="B62K19/14" c-set-base-allowed="false" c-set-subsequent-allowed="true" date-revised="2013-01-01" status="published"><classification-symbol>B62K19/14</classification-symbol><class-title date-revised="2013-01-01"><title-part><text>the material being wholly or mainly wood</text></title-part></class-title></classification-item>
<classification-item breakdown-code="false" not-allocatable="false" level="9" additional-only="false" sort-key="B62K19/16" definition-exists="false" ipc-concordant="B62K19/16" c-set-base-allowed="false" c-set-subsequent-allowed="true" date-revised="2013-01-01" status="published"><classification-symbol>B62K19/16</classification-symbol><class-title date-revised="2013-01-01"><title-part><text>the material being wholly or mainly of plastics</text></title-part></class-title></classification-item></classification-item>
<classification-item breakdown-code="false" not-allocatable="false" level="8" additional-only="false" sort-key="B62K19/18" definition-exists="false" ipc-concordant="B62K19/18" c-set-base-allowed="false" c-set-subsequent-allowed="true" date-revised="2013-01-01" status="published"><classification-symbol>B62K19/18</classification-symbol><class-title date-revised="2013-01-01"><title-part><text>Joints between frame members</text></title-part></class-title>
<classification-item breakdown-code="false" not-allocatable="false" level="9" additional-only="false" sort-key="B62K19/20" definition-exists="false" ipc-concordant="B62K19/20" c-set-base-allowed="false" c-set-subsequent-allowed="true" date-revised="2013-01-01" status="published"><classification-symbol>B62K19/20</classification-symbol><class-title date-revised="2013-01-01"><title-part><text>welded, soldered, or brazed</text></title-part></class-title></classification-item>
<classification-item breakdown-code="false" not-allocatable="false" level="9" additional-only="false" sort-key="B62K19/22" definition-exists="false" ipc-concordant="B62K19/22" c-set-base-allowed="false" c-set-subsequent-allowed="true" date-revised="2013-01-01" status="published"><classification-symbol>B62K19/22</classification-symbol><class-title date-revised="2013-01-01"><title-part><text>Adhesive joints</text></title-part></class-title></classification-item>
<classification-item breakdown-code="false" not-allocatable="false" level="9" additional-only="false" sort-key="B62K19/24" definition-exists="false" ipc-concordant="B62K19/24" c-set-base-allowed="false" c-set-subsequent-allowed="true" date-revised="2013-01-01" status="published"><classification-symbol>B62K19/24</classification-symbol><class-title date-revised="2013-01-01"><title-part><text>Screwed joints</text></title-part></class-title></classification-item>
<classification-item breakdown-code="false" not-allocatable="false" level="9" additional-only="false" sort-key="B62K19/26" definition-exists="false" ipc-concordant="B62K19/26" c-set-base-allowed="false" c-set-subsequent-allowed="true" date-revised="2013-01-01" status="published"><classification-symbol>B62K19/26</classification-symbol><class-title date-revised="2013-01-01"><title-part><text>Riveted joints</text></title-part></class-title></classification-item>
<classification-item breakdown-code="false" not-allocatable="false" level="9" additional-only="false" sort-key="B62K19/28" definition-exists="false" ipc-concordant="B62K19/28" c-set-base-allowed="false" c-set-subsequent-allowed="true" date-revised="2013-01-01" status="published"><classification-symbol>B62K19/28</classification-symbol><class-title date-revised="2013-01-01"><title-part><text>Means for strengthening joints</text></title-part></class-title></classification-item></classification-item>
<classification-item breakdown-code="false" not-allocatable="false" level="8" additional-only="false" sort-key="B62K19/30" definition-exists="true" ipc-concordant="B62K19/30" c-set-base-allowed="false" c-set-subsequent-allowed="true" date-revised="2013-01-01" status="published"><classification-symbol>B62K19/30</classification-symbol><class-title date-revised="2013-01-01"><title-part><text>Frame parts shaped to receive other cycle parts or accessories </text><reference><text>axle suspensions <class-ref scheme="cpc">B62K25/00</class-ref></text></reference></title-part></class-title>
<classification-item breakdown-code="false" not-allocatable="false" level="9" additional-only="false" sort-key="B62K19/32" definition-exists="true" ipc-concordant="B62K19/32" c-set-base-allowed="false" c-set-subsequent-allowed="true" date-revised="2013-01-01" status="published"><classification-symbol>B62K19/32</classification-symbol><class-title date-revised="2013-01-01"><title-part><text>Steering heads </text><reference><text>bearings therefor <class-ref scheme="cpc">B62K21/06</class-ref></text></reference></title-part></class-title></classification-item>
<classification-item breakdown-code="false" not-allocatable="false" level="9" additional-only="false" sort-key="B62K19/34" definition-exists="true" ipc-concordant="B62K19/34" c-set-base-allowed="false" c-set-subsequent-allowed="true" date-revised="2013-01-01" status="published"><classification-symbol>B62K19/34</classification-symbol><class-title date-revised="2013-01-01"><title-part><text>Bottom brackets</text></title-part></class-title></classification-item>
<classification-item breakdown-code="false" not-allocatable="false" level="9" additional-only="false" sort-key="B62K19/36" definition-exists="false" ipc-concordant="B62K19/36" c-set-base-allowed="false" c-set-subsequent-allowed="true" date-revised="2013-01-01" status="published"><classification-symbol>B62K19/36</classification-symbol><class-title date-revised="2013-01-01"><title-part><text>for attaching saddle pillars, e.g. adjustable during ride</text></title-part></class-title></classification-item>
<classification-item breakdown-code="false" not-allocatable="false" level="9" additional-only="false" sort-key="B62K19/38" definition-exists="false" ipc-concordant="B62K19/38" c-set-base-allowed="false" c-set-subsequent-allowed="true" date-revised="2013-01-01" status="published"><classification-symbol>B62K19/38</classification-symbol><class-title date-revised="2013-01-01"><title-part><text>for attaching brake members</text></title-part></class-title></classification-item>
<classification-item breakdown-code="false" not-allocatable="false" level="9" additional-only="false" sort-key="B62K19/40" definition-exists="false" ipc-concordant="B62K19/40" c-set-base-allowed="false" c-set-subsequent-allowed="true" date-revised="2013-01-01" status="published"><classification-symbol>B62K19/40</classification-symbol><class-title date-revised="2013-01-01"><title-part><text>for attaching accessories, e.g. article carriers, lamps</text></title-part></class-title>
<classification-item breakdown-code="false" not-allocatable="false" level="10" additional-only="false" sort-key="B62K19/42" definition-exists="true" ipc-concordant="B62K19/42" c-set-base-allowed="false" c-set-subsequent-allowed="true" date-revised="2013-01-01" status="published"><classification-symbol>B62K19/42</classification-symbol><class-title date-revised="2013-01-01"><title-part><text>for tyre pumps </text><reference><text>attachment devices not forming part of frame <class-ref scheme="cpc">B62J11/02</class-ref></text></reference></title-part></class-title></classification-item></classification-item></classification-item>
<classification-item breakdown-code="false" not-allocatable="false" level="8" additional-only="false" sort-key="B62K19/44" definition-exists="true" ipc-concordant="B62K19/44" c-set-base-allowed="false" c-set-subsequent-allowed="true" date-revised="2013-01-01" status="published"><classification-symbol>B62K19/44</classification-symbol><class-title date-revised="2013-01-01"><title-part><text>Chain-guards forming part of frame </text><reference><text>chain-guards <u>per se</u> <class-ref scheme="cpc">B62J13/00</class-ref></text></reference></title-part></class-title></classification-item>
<classification-item breakdown-code="false" not-allocatable="false" level="8" additional-only="false" sort-key="B62K19/46" definition-exists="true" ipc-concordant="B62K19/46" c-set-base-allowed="false" c-set-subsequent-allowed="true" date-revised="2013-01-01" status="published"><classification-symbol>B62K19/46</classification-symbol><class-title date-revised="2013-01-01"><title-part><text>Luggage carriers forming part of frame </text><reference><text>luggage carriers <u>per se</u> <class-ref scheme="cpc">B62J7/00</class-ref></text></reference></title-part></class-title></classification-item>
<classification-item breakdown-code="false" not-allocatable="false" level="8" additional-only="false" sort-key="B62K19/48" definition-exists="true" ipc-concordant="B62K19/48" c-set-base-allowed="false" c-set-subsequent-allowed="true" date-revised="2013-01-01" status="published"><classification-symbol>B62K19/48</classification-symbol><class-title date-revised="2013-01-01"><title-part><text>Fairings forming part of frame</text></title-part></class-title></classification-item></classification-item>
<classification-item breakdown-code="false" not-allocatable="false" level="7" additional-only="false" sort-key="B62K21/00" definition-exists="true" ipc-concordant="B62K21/00" c-set-base-allowed="false" c-set-subsequent-allowed="true" date-revised="2016-05-01" status="published"><classification-symbol>B62K21/00</classification-symbol><class-title date-revised="2016-05-01"><title-part><text>Steering devices </text><reference><text>steering devices specially adapted for one particular kind of cycle specified in groups <class-ref scheme="cpc">B62K1/00</class-ref>&#160;-&#160;<class-ref scheme="cpc">B62K17/00</class-ref>, <u>see</u> the relevant group</text></reference></title-part></class-title>
<classification-item breakdown-code="false" not-allocatable="false" level="8" additional-only="false" sort-key="B62K21/005" definition-exists="false" ipc-concordant="B62K21/00" c-set-base-allowed="false" c-set-subsequent-allowed="true" date-revised="2016-08-01" status="published"><classification-symbol>B62K21/005</classification-symbol><class-title date-revised="2016-08-01"><title-part><CPC-specific-text><text>Steering pivot axis arranged within the wheel, e.g. for a hub center steering arrangement</text></CPC-specific-text></title-part></class-title></classification-item>
<classification-item breakdown-code="false" not-allocatable="false" level="8" additional-only="false" sort-key="B62K21/02" definition-exists="false" ipc-concordant="B62K21/02" c-set-base-allowed="false" c-set-subsequent-allowed="true" date-revised="2013-01-01" status="published"><classification-symbol>B62K21/02</classification-symbol><class-title date-revised="2013-01-01"><title-part><text>Front wheel forks or equivalent, e.g. single tine</text></title-part></class-title></classification-item>
<classification-item breakdown-code="false" not-allocatable="false" level="8" additional-only="false" sort-key="B62K21/04" definition-exists="true" ipc-concordant="B62K21/04" c-set-base-allowed="false" c-set-subsequent-allowed="true" date-revised="2013-01-01" status="published"><classification-symbol>B62K21/04</classification-symbol><class-title date-revised="2013-01-01"><title-part><text>Fork crowns</text></title-part></class-title></classification-item>
<classification-item breakdown-code="false" not-allocatable="false" level="8" additional-only="false" sort-key="B62K21/06" definition-exists="true" ipc-concordant="B62K21/06" c-set-base-allowed="false" c-set-subsequent-allowed="true" date-revised="2013-01-01" status="published"><classification-symbol>B62K21/06</classification-symbol><class-title date-revised="2013-01-01"><title-part><text>Bearings specially adapted for steering heads </text><reference><text>bearings in general <class-ref scheme="cpc">F16C</class-ref></text></reference></title-part></class-title></classification-item>
<classification-item breakdown-code="false" not-allocatable="false" level="8" additional-only="false" sort-key="B62K21/08" definition-exists="true" ipc-concordant="B62K21/08" c-set-base-allowed="false" c-set-subsequent-allowed="true" date-revised="2013-01-01" status="published"><classification-symbol>B62K21/08</classification-symbol><class-title date-revised="2013-01-01"><title-part><text>Steering dampers </text><reference><text>dampers in general <class-ref scheme="cpc">F16F</class-ref></text></reference></title-part></class-title></classification-item>
<classification-item breakdown-code="false" not-allocatable="false" level="8" additional-only="false" sort-key="B62K21/10" definition-exists="false" ipc-concordant="B62K21/10" c-set-base-allowed="false" c-set-subsequent-allowed="true" date-revised="2017-08-01" status="published"><classification-symbol>B62K21/10</classification-symbol><class-title date-revised="2017-08-01"><title-part><text>Mechanisms for restoring steering device to straight-ahead position</text></title-part></class-title></classification-item>
<classification-item breakdown-code="false" not-allocatable="false" level="8" additional-only="false" sort-key="B62K21/12" definition-exists="false" ipc-concordant="B62K21/12" c-set-base-allowed="false" c-set-subsequent-allowed="true" date-revised="2017-08-01" status="published"><classification-symbol>B62K21/12</classification-symbol><class-title date-revised="2017-08-01"><title-part><text>Handlebars</text></title-part><title-part><text>Handlebar stems</text></title-part></class-title>
<classification-item breakdown-code="false" not-allocatable="false" level="9" additional-only="false" sort-key="B62K21/125" definition-exists="false" ipc-concordant="B62K21/12" c-set-base-allowed="false" c-set-subsequent-allowed="true" date-revised="2013-01-01" status="published"><classification-symbol>B62K21/125</classification-symbol><class-title date-revised="2013-01-01"><title-part><CPC-specific-text><text>Extensions; Auxiliary handlebars</text></CPC-specific-text></title-part></class-title></classification-item>
<classification-item breakdown-code="false" not-allocatable="false" level="9" additional-only="false" sort-key="B62K21/14" definition-exists="false" ipc-concordant="B62K21/14" c-set-base-allowed="false" c-set-subsequent-allowed="true" date-revised="2013-01-01" status="published"><classification-symbol>B62K21/14</classification-symbol><class-title date-revised="2013-01-01"><title-part><text>having resilient parts therein</text></title-part></class-title>
<classification-item breakdown-code="false" not-allocatable="false" level="10" additional-only="false" sort-key="B62K21/145" definition-exists="false" ipc-concordant="B62K21/14" c-set-base-allowed="false" c-set-subsequent-allowed="true" date-revised="2013-01-01" status="published"><classification-symbol>B62K21/145</classification-symbol><class-title date-revised="2013-01-01"><title-part><CPC-specific-text><text>the handlebar itself being flexible</text></CPC-specific-text></title-part></class-title></classification-item></classification-item>
<classification-item breakdown-code="false" not-allocatable="false" level="9" additional-only="false" sort-key="B62K21/16" definition-exists="false" ipc-concordant="B62K21/16" c-set-base-allowed="false" c-set-subsequent-allowed="true" date-revised="2013-01-01" status="published"><classification-symbol>B62K21/16</classification-symbol><class-title date-revised="2013-01-01"><title-part><text>having adjustable parts therein</text></title-part></class-title></classification-item></classification-item>
<classification-item breakdown-code="false" not-allocatable="false" level="8" additional-only="false" sort-key="B62K21/18" definition-exists="false" ipc-concordant="B62K21/18" c-set-base-allowed="false" c-set-subsequent-allowed="true" date-revised="2017-08-01" status="published"><classification-symbol>B62K21/18</classification-symbol><class-title date-revised="2017-08-01"><title-part><text>Connections between forks and handlebars or handlebar stems</text></title-part></class-title>
<classification-item breakdown-code="false" not-allocatable="false" level="9" additional-only="false" sort-key="B62K21/20" definition-exists="true" ipc-concordant="B62K21/20" c-set-base-allowed="false" c-set-subsequent-allowed="true" date-revised="2013-01-01" status="published"><classification-symbol>B62K21/20</classification-symbol><class-title date-revised="2013-01-01"><title-part><text>resilient</text></title-part></class-title></classification-item>
<classification-item breakdown-code="false" not-allocatable="false" level="9" additional-only="false" sort-key="B62K21/22" definition-exists="false" ipc-concordant="B62K21/22" c-set-base-allowed="false" c-set-subsequent-allowed="true" date-revised="2013-01-01" status="published"><classification-symbol>B62K21/22</classification-symbol><class-title date-revised="2013-01-01"><title-part><text>adjustable</text></title-part></class-title></classification-item>
<classification-item breakdown-code="false" not-allocatable="false" level="9" additional-only="false" sort-key="B62K21/24" definition-exists="false" ipc-concordant="B62K21/24" c-set-base-allowed="false" c-set-subsequent-allowed="true" date-revised="2013-01-01" status="published"><classification-symbol>B62K21/24</classification-symbol><class-title date-revised="2013-01-01"><title-part><text>readily releasable</text></title-part></class-title></classification-item></classification-item>
<classification-item breakdown-code="false" not-allocatable="false" level="8" additional-only="false" sort-key="B62K21/26" definition-exists="true" ipc-concordant="B62K21/26" c-set-base-allowed="false" c-set-subsequent-allowed="true" date-revised="2017-08-01" status="published"><classification-symbol>B62K21/26</classification-symbol><class-title date-revised="2017-08-01"><title-part><text>Handlebar grips </text><reference><text>twist grips <class-ref scheme="cpc">B62K23/04</class-ref></text></reference></title-part></class-title></classification-item></classification-item>
<classification-item breakdown-code="false" not-allocatable="false" level="7" additional-only="false" sort-key="B62K23/00" definition-exists="true" ipc-concordant="B62K23/00" c-set-base-allowed="false" c-set-subsequent-allowed="true" date-revised="2013-01-01" status="published"><classification-symbol>B62K23/00</classification-symbol><class-title date-revised="2013-01-01"><title-part><text>Rider-operated controls specially adapted for cycles, i.e. means for initiating control operations, e.g. levers, grips </text><reference><text>specially adapted to cycle brake mechanisms <class-ref scheme="cpc">B62L3/00</class-ref></text></reference></title-part></class-title>
<classification-item breakdown-code="false" not-allocatable="false" level="8" additional-only="false" sort-key="B62K23/02" definition-exists="true" ipc-concordant="B62K23/02" c-set-base-allowed="false" c-set-subsequent-allowed="true" date-revised="2013-01-01" status="published"><classification-symbol>B62K23/02</classification-symbol><class-title date-revised="2013-01-01"><title-part><text>hand actuated </text><reference><text>arrangements of controls on handle-bars of engine-driven cycles <class-ref scheme="cpc">B62K11/14</class-ref></text></reference></title-part></class-title>
<classification-item breakdown-code="false" not-allocatable="false" level="9" additional-only="false" sort-key="B62K23/04" definition-exists="false" ipc-concordant="B62K23/04" c-set-base-allowed="false" c-set-subsequent-allowed="true" date-revised="2013-01-01" status="published"><classification-symbol>B62K23/04</classification-symbol><class-title date-revised="2013-01-01"><title-part><text>Twist grips</text></title-part></class-title></classification-item>
<classification-item breakdown-code="false" not-allocatable="false" level="9" additional-only="false" sort-key="B62K23/06" definition-exists="false" ipc-concordant="B62K23/06" c-set-base-allowed="false" c-set-subsequent-allowed="true" date-revised="2013-01-01" status="published"><classification-symbol>B62K23/06</classification-symbol><class-title date-revised="2013-01-01"><title-part><text>Levers</text></title-part></class-title></classification-item></classification-item>
<classification-item breakdown-code="false" not-allocatable="false" level="8" additional-only="false" sort-key="B62K23/08" definition-exists="true" ipc-concordant="B62K23/08" c-set-base-allowed="false" c-set-subsequent-allowed="true" date-revised="2013-01-01" status="published"><classification-symbol>B62K23/08</classification-symbol><class-title date-revised="2013-01-01"><title-part><text>foot actuated</text></title-part></class-title></classification-item></classification-item>
<classification-item breakdown-code="false" not-allocatable="false" level="7" additional-only="false" sort-key="B62K25/00" definition-exists="true" ipc-concordant="B62K25/00" c-set-base-allowed="false" c-set-subsequent-allowed="true" date-revised="2013-01-01" status="published"><classification-symbol>B62K25/00</classification-symbol><class-title date-revised="2013-01-01"><title-part><text>Axle suspensions </text><reference><text>for vehicles in general <class-ref scheme="cpc">B60G</class-ref></text></reference></title-part></class-title>
<classification-item breakdown-code="false" not-allocatable="false" level="8" additional-only="false" sort-key="B62K25/005" definition-exists="false" ipc-concordant="B62K25/00" c-set-base-allowed="false" c-set-subsequent-allowed="true" date-revised="2013-01-01" status="published"><classification-symbol>B62K25/005</classification-symbol><class-title date-revised="2013-01-01"><title-part><CPC-specific-text><text>characterised by the axle being supported at one end only</text></CPC-specific-text></title-part></class-title></classification-item>
<classification-item breakdown-code="false" not-allocatable="false" level="8" additional-only="false" sort-key="B62K25/02" definition-exists="true" ipc-concordant="B62K25/02" c-set-base-allowed="false" c-set-subsequent-allowed="true" date-revised="2013-01-01" status="published"><classification-symbol>B62K25/02</classification-symbol><class-title date-revised="2013-01-01"><title-part><text>for mounting axles rigidly on cycle frame or fork, e.g. adjustably</text></title-part></class-title>
<classification-item breakdown-code="true" not-allocatable="false" level="9" additional-only="true" sort-key="B62K25/025" definition-exists="false" ipc-concordant="B62K25/02" c-set-base-allowed="false" c-set-subsequent-allowed="true" date-revised="2013-01-01" status="published"><classification-symbol>B62K2025/025</classification-symbol><class-title date-revised="2013-01-01"><title-part><CPC-specific-text><text>Hinged axle clamps</text></CPC-specific-text></title-part></class-title></classification-item></classification-item>
<classification-item breakdown-code="false" not-allocatable="false" level="8" additional-only="false" sort-key="B62K25/04" definition-exists="true" ipc-concordant="B62K25/04" c-set-base-allowed="false" c-set-subsequent-allowed="true" date-revised="2013-01-01" status="published"><classification-symbol>B62K25/04</classification-symbol><class-title date-revised="2013-01-01"><title-part><text>for mounting axles resiliently on cycle frame or fork </text><reference><text>for sidecars, forecars or the like <class-ref scheme="cpc">B62K27/06</class-ref></text></reference></title-part></class-title>
<classification-item breakdown-code="true" not-allocatable="false" level="9" additional-only="true" sort-key="B62K25/041" definition-exists="false" ipc-concordant="B62K25/04" c-set-base-allowed="false" c-set-subsequent-allowed="true" date-revised="2013-01-01" status="published"><classification-symbol>B62K2025/041</classification-symbol><class-title date-revised="2013-01-01"><title-part><CPC-specific-text><text>the cycle frame being made of a flexible material</text></CPC-specific-text></title-part></class-title></classification-item>
<classification-item breakdown-code="true" not-allocatable="false" level="9" additional-only="true" sort-key="B62K25/042" definition-exists="false" ipc-concordant="B62K25/04" c-set-base-allowed="false" c-set-subsequent-allowed="true" date-revised="2013-01-01" status="published"><classification-symbol>B62K2025/042</classification-symbol><class-title date-revised="2013-01-01"><title-part><CPC-specific-text><text>Suspensions with sprung hubs</text></CPC-specific-text></title-part></class-title></classification-item>
<classification-item breakdown-code="true" not-allocatable="false" level="9" additional-only="true" sort-key="B62K25/044" definition-exists="false" ipc-concordant="B62K25/04" c-set-base-allowed="false" c-set-subsequent-allowed="true" date-revised="2013-01-01" status="published"><classification-symbol>B62K2025/044</classification-symbol><class-title date-revised="2013-01-01"><title-part><CPC-specific-text><text>Suspensions with automatic adjustment</text></CPC-specific-text></title-part></class-title></classification-item>
<classification-item breakdown-code="true" not-allocatable="false" level="9" additional-only="true" sort-key="B62K25/045" definition-exists="false" ipc-concordant="B62K25/04" c-set-base-allowed="false" c-set-subsequent-allowed="true" date-revised="2013-01-01" status="published"><classification-symbol>B62K2025/045</classification-symbol><class-title date-revised="2013-01-01"><title-part><CPC-specific-text><text>Suspensions with ride-height adjustment</text></CPC-specific-text></title-part></class-title></classification-item>
<classification-item breakdown-code="true" not-allocatable="false" level="9" additional-only="true" sort-key="B62K25/047" definition-exists="false" ipc-concordant="B62K25/04" c-set-base-allowed="false" c-set-subsequent-allowed="true" date-revised="2013-01-01" status="published"><classification-symbol>B62K2025/047</classification-symbol><class-title date-revised="2013-01-01"><title-part><CPC-specific-text><text>with suspension locking means</text></CPC-specific-text></title-part></class-title></classification-item>
<classification-item breakdown-code="true" not-allocatable="false" level="9" additional-only="true" sort-key="B62K25/048" definition-exists="false" ipc-concordant="B62K25/04" c-set-base-allowed="false" c-set-subsequent-allowed="true" date-revised="2013-01-01" status="published"><classification-symbol>B62K2025/048</classification-symbol><class-title date-revised="2013-01-01"><title-part><CPC-specific-text><text>with suspension manual adjustment details</text></CPC-specific-text></title-part></class-title></classification-item>
<classification-item breakdown-code="false" not-allocatable="false" level="9" additional-only="false" sort-key="B62K25/06" definition-exists="true" ipc-concordant="B62K25/06" c-set-base-allowed="false" c-set-subsequent-allowed="true" date-revised="2013-01-01" status="published"><classification-symbol>B62K25/06</classification-symbol><class-title date-revised="2013-01-01"><title-part><text>with telescopic fork, e.g. including auxiliary rocking arms</text></title-part></class-title>
<classification-item breakdown-code="false" not-allocatable="false" level="10" additional-only="false" sort-key="B62K25/08" definition-exists="false" ipc-concordant="B62K25/08" c-set-base-allowed="false" c-set-subsequent-allowed="true" date-revised="2013-01-01" status="published"><classification-symbol>B62K25/08</classification-symbol><class-title date-revised="2013-01-01"><title-part><text>for front wheel</text></title-part></class-title></classification-item>
<classification-item breakdown-code="false" not-allocatable="false" level="10" additional-only="false" sort-key="B62K25/10" definition-exists="false" ipc-concordant="B62K25/10" c-set-base-allowed="false" c-set-subsequent-allowed="true" date-revised="2013-01-01" status="published"><classification-symbol>B62K25/10</classification-symbol><class-title date-revised="2013-01-01"><title-part><text>for rear wheel</text></title-part></class-title></classification-item></classification-item>
<classification-item breakdown-code="false" not-allocatable="false" level="9" additional-only="false" sort-key="B62K25/12" definition-exists="false" ipc-concordant="B62K25/12" c-set-base-allowed="false" c-set-subsequent-allowed="true" date-revised="2013-01-01" status="published"><classification-symbol>B62K25/12</classification-symbol><class-title date-revised="2013-01-01"><title-part><text>with rocking arm pivoted on each fork leg </text><reference><text>in combination with telescopic fork <class-ref scheme="cpc">B62K25/06</class-ref></text></reference></title-part></class-title>
<classification-item breakdown-code="false" not-allocatable="false" level="10" additional-only="false" sort-key="B62K25/14" definition-exists="false" ipc-concordant="B62K25/14" c-set-base-allowed="false" c-set-subsequent-allowed="true" date-revised="2013-01-01" status="published"><classification-symbol>B62K25/14</classification-symbol><class-title date-revised="2013-01-01"><title-part><text>with single arm on each fork leg</text></title-part></class-title>
<classification-item breakdown-code="false" not-allocatable="false" level="11" additional-only="false" sort-key="B62K25/16" definition-exists="true" ipc-concordant="B62K25/16" c-set-base-allowed="false" c-set-subsequent-allowed="true" date-revised="2013-01-01" status="published"><classification-symbol>B62K25/16</classification-symbol><class-title date-revised="2013-01-01"><title-part><text>for front wheel</text></title-part></class-title>
<classification-item breakdown-code="false" not-allocatable="false" level="12" additional-only="false" sort-key="B62K25/18" definition-exists="false" ipc-concordant="B62K25/18" c-set-base-allowed="false" c-set-subsequent-allowed="true" date-revised="2013-01-01" status="published"><classification-symbol>B62K25/18</classification-symbol><class-title date-revised="2013-01-01"><title-part><text>the arm being pivoted intermediate its ends</text></title-part></class-title></classification-item></classification-item>
<classification-item breakdown-code="false" not-allocatable="false" level="11" additional-only="false" sort-key="B62K25/20" definition-exists="false" ipc-concordant="B62K25/20" c-set-base-allowed="false" c-set-subsequent-allowed="true" date-revised="2013-01-01" status="published"><classification-symbol>B62K25/20</classification-symbol><class-title date-revised="2013-01-01"><title-part><text>for rear wheel</text></title-part></class-title></classification-item></classification-item>
<classification-item breakdown-code="false" not-allocatable="false" level="10" additional-only="false" sort-key="B62K25/22" definition-exists="true" ipc-concordant="B62K25/22" c-set-base-allowed="false" c-set-subsequent-allowed="true" date-revised="2013-01-01" status="published"><classification-symbol>B62K25/22</classification-symbol><class-title date-revised="2013-01-01"><title-part><text>with more than one arm on each fork leg</text></title-part></class-title>
<classification-item breakdown-code="false" not-allocatable="false" level="11" additional-only="false" sort-key="B62K25/24" definition-exists="true" ipc-concordant="B62K25/24" c-set-base-allowed="false" c-set-subsequent-allowed="true" date-revised="2013-01-01" status="published"><classification-symbol>B62K25/24</classification-symbol><class-title date-revised="2013-01-01"><title-part><text>for front wheel</text></title-part></class-title></classification-item>
<classification-item breakdown-code="false" not-allocatable="false" level="11" additional-only="false" sort-key="B62K25/26" definition-exists="true" ipc-concordant="B62K25/26" c-set-base-allowed="false" c-set-subsequent-allowed="true" date-revised="2013-01-01" status="published"><classification-symbol>B62K25/26</classification-symbol><class-title date-revised="2013-01-01"><title-part><text>for rear wheel</text></title-part></class-title></classification-item></classification-item></classification-item>
<classification-item breakdown-code="false" not-allocatable="false" level="9" additional-only="false" sort-key="B62K25/28" definition-exists="false" ipc-concordant="B62K25/28" c-set-base-allowed="false" c-set-subsequent-allowed="true" date-revised="2013-01-01" status="published"><classification-symbol>B62K25/28</classification-symbol><class-title date-revised="2013-01-01"><title-part><text>with pivoted chain-stay</text></title-part></class-title>
<classification-item breakdown-code="false" not-allocatable="false" level="10" additional-only="false" sort-key="B62K25/283" definition-exists="false" ipc-concordant="B62K25/28" c-set-base-allowed="false" c-set-subsequent-allowed="true" date-revised="2013-01-01" status="published"><classification-symbol>B62K25/283</classification-symbol><class-title date-revised="2013-01-01"><title-part><CPC-specific-text><text>for cycles without a pedal crank, e.g. motorcycles</text></CPC-specific-text></title-part></class-title></classification-item>
<classification-item breakdown-code="false" not-allocatable="false" level="10" additional-only="false" sort-key="B62K25/286" definition-exists="false" ipc-concordant="B62K25/28" c-set-base-allowed="false" c-set-subsequent-allowed="true" date-revised="2013-01-01" status="published"><classification-symbol>B62K25/286</classification-symbol><class-title date-revised="2013-01-01"><title-part><CPC-specific-text><text>the shock absorber being connected to the chain-stay via a linkage mechanism</text></CPC-specific-text></title-part></class-title></classification-item>
<classification-item breakdown-code="false" not-allocatable="false" level="10" additional-only="false" sort-key="B62K25/30" definition-exists="false" ipc-concordant="B62K25/30" c-set-base-allowed="false" c-set-subsequent-allowed="true" date-revised="2013-01-01" status="published"><classification-symbol>B62K25/30</classification-symbol><class-title date-revised="2013-01-01"><title-part><text>pivoted on pedal crank shelf </text><reference><text><class-ref scheme="cpc">B62K25/32</class-ref> takes precedence</text></reference></title-part></class-title></classification-item>
<classification-item breakdown-code="false" not-allocatable="false" level="10" additional-only="false" sort-key="B62K25/32" definition-exists="true" ipc-concordant="B62K25/32" c-set-base-allowed="false" c-set-subsequent-allowed="true" date-revised="2013-01-01" status="published"><classification-symbol>B62K25/32</classification-symbol><class-title date-revised="2013-01-01"><title-part><text>the chain-stay forming a chain-guard</text></title-part></class-title></classification-item></classification-item></classification-item></classification-item>
<classification-item breakdown-code="false" not-allocatable="false" level="7" additional-only="false" sort-key="B62K27/00" definition-exists="true" ipc-concordant="B62K27/00" c-set-base-allowed="false" c-set-subsequent-allowed="true" date-revised="2013-01-01" status="published"><classification-symbol>B62K27/00</classification-symbol><class-title date-revised="2013-01-01"><title-part><text>Sidecars</text></title-part><title-part><text>Forecars; </text><CPC-specific-text><text>Trailers or the like specially adapted to be attached to cycles</text></CPC-specific-text><reference><text>trailers <class-ref scheme="cpc">B60P</class-ref>; <class-ref scheme="cpc">B62D</class-ref>; characterised by carrying propulsion engine </text><CPC-specific-text><text><class-ref scheme="cpc">B62M7/14</class-ref></text></CPC-specific-text></reference></title-part></class-title>
<classification-item breakdown-code="false" not-allocatable="false" level="8" additional-only="false" sort-key="B62K27/003" definition-exists="false" ipc-concordant="B62K27/00" c-set-base-allowed="false" c-set-subsequent-allowed="true" date-revised="2017-05-01" status="published"><classification-symbol>B62K27/003</classification-symbol><class-title date-revised="2013-01-01"><title-part><CPC-specific-text><text>Trailers</text></CPC-specific-text></title-part></class-title>
<classification-item breakdown-code="false" not-allocatable="false" level="9" additional-only="false" sort-key="B62K27/006" definition-exists="false" ipc-concordant="B62K27/00" c-set-base-allowed="false" c-set-subsequent-allowed="true" date-revised="2013-01-01" status="published"><classification-symbol>B62K27/006</classification-symbol><class-title date-revised="2013-01-01"><title-part><CPC-specific-text><text>having a single wheel</text></CPC-specific-text></title-part></class-title></classification-item></classification-item>
<classification-item breakdown-code="false" not-allocatable="false" level="8" additional-only="false" sort-key="B62K27/02" definition-exists="true" ipc-concordant="B62K27/02" c-set-base-allowed="false" c-set-subsequent-allowed="true" date-revised="2013-01-01" status="published"><classification-symbol>B62K27/02</classification-symbol><class-title date-revised="2013-01-01"><title-part><text>Frames</text></title-part></class-title></classification-item>
<classification-item breakdown-code="false" not-allocatable="false" level="8" additional-only="false" sort-key="B62K27/04" definition-exists="false" ipc-concordant="B62K27/04" c-set-base-allowed="false" c-set-subsequent-allowed="true" date-revised="2013-01-01" status="published"><classification-symbol>B62K27/04</classification-symbol><class-title date-revised="2013-01-01"><title-part><text>Car bodies</text></title-part><title-part><text>Fairings</text></title-part></class-title></classification-item>
<classification-item breakdown-code="false" not-allocatable="false" level="8" additional-only="false" sort-key="B62K27/06" definition-exists="false" ipc-concordant="B62K27/06" c-set-base-allowed="false" c-set-subsequent-allowed="true" date-revised="2013-01-01" status="published"><classification-symbol>B62K27/06</classification-symbol><class-title date-revised="2013-01-01"><title-part><text>Resilient axle suspension</text></title-part></class-title></classification-item>
<classification-item breakdown-code="false" not-allocatable="false" level="8" additional-only="false" sort-key="B62K27/08" definition-exists="false" ipc-concordant="B62K27/08" c-set-base-allowed="false" c-set-subsequent-allowed="true" date-revised="2013-01-01" status="published"><classification-symbol>B62K27/08</classification-symbol><class-title date-revised="2013-01-01"><title-part><text>Resilient car-body suspension on frame</text></title-part></class-title></classification-item>
<classification-item breakdown-code="false" not-allocatable="false" level="8" additional-only="false" sort-key="B62K27/10" definition-exists="false" ipc-concordant="B62K27/10" c-set-base-allowed="false" c-set-subsequent-allowed="true" date-revised="2013-01-01" status="published"><classification-symbol>B62K27/10</classification-symbol><class-title date-revised="2013-01-01"><title-part><text>Other component parts or accessories</text></title-part></class-title>
<classification-item breakdown-code="false" not-allocatable="false" level="9" additional-only="false" sort-key="B62K27/12" definition-exists="false" ipc-concordant="B62K27/12" c-set-base-allowed="false" c-set-subsequent-allowed="true" date-revised="2013-01-01" status="published"><classification-symbol>B62K27/12</classification-symbol><class-title date-revised="2013-01-01"><title-part><text>Coupling parts for attaching cars or the like to cycle</text></title-part><title-part><text>Arrangements thereof</text></title-part></class-title>
<classification-item breakdown-code="false" not-allocatable="false" level="10" additional-only="false" sort-key="B62K27/14" definition-exists="false" ipc-concordant="B62K27/14" c-set-base-allowed="false" c-set-subsequent-allowed="true" date-revised="2013-01-01" status="published"><classification-symbol>B62K27/14</classification-symbol><class-title date-revised="2013-01-01"><title-part><text>Resilient coupling parts</text></title-part></class-title></classification-item></classification-item>
<classification-item breakdown-code="false" not-allocatable="false" level="9" additional-only="false" sort-key="B62K27/16" definition-exists="false" ipc-concordant="B62K27/16" c-set-base-allowed="false" c-set-subsequent-allowed="true" date-revised="2013-01-01" status="published"><classification-symbol>B62K27/16</classification-symbol><class-title date-revised="2013-01-01"><title-part><text>Hoods</text></title-part><title-part><text>Weather-guards, e.g. windscreens</text></title-part></class-title></classification-item></classification-item></classification-item></classification-item>
<classification-item breakdown-code="true" not-allocatable="true" level="6" additional-only="true" sort-key="B62K201/00" date-revised="2013-01-01" status="published"><classification-symbol>B62K2201/00</classification-symbol>
<classification-item breakdown-code="true" not-allocatable="false" level="7" additional-only="true" sort-key="B62K201/00" definition-exists="false" ipc-concordant="CPCONLY" c-set-base-allowed="false" c-set-subsequent-allowed="true" date-revised="2013-01-01" status="published"><classification-symbol>B62K2201/00</classification-symbol><class-title date-revised="2013-01-01"><title-part><text>Springs used in cycle frames or parts thereof</text></title-part></class-title>
<classification-item breakdown-code="true" not-allocatable="false" level="8" additional-only="true" sort-key="B62K201/02" definition-exists="false" ipc-concordant="CPCONLY" c-set-base-allowed="false" c-set-subsequent-allowed="true" date-revised="2013-01-01" status="published"><classification-symbol>B62K2201/02</classification-symbol><class-title date-revised="2013-01-01"><title-part><text>Rubber springs</text></title-part></class-title></classification-item>
<classification-item breakdown-code="true" not-allocatable="false" level="8" additional-only="true" sort-key="B62K201/04" definition-exists="false" ipc-concordant="CPCONLY" c-set-base-allowed="false" c-set-subsequent-allowed="true" date-revised="2013-01-01" status="published"><classification-symbol>B62K2201/04</classification-symbol><class-title date-revised="2013-01-01"><title-part><text>Helical springs</text></title-part></class-title></classification-item>
<classification-item breakdown-code="true" not-allocatable="false" level="8" additional-only="true" sort-key="B62K201/06" definition-exists="false" ipc-concordant="CPCONLY" c-set-base-allowed="false" c-set-subsequent-allowed="true" date-revised="2013-01-01" status="published"><classification-symbol>B62K2201/06</classification-symbol><class-title date-revised="2013-01-01"><title-part><text>Leaf springs</text></title-part></class-title></classification-item>
<classification-item breakdown-code="true" not-allocatable="false" level="8" additional-only="true" sort-key="B62K201/08" definition-exists="false" ipc-concordant="CPCONLY" c-set-base-allowed="false" c-set-subsequent-allowed="true" date-revised="2013-01-01" status="published"><classification-symbol>B62K2201/08</classification-symbol><class-title date-revised="2013-01-01"><title-part><text>Fluid springs</text></title-part></class-title></classification-item></classification-item>
<classification-item breakdown-code="true" not-allocatable="false" level="7" additional-only="true" sort-key="B62K202/00" definition-exists="false" ipc-concordant="CPCONLY" c-set-base-allowed="false" c-set-subsequent-allowed="true" date-revised="2013-01-01" status="published"><classification-symbol>B62K2202/00</classification-symbol><class-title date-revised="2013-01-01"><title-part><text>Motorised scooters</text></title-part></class-title></classification-item>
<classification-item breakdown-code="true" not-allocatable="false" level="7" additional-only="true" sort-key="B62K204/00" definition-exists="true" ipc-concordant="CPCONLY" c-set-base-allowed="false" c-set-subsequent-allowed="true" date-revised="2024-08-01" status="published"><classification-symbol>B62K2204/00</classification-symbol><class-title date-revised="2024-08-01"><title-part><text>Adaptations for driving cycles by electric motor</text></title-part></class-title></classification-item>
<classification-item breakdown-code="true" not-allocatable="false" level="7" additional-only="true" sort-key="B62K206/00" definition-exists="false" ipc-concordant="CPCONLY" c-set-base-allowed="false" c-set-subsequent-allowed="true" date-revised="2013-01-01" status="published"><classification-symbol>B62K2206/00</classification-symbol><class-title date-revised="2013-01-01"><title-part><text>Quick release mechanisms adapted for cycles</text></title-part></class-title></classification-item></classification-item></classification-item></class-scheme>