<?xml version="1.0" encoding="UTF-8"?>
<class-scheme publication-date="2024-08-01" scheme-type="cpc" publication-type="official">
<classification-item breakdown-code="false" not-allocatable="true" level="5" additional-only="false" sort-key="B68B" definition-exists="true" date-revised="2018-08-01" status="published"><classification-symbol>B68B</classification-symbol><class-title date-revised="2013-01-01"><title-part><text>HARNESS</text></title-part><title-part><text>DEVICES USED IN CONNECTION THEREWITH</text></title-part><title-part><text>WHIPS OR THE LIKE</text></title-part></class-title><notes-and-warnings><note type="warning"><note-paragraph>In this subclass non-limiting references (in the sense of paragraph 39 of the Guide to the IPC) may still be displayed in the scheme.</note-paragraph></note></notes-and-warnings>
<classification-item breakdown-code="false" not-allocatable="true" level="6" additional-only="false" sort-key="B68B1/00" date-revised="2013-01-01" status="published"><classification-symbol>B68B1/00</classification-symbol>
<classification-item breakdown-code="false" not-allocatable="false" level="7" additional-only="false" sort-key="B68B1/00" definition-exists="true" ipc-concordant="B68B1/00" c-set-base-allowed="false" c-set-subsequent-allowed="true" date-revised="2013-01-01" status="published"><classification-symbol>B68B1/00</classification-symbol><class-title date-revised="2013-01-01"><title-part><text>Devices in connection with harness, for hitching, reining, training, breaking or quietening horses or other traction animals </text><reference><text>devices of this kind combined with traction harness <class-ref scheme="cpc">B68B3/00</class-ref>; stable equipment <class-ref scheme="cpc">A01K1/00</class-ref>; devices forming part of a vehicle <class-ref scheme="cpc">B62C</class-ref></text></reference></title-part></class-title>
<classification-item breakdown-code="true" not-allocatable="false" level="8" additional-only="true" sort-key="B68B1/003" definition-exists="false" ipc-concordant="B68B1/00" c-set-base-allowed="false" c-set-subsequent-allowed="true" date-revised="2013-01-01" status="published"><classification-symbol>B68B2001/003</classification-symbol><class-title date-revised="2013-01-01"><title-part><CPC-specific-text><text>Means to enhance visibility of the horse</text></CPC-specific-text></title-part></class-title></classification-item>
<classification-item breakdown-code="true" not-allocatable="false" level="8" additional-only="true" sort-key="B68B1/006" definition-exists="false" ipc-concordant="B68B1/00" c-set-base-allowed="false" c-set-subsequent-allowed="true" date-revised="2013-01-01" status="published"><classification-symbol>B68B2001/006</classification-symbol><class-title date-revised="2013-01-01"><title-part><CPC-specific-text><text>Longeing</text></CPC-specific-text></title-part></class-title></classification-item>
<classification-item breakdown-code="false" not-allocatable="false" level="8" additional-only="false" sort-key="B68B1/02" definition-exists="false" ipc-concordant="B68B1/02" c-set-base-allowed="false" c-set-subsequent-allowed="true" date-revised="2013-01-01" status="published"><classification-symbol>B68B1/02</classification-symbol><class-title date-revised="2013-01-01"><title-part><text>Halters</text></title-part></class-title></classification-item>
<classification-item breakdown-code="false" not-allocatable="false" level="8" additional-only="false" sort-key="B68B1/04" definition-exists="false" ipc-concordant="B68B1/04" c-set-base-allowed="false" c-set-subsequent-allowed="true" date-revised="2013-01-01" status="published"><classification-symbol>B68B1/04</classification-symbol><class-title date-revised="2013-01-01"><title-part><text>Bridles</text></title-part><title-part><text>Reins</text></title-part></class-title>
<classification-item breakdown-code="true" not-allocatable="false" level="9" additional-only="true" sort-key="B68B1/042" definition-exists="false" ipc-concordant="B68B1/04" c-set-base-allowed="false" c-set-subsequent-allowed="true" date-revised="2013-01-01" status="published"><classification-symbol>B68B2001/042</classification-symbol><class-title date-revised="2013-01-01"><title-part><CPC-specific-text><text>Bitless bridles</text></CPC-specific-text></title-part></class-title></classification-item>
<classification-item breakdown-code="true" not-allocatable="false" level="9" additional-only="true" sort-key="B68B1/044" definition-exists="false" ipc-concordant="B68B1/04" c-set-base-allowed="false" c-set-subsequent-allowed="true" date-revised="2013-01-01" status="published"><classification-symbol>B68B2001/044</classification-symbol><class-title date-revised="2013-01-01"><title-part><CPC-specific-text><text>Bridles with arrangements for fluid flow</text></CPC-specific-text></title-part></class-title></classification-item>
<classification-item breakdown-code="true" not-allocatable="false" level="9" additional-only="true" sort-key="B68B1/046" definition-exists="false" ipc-concordant="B68B1/04" c-set-base-allowed="false" c-set-subsequent-allowed="true" date-revised="2013-01-01" status="published"><classification-symbol>B68B2001/046</classification-symbol><class-title date-revised="2013-01-01"><title-part><CPC-specific-text><text>Fabrication of reins</text></CPC-specific-text></title-part></class-title></classification-item>
<classification-item breakdown-code="true" not-allocatable="false" level="9" additional-only="true" sort-key="B68B1/048" definition-exists="false" ipc-concordant="B68B1/04" c-set-base-allowed="false" c-set-subsequent-allowed="true" date-revised="2013-01-01" status="published"><classification-symbol>B68B2001/048</classification-symbol><class-title date-revised="2013-01-01"><title-part><CPC-specific-text><text>Stretchable reins</text></CPC-specific-text></title-part></class-title></classification-item>
<classification-item breakdown-code="false" not-allocatable="false" level="9" additional-only="false" sort-key="B68B1/06" definition-exists="false" ipc-concordant="B68B1/06" c-set-base-allowed="false" c-set-subsequent-allowed="true" date-revised="2013-01-01" status="published"><classification-symbol>B68B1/06</classification-symbol><class-title date-revised="2013-01-01"><title-part><text>Bits</text></title-part></class-title></classification-item></classification-item>
<classification-item breakdown-code="false" not-allocatable="false" level="8" additional-only="false" sort-key="B68B1/08" definition-exists="false" ipc-concordant="B68B1/08" c-set-base-allowed="false" c-set-subsequent-allowed="true" date-revised="2013-01-01" status="published"><classification-symbol>B68B1/08</classification-symbol><class-title date-revised="2013-01-01"><title-part><text>Stranglers</text></title-part></class-title></classification-item>
<classification-item breakdown-code="false" not-allocatable="false" level="8" additional-only="false" sort-key="B68B1/10" definition-exists="false" ipc-concordant="B68B1/10" c-set-base-allowed="false" c-set-subsequent-allowed="true" date-revised="2013-01-01" status="published"><classification-symbol>B68B1/10</classification-symbol><class-title date-revised="2013-01-01"><title-part><text>Blinkers</text></title-part></class-title>
<classification-item breakdown-code="false" not-allocatable="false" level="9" additional-only="false" sort-key="B68B1/12" definition-exists="false" ipc-concordant="B68B1/12" c-set-base-allowed="false" c-set-subsequent-allowed="true" date-revised="2013-01-01" status="published"><classification-symbol>B68B1/12</classification-symbol><class-title date-revised="2013-01-01"><title-part><text>movable</text></title-part></class-title></classification-item></classification-item>
<classification-item breakdown-code="false" not-allocatable="false" level="8" additional-only="false" sort-key="B68B1/13" definition-exists="false" ipc-concordant="B68B1/13" c-set-base-allowed="false" c-set-subsequent-allowed="true" date-revised="2013-01-01" status="published"><classification-symbol>B68B1/13</classification-symbol><class-title date-revised="2013-01-01"><title-part><text>Devices for preventing bolting </text><reference><text>for unhitching bolting traction animals <class-ref scheme="cpc">B68B5/08</class-ref></text></reference></title-part></class-title></classification-item>
<classification-item breakdown-code="false" not-allocatable="false" level="8" additional-only="false" sort-key="B68B1/14" definition-exists="false" ipc-concordant="B68B1/14" c-set-base-allowed="false" c-set-subsequent-allowed="true" date-revised="2013-01-01" status="published"><classification-symbol>B68B1/14</classification-symbol><class-title date-revised="2013-01-01"><title-part><text>Hobbling devices</text></title-part></class-title></classification-item></classification-item>
<classification-item breakdown-code="false" not-allocatable="false" level="7" additional-only="false" sort-key="B68B3/00" definition-exists="true" ipc-concordant="B68B3/00" c-set-base-allowed="false" c-set-subsequent-allowed="true" date-revised="2013-01-01" status="published"><classification-symbol>B68B3/00</classification-symbol><class-title date-revised="2013-01-01"><title-part><text>Traction harnesses</text></title-part><title-part><text>Traction harnesses combined with devices referred to in group <class-ref scheme="cpc">B68B1/00</class-ref></text></title-part></class-title>
<classification-item breakdown-code="false" not-allocatable="false" level="8" additional-only="false" sort-key="B68B3/02" definition-exists="false" ipc-concordant="B68B3/02" c-set-base-allowed="false" c-set-subsequent-allowed="true" date-revised="2013-01-01" status="published"><classification-symbol>B68B3/02</classification-symbol><class-title date-revised="2013-01-01"><title-part><text>Yokes</text></title-part></class-title></classification-item>
<classification-item breakdown-code="false" not-allocatable="false" level="8" additional-only="false" sort-key="B68B3/04" definition-exists="false" ipc-concordant="B68B3/04" c-set-base-allowed="false" c-set-subsequent-allowed="true" date-revised="2013-01-01" status="published"><classification-symbol>B68B3/04</classification-symbol><class-title date-revised="2013-01-01"><title-part><text>Horse collars</text></title-part><title-part><text>Manufacturing same</text></title-part></class-title>
<classification-item breakdown-code="false" not-allocatable="false" level="9" additional-only="false" sort-key="B68B3/06" definition-exists="false" ipc-concordant="B68B3/06" c-set-base-allowed="false" c-set-subsequent-allowed="true" date-revised="2013-01-01" status="published"><classification-symbol>B68B3/06</classification-symbol><class-title date-revised="2013-01-01"><title-part><text>Adjustable collars</text></title-part></class-title></classification-item>
<classification-item breakdown-code="false" not-allocatable="false" level="9" additional-only="false" sort-key="B68B3/08" definition-exists="false" ipc-concordant="B68B3/08" c-set-base-allowed="false" c-set-subsequent-allowed="true" date-revised="2013-01-01" status="published"><classification-symbol>B68B3/08</classification-symbol><class-title date-revised="2013-01-01"><title-part><text>with protective pads</text></title-part></class-title>
<classification-item breakdown-code="false" not-allocatable="false" level="10" additional-only="false" sort-key="B68B3/10" definition-exists="false" ipc-concordant="B68B3/10" c-set-base-allowed="false" c-set-subsequent-allowed="true" date-revised="2013-01-01" status="published"><classification-symbol>B68B3/10</classification-symbol><class-title date-revised="2013-01-01"><title-part><text>Pneumatic collars</text></title-part></class-title></classification-item></classification-item>
<classification-item breakdown-code="false" not-allocatable="false" level="9" additional-only="false" sort-key="B68B3/12" definition-exists="false" ipc-concordant="B68B3/12" c-set-base-allowed="false" c-set-subsequent-allowed="true" date-revised="2013-01-01" status="published"><classification-symbol>B68B3/12</classification-symbol><class-title date-revised="2013-01-01"><title-part><text>Locks therefor</text></title-part></class-title></classification-item></classification-item>
<classification-item breakdown-code="false" not-allocatable="false" level="8" additional-only="false" sort-key="B68B3/14" definition-exists="false" ipc-concordant="B68B3/14" c-set-base-allowed="false" c-set-subsequent-allowed="true" date-revised="2013-01-01" status="published"><classification-symbol>B68B3/14</classification-symbol><class-title date-revised="2013-01-01"><title-part><text>Breast collars</text></title-part></class-title></classification-item>
<classification-item breakdown-code="false" not-allocatable="false" level="8" additional-only="false" sort-key="B68B3/16" definition-exists="false" ipc-concordant="B68B3/16" c-set-base-allowed="false" c-set-subsequent-allowed="true" date-revised="2013-01-01" status="published"><classification-symbol>B68B3/16</classification-symbol><class-title date-revised="2013-01-01"><title-part><text>Cruppers</text></title-part></class-title></classification-item>
<classification-item breakdown-code="false" not-allocatable="false" level="8" additional-only="false" sort-key="B68B3/18" definition-exists="false" ipc-concordant="B68B3/18" c-set-base-allowed="false" c-set-subsequent-allowed="true" date-revised="2013-01-01" status="published"><classification-symbol>B68B3/18</classification-symbol><class-title date-revised="2013-01-01"><title-part><text>Breechings</text></title-part></class-title></classification-item>
<classification-item breakdown-code="false" not-allocatable="false" level="8" additional-only="false" sort-key="B68B3/20" definition-exists="false" ipc-concordant="B68B3/20" c-set-base-allowed="false" c-set-subsequent-allowed="true" date-revised="2013-01-01" status="published"><classification-symbol>B68B3/20</classification-symbol><class-title date-revised="2013-01-01"><title-part><text>Traces </text><reference><text>manufacture of belts <class-ref scheme="cpc">C14B</class-ref>; of ropes <class-ref scheme="cpc">D07</class-ref></text></reference></title-part></class-title>
<classification-item breakdown-code="false" not-allocatable="false" level="9" additional-only="false" sort-key="B68B3/22" definition-exists="false" ipc-concordant="B68B3/22" c-set-base-allowed="false" c-set-subsequent-allowed="true" date-revised="2013-01-01" status="published"><classification-symbol>B68B3/22</classification-symbol><class-title date-revised="2013-01-01"><title-part><text>Trace holders </text><reference><text>devices forming part of a vehicle <class-ref scheme="cpc">B62C</class-ref></text></reference></title-part></class-title></classification-item></classification-item></classification-item>
<classification-item breakdown-code="false" not-allocatable="false" level="7" additional-only="false" sort-key="B68B5/00" definition-exists="true" ipc-concordant="B68B5/00" c-set-base-allowed="false" c-set-subsequent-allowed="true" date-revised="2013-01-01" status="published"><classification-symbol>B68B5/00</classification-symbol><class-title date-revised="2013-01-01"><title-part><text>Details or accessories </text><reference><text>haberdashery <class-ref scheme="cpc">A44</class-ref></text></reference></title-part><title-part><text>Fastening devices for bridles, reins, harnesses, or the like </text><reference><text>devices forming part of a vehicle <class-ref scheme="cpc">B62C</class-ref></text></reference></title-part></class-title>
<classification-item breakdown-code="false" not-allocatable="false" level="8" additional-only="false" sort-key="B68B5/02" definition-exists="false" ipc-concordant="B68B5/02" c-set-base-allowed="false" c-set-subsequent-allowed="true" date-revised="2013-01-01" status="published"><classification-symbol>B68B5/02</classification-symbol><class-title date-revised="2013-01-01"><title-part><text>Fastening devices for traces </text><reference><text>resilient attachments <class-ref scheme="cpc">B68B7/00</class-ref></text></reference></title-part></class-title></classification-item>
<classification-item breakdown-code="false" not-allocatable="false" level="8" additional-only="false" sort-key="B68B5/04" definition-exists="false" ipc-concordant="B68B5/04" c-set-base-allowed="false" c-set-subsequent-allowed="true" date-revised="2013-01-01" status="published"><classification-symbol>B68B5/04</classification-symbol><class-title date-revised="2013-01-01"><title-part><text>Tail holders as part of harness</text></title-part></class-title></classification-item>
<classification-item breakdown-code="false" not-allocatable="false" level="8" additional-only="false" sort-key="B68B5/06" definition-exists="false" ipc-concordant="B68B5/06" c-set-base-allowed="false" c-set-subsequent-allowed="true" date-revised="2013-01-01" status="published"><classification-symbol>B68B5/06</classification-symbol><class-title date-revised="2013-01-01"><title-part><text>Devices for fastening special articles on harnesses, bridles, or the like</text></title-part></class-title></classification-item>
<classification-item breakdown-code="false" not-allocatable="false" level="8" additional-only="false" sort-key="B68B5/08" definition-exists="false" ipc-concordant="B68B5/08" c-set-base-allowed="false" c-set-subsequent-allowed="true" date-revised="2013-01-01" status="published"><classification-symbol>B68B5/08</classification-symbol><class-title date-revised="2013-01-01"><title-part><text>Devices for unhitching bolting traction animals</text></title-part></class-title></classification-item></classification-item>
<classification-item breakdown-code="false" not-allocatable="false" level="7" additional-only="false" sort-key="B68B7/00" definition-exists="true" ipc-concordant="B68B7/00" c-set-base-allowed="false" c-set-subsequent-allowed="true" date-revised="2013-01-01" status="published"><classification-symbol>B68B7/00</classification-symbol><class-title date-revised="2013-01-01"><title-part><text>Horse protectors, e.g. resilient attachments </text><reference><text>protective covers <class-ref scheme="cpc">B68C5/00</class-ref></text></reference></title-part></class-title></classification-item>
<classification-item breakdown-code="false" not-allocatable="false" level="7" additional-only="false" sort-key="B68B9/00" definition-exists="true" ipc-concordant="B68B9/00" c-set-base-allowed="false" c-set-subsequent-allowed="true" date-revised="2013-01-01" status="published"><classification-symbol>B68B9/00</classification-symbol><class-title date-revised="2013-01-01"><title-part><text>Devices specially adapted for supporting harnesses when not in use</text></title-part></class-title></classification-item>
<classification-item breakdown-code="false" not-allocatable="false" level="7" additional-only="false" sort-key="B68B11/00" definition-exists="false" ipc-concordant="B68B11/00" c-set-base-allowed="false" c-set-subsequent-allowed="true" date-revised="2013-01-01" status="published"><classification-symbol>B68B11/00</classification-symbol><class-title date-revised="2013-01-01"><title-part><text>Whips or the like</text></title-part></class-title></classification-item>
<classification-item breakdown-code="false" not-allocatable="false" level="7" additional-only="false" sort-key="B68B99/00" definition-exists="false" ipc-concordant="B68B99/00" c-set-base-allowed="false" c-set-subsequent-allowed="true" date-revised="2013-01-01" status="published"><classification-symbol>B68B99/00</classification-symbol><class-title date-revised="2013-01-01"><title-part><text>Subject matter not provided for in other groups of this subclass</text></title-part></class-title></classification-item></classification-item></classification-item></class-scheme>