<?xml version="1.0" encoding="UTF-8"?>
<class-scheme publication-date="2024-08-01" scheme-type="cpc" publication-type="official">
<classification-item breakdown-code="false" not-allocatable="true" level="5" additional-only="false" sort-key="A62B" definition-exists="true" date-revised="2018-08-01" status="published"><classification-symbol>A62B</classification-symbol><class-title date-revised="2013-01-01"><title-part><text>DEVICES, APPARATUS OR METHODS FOR LIFE-SAVING </text><reference><text>valves specially adapted for medical use <class-ref scheme="cpc">A61M39/00</class-ref>; life-saving devices, apparatus or methods specially adapted for use in water <class-ref scheme="cpc">B63C9/00</class-ref>; divers&apos; equipment <class-ref scheme="cpc">B63C11/00</class-ref>; specially adopted for use with aircraft, e.g. parachutes, ejector seats, </text><CPC-specific-text><text><class-ref scheme="cpc">B64D17/00</class-ref>, <class-ref scheme="cpc">B64D25/10</class-ref></text></CPC-specific-text><text>; rescue devices peculiar to mining <class-ref scheme="cpc">E21F11/00</class-ref></text></reference></title-part></class-title><notes-and-warnings><note type="warning"><note-paragraph>In this subclass non-limiting references (in the sense of paragraph 39 of the Guide to the IPC) may still be displayed in the scheme.</note-paragraph></note></notes-and-warnings>
<classification-item breakdown-code="false" not-allocatable="true" level="6" additional-only="false" sort-key="A62B1/00" date-revised="2013-01-01" status="published"><classification-symbol>A62B1/00</classification-symbol><class-title date-revised="2013-01-01"><title-part><text>Rescuing from fire</text></title-part><title-part><text>Rescuing from buildings or the like </text><reference><text>from mountains or trees <class-ref scheme="cpc">A63B27/00</class-ref>, <class-ref scheme="cpc">A63B29/00</class-ref>; from ships <class-ref scheme="cpc">B63C</class-ref></text></reference></title-part></class-title>
<classification-item breakdown-code="false" not-allocatable="false" level="7" additional-only="false" sort-key="A62B1/00" definition-exists="true" ipc-concordant="A62B1/00" c-set-base-allowed="false" c-set-subsequent-allowed="true" date-revised="2013-01-01" status="published"><classification-symbol>A62B1/00</classification-symbol><class-title date-revised="2013-01-01"><title-part><text>Devices for lowering persons from buildings or the like</text></title-part></class-title>
<classification-item breakdown-code="false" not-allocatable="false" level="8" additional-only="false" sort-key="A62B1/02" definition-exists="false" ipc-concordant="A62B1/02" c-set-base-allowed="false" c-set-subsequent-allowed="true" date-revised="2013-01-01" status="published"><classification-symbol>A62B1/02</classification-symbol><class-title date-revised="2013-01-01"><title-part><text>by making use of rescue cages, bags, or the like </text><reference><text>elevators, escalators or moving walkways <class-ref scheme="cpc">B66B</class-ref></text></reference></title-part></class-title>
<classification-item breakdown-code="false" not-allocatable="false" level="9" additional-only="false" sort-key="A62B1/04" definition-exists="false" ipc-concordant="A62B1/04" c-set-base-allowed="false" c-set-subsequent-allowed="true" date-revised="2013-01-01" status="published"><classification-symbol>A62B1/04</classification-symbol><class-title date-revised="2013-01-01"><title-part><text>Single parts, e.g. fastening devices</text></title-part></class-title></classification-item></classification-item>
<classification-item breakdown-code="false" not-allocatable="false" level="8" additional-only="false" sort-key="A62B1/06" definition-exists="false" ipc-concordant="A62B1/06" c-set-base-allowed="false" c-set-subsequent-allowed="true" date-revised="2013-01-01" status="published"><classification-symbol>A62B1/06</classification-symbol><class-title date-revised="2013-01-01"><title-part><text>by making use of rope-lowering devices </text><reference><text>capstans, winches <class-ref scheme="cpc">B66D</class-ref></text></reference></title-part></class-title><notes-and-warnings date-revised="2013-01-01"><note type="note"><note-paragraph>Contrary to the references in the Guide Heading before group <class-ref scheme="cpc">A62B1/00</class-ref> and in group <class-ref scheme="cpc">A62B1/16</class-ref>, this group contains also rope-lowering devices for mountaineering</note-paragraph></note></notes-and-warnings>
<classification-item breakdown-code="false" not-allocatable="false" level="9" additional-only="false" sort-key="A62B1/08" definition-exists="false" ipc-concordant="A62B1/08" c-set-base-allowed="false" c-set-subsequent-allowed="true" date-revised="2013-01-01" status="published"><classification-symbol>A62B1/08</classification-symbol><class-title date-revised="2013-01-01"><title-part><text>with brake mechanisms for the winches or pulleys</text></title-part></class-title>
<classification-item breakdown-code="false" not-allocatable="false" level="10" additional-only="false" sort-key="A62B1/10" definition-exists="false" ipc-concordant="A62B1/10" c-set-base-allowed="false" c-set-subsequent-allowed="true" date-revised="2013-01-01" status="published"><classification-symbol>A62B1/10</classification-symbol><class-title date-revised="2013-01-01"><title-part><text>mechanically operated</text></title-part></class-title></classification-item>
<classification-item breakdown-code="false" not-allocatable="false" level="10" additional-only="false" sort-key="A62B1/12" definition-exists="false" ipc-concordant="A62B1/12" c-set-base-allowed="false" c-set-subsequent-allowed="true" date-revised="2013-01-01" status="published"><classification-symbol>A62B1/12</classification-symbol><class-title date-revised="2013-01-01"><title-part><text>hydraulically operated</text></title-part></class-title></classification-item></classification-item>
<classification-item breakdown-code="false" not-allocatable="false" level="9" additional-only="false" sort-key="A62B1/14" definition-exists="false" ipc-concordant="A62B1/14" c-set-base-allowed="false" c-set-subsequent-allowed="true" date-revised="2013-01-01" status="published"><classification-symbol>A62B1/14</classification-symbol><class-title date-revised="2013-01-01"><title-part><text>with brakes sliding on the rope</text></title-part></class-title></classification-item>
<classification-item breakdown-code="false" not-allocatable="false" level="9" additional-only="false" sort-key="A62B1/16" definition-exists="false" ipc-concordant="A62B1/16" c-set-base-allowed="false" c-set-subsequent-allowed="true" date-revised="2013-01-01" status="published"><classification-symbol>A62B1/16</classification-symbol><class-title date-revised="2013-01-01"><title-part><text>Life-saving ropes or belts </text><reference><text>safety belts <class-ref scheme="cpc">A62B35/00</class-ref>; mountain guy-ropes <class-ref scheme="cpc">A63B29/02</class-ref>; life-saving belts for use at sea <class-ref scheme="cpc">B63C</class-ref></text></reference></title-part></class-title></classification-item>
<classification-item breakdown-code="false" not-allocatable="false" level="9" additional-only="false" sort-key="A62B1/18" definition-exists="false" ipc-concordant="A62B1/18" c-set-base-allowed="false" c-set-subsequent-allowed="true" date-revised="2013-01-01" status="published"><classification-symbol>A62B1/18</classification-symbol><class-title date-revised="2013-01-01"><title-part><text>Other single parts for rope lowering-devices, e.g. take-up rollers for ropes, devices for shooting ropes</text></title-part></class-title></classification-item></classification-item>
<classification-item breakdown-code="false" not-allocatable="false" level="8" additional-only="false" sort-key="A62B1/20" definition-exists="false" ipc-concordant="A62B1/20" c-set-base-allowed="false" c-set-subsequent-allowed="true" date-revised="2013-01-01" status="published"><classification-symbol>A62B1/20</classification-symbol><class-title date-revised="2013-01-01"><title-part><text>by making use of sliding-ropes, sliding-poles or chutes, e.g. hoses, pipes, sliding-grooves, sliding-sheets</text></title-part></class-title></classification-item>
<classification-item breakdown-code="false" not-allocatable="false" level="8" additional-only="false" sort-key="A62B1/22" definition-exists="false" ipc-concordant="A62B1/22" c-set-base-allowed="false" c-set-subsequent-allowed="true" date-revised="2013-01-01" status="published"><classification-symbol>A62B1/22</classification-symbol><class-title date-revised="2013-01-01"><title-part><text>by making use of jumping devices, e.g. jumping-sheets, jumping-mattresses</text></title-part></class-title></classification-item></classification-item>
<classification-item breakdown-code="false" not-allocatable="false" level="7" additional-only="false" sort-key="A62B3/00" definition-exists="true" ipc-concordant="A62B3/00" c-set-base-allowed="false" c-set-subsequent-allowed="true" date-revised="2013-01-01" status="published"><classification-symbol>A62B3/00</classification-symbol><class-title date-revised="2013-01-01"><title-part><text>Devices or single parts for facilitating escape from buildings or the like, e.g. protection shields, protection screens</text></title-part><title-part><text>Portable devices for preventing smoke penetrating into distinct parts of buildings </text><reference><text><class-ref scheme="cpc">A62B1/00</class-ref> takes precedence</text></reference></title-part></class-title>
<classification-item breakdown-code="false" not-allocatable="false" level="8" additional-only="false" sort-key="A62B3/005" definition-exists="false" ipc-concordant="A62B3/00" c-set-base-allowed="false" c-set-subsequent-allowed="true" date-revised="2013-01-01" status="published"><classification-symbol>A62B3/005</classification-symbol><class-title date-revised="2013-01-01"><title-part><CPC-specific-text><text>Rescue tools with forcing action</text></CPC-specific-text></title-part></class-title></classification-item></classification-item>
<classification-item breakdown-code="false" not-allocatable="false" level="7" additional-only="false" sort-key="A62B5/00" definition-exists="true" ipc-concordant="A62B5/00" c-set-base-allowed="false" c-set-subsequent-allowed="true" date-revised="2013-01-01" status="published"><classification-symbol>A62B5/00</classification-symbol><class-title date-revised="2013-01-01"><title-part><text>Other devices for rescuing from fire </text><reference><text>ladders <class-ref scheme="cpc">E06C</class-ref></text></reference></title-part></class-title></classification-item></classification-item>
<classification-item breakdown-code="false" not-allocatable="true" level="6" additional-only="false" sort-key="A62B7/00" date-revised="2013-01-01" status="published"><classification-symbol>A62B7/00</classification-symbol><class-title date-revised="2013-01-01"><title-part><text>Respirators</text></title-part><title-part><text>Gas-masks, including breathing apparatus, e.g. for high altitude, or masks therefor</text></title-part><title-part><text>Devices affording protection against harmful chemical agents </text><reference><text>composition of materials for coverings against harmful chemical agents <class-ref scheme="cpc">A62D5/00</class-ref>, for transparent parts of breathing apparatus <class-ref scheme="cpc">A62D7/00</class-ref>; composition of chemical substances for use in breathing apparatus <class-ref scheme="cpc">A62D9/00</class-ref></text></reference></title-part></class-title>
<classification-item breakdown-code="false" not-allocatable="false" level="7" additional-only="false" sort-key="A62B7/00" definition-exists="true" ipc-concordant="A62B7/00" c-set-base-allowed="false" c-set-subsequent-allowed="true" date-revised="2013-01-01" status="published"><classification-symbol>A62B7/00</classification-symbol><class-title date-revised="2013-01-01"><title-part><text>Respiratory apparatus </text><reference><text>for medical purposes <class-ref scheme="cpc">A61M16/00</class-ref></text></reference></title-part></class-title>
<classification-item breakdown-code="false" not-allocatable="false" level="8" additional-only="false" sort-key="A62B7/02" definition-exists="false" ipc-concordant="A62B7/02" c-set-base-allowed="false" c-set-subsequent-allowed="true" date-revised="2013-01-01" status="published"><classification-symbol>A62B7/02</classification-symbol><class-title date-revised="2013-01-01"><title-part><text>with compressed oxygen or air</text></title-part></class-title>
<classification-item breakdown-code="false" not-allocatable="false" level="9" additional-only="false" sort-key="A62B7/04" definition-exists="false" ipc-concordant="A62B7/04" c-set-base-allowed="false" c-set-subsequent-allowed="true" date-revised="2013-01-01" status="published"><classification-symbol>A62B7/04</classification-symbol><class-title date-revised="2013-01-01"><title-part><text>and lung-controlled oxygen or air valves</text></title-part></class-title></classification-item></classification-item>
<classification-item breakdown-code="false" not-allocatable="false" level="8" additional-only="false" sort-key="A62B7/06" definition-exists="false" ipc-concordant="A62B7/06" c-set-base-allowed="false" c-set-subsequent-allowed="true" date-revised="2013-01-01" status="published"><classification-symbol>A62B7/06</classification-symbol><class-title date-revised="2013-01-01"><title-part><text>with liquid oxygen </text><CPC-specific-text><text>or air; Cryogenic systems</text></CPC-specific-text></title-part></class-title></classification-item>
<classification-item breakdown-code="false" not-allocatable="false" level="8" additional-only="false" sort-key="A62B7/08" definition-exists="false" ipc-concordant="A62B7/08" c-set-base-allowed="false" c-set-subsequent-allowed="true" date-revised="2013-01-01" status="published"><classification-symbol>A62B7/08</classification-symbol><class-title date-revised="2013-01-01"><title-part><text>containing chemicals producing oxygen</text></title-part></class-title></classification-item>
<classification-item breakdown-code="false" not-allocatable="false" level="8" additional-only="false" sort-key="A62B7/10" definition-exists="false" ipc-concordant="A62B7/10" c-set-base-allowed="false" c-set-subsequent-allowed="true" date-revised="2013-01-01" status="published"><classification-symbol>A62B7/10</classification-symbol><class-title date-revised="2013-01-01"><title-part><text>with filter elements</text></title-part></class-title></classification-item>
<classification-item breakdown-code="false" not-allocatable="false" level="8" additional-only="false" sort-key="A62B7/12" definition-exists="false" ipc-concordant="A62B7/12" c-set-base-allowed="false" c-set-subsequent-allowed="true" date-revised="2013-01-01" status="published"><classification-symbol>A62B7/12</classification-symbol><class-title date-revised="2013-01-01"><title-part><text>with fresh-air hose</text></title-part></class-title></classification-item>
<classification-item breakdown-code="false" not-allocatable="false" level="8" additional-only="false" sort-key="A62B7/14" definition-exists="false" ipc-concordant="A62B7/14" c-set-base-allowed="false" c-set-subsequent-allowed="true" date-revised="2013-01-01" status="published"><classification-symbol>A62B7/14</classification-symbol><class-title date-revised="2013-01-01"><title-part><text>for high-altitude aircraft</text></title-part></class-title></classification-item></classification-item>
<classification-item breakdown-code="false" not-allocatable="false" level="7" additional-only="false" sort-key="A62B9/00" definition-exists="true" ipc-concordant="A62B9/00" c-set-base-allowed="false" c-set-subsequent-allowed="true" date-revised="2013-01-01" status="published"><classification-symbol>A62B9/00</classification-symbol><class-title date-revised="2013-01-01"><title-part><text>Component parts for respiratory or breathing apparatus </text><reference><text><class-ref scheme="cpc">A62B19/00</class-ref>, <class-ref scheme="cpc">A62B21/00</class-ref>, <class-ref scheme="cpc">A62B23/00</class-ref> take precedence</text></reference></title-part></class-title>
<classification-item breakdown-code="false" not-allocatable="false" level="8" additional-only="false" sort-key="A62B9/003" definition-exists="false" ipc-concordant="A62B9/00" c-set-base-allowed="false" c-set-subsequent-allowed="true" date-revised="2013-01-01" status="published"><classification-symbol>A62B9/003</classification-symbol><class-title date-revised="2013-01-01"><title-part><CPC-specific-text><text>Means for influencing the temperature or humidity of the breathing gas</text></CPC-specific-text></title-part></class-title></classification-item>
<classification-item breakdown-code="false" not-allocatable="false" level="8" additional-only="false" sort-key="A62B9/006" definition-exists="false" ipc-concordant="A62B9/00" c-set-base-allowed="false" c-set-subsequent-allowed="true" date-revised="2013-01-01" status="published"><classification-symbol>A62B9/006</classification-symbol><class-title date-revised="2013-01-01"><title-part><CPC-specific-text><text>Indicators or warning devices, e.g. of low pressure, contamination</text></CPC-specific-text></title-part></class-title></classification-item>
<classification-item breakdown-code="false" not-allocatable="false" level="8" additional-only="false" sort-key="A62B9/02" definition-exists="false" ipc-concordant="A62B9/02" c-set-base-allowed="false" c-set-subsequent-allowed="true" date-revised="2013-01-01" status="published"><classification-symbol>A62B9/02</classification-symbol><class-title date-revised="2013-01-01"><title-part><text>Valves </text><CPC-specific-text><reference><text>non-return valves mounted in breathing masks or helmets <class-ref scheme="cpc">A62B18/10</class-ref></text></reference></CPC-specific-text></title-part></class-title>
<classification-item breakdown-code="false" not-allocatable="false" level="9" additional-only="false" sort-key="A62B9/022" definition-exists="false" ipc-concordant="A62B9/02" c-set-base-allowed="false" c-set-subsequent-allowed="true" date-revised="2013-01-01" status="published"><classification-symbol>A62B9/022</classification-symbol><class-title date-revised="2013-01-01"><title-part><CPC-specific-text><text>Breathing demand regulators </text><reference><text>SCUBA diving regulators <class-ref scheme="cpc">B63C11/22</class-ref></text></reference></CPC-specific-text></title-part></class-title>
<classification-item breakdown-code="false" not-allocatable="false" level="10" additional-only="false" sort-key="A62B9/025" definition-exists="false" ipc-concordant="A62B9/02" c-set-base-allowed="false" c-set-subsequent-allowed="true" date-revised="2013-01-01" status="published"><classification-symbol>A62B9/025</classification-symbol><class-title date-revised="2013-01-01"><title-part><CPC-specific-text><text>with tilting opening action</text></CPC-specific-text></title-part></class-title></classification-item>
<classification-item breakdown-code="false" not-allocatable="false" level="10" additional-only="false" sort-key="A62B9/027" definition-exists="false" ipc-concordant="A62B9/02" c-set-base-allowed="false" c-set-subsequent-allowed="true" date-revised="2017-01-01" status="published"><classification-symbol>A62B9/027</classification-symbol><class-title date-revised="2017-01-01"><title-part><CPC-specific-text><text>pilot operated, i.e. controlled by valve means sensitive to a reduced downstream pressure</text></CPC-specific-text></title-part></class-title></classification-item></classification-item></classification-item>
<classification-item breakdown-code="false" not-allocatable="false" level="8" additional-only="false" sort-key="A62B9/04" definition-exists="false" ipc-concordant="A62B9/04" c-set-base-allowed="false" c-set-subsequent-allowed="true" date-revised="2013-01-01" status="published"><classification-symbol>A62B9/04</classification-symbol><class-title date-revised="2013-01-01"><title-part><text>Couplings</text></title-part><title-part><text>Supporting frames</text></title-part></class-title></classification-item>
<classification-item breakdown-code="false" not-allocatable="false" level="8" additional-only="false" sort-key="A62B9/06" definition-exists="false" ipc-concordant="A62B9/06" c-set-base-allowed="false" c-set-subsequent-allowed="true" date-revised="2013-01-01" status="published"><classification-symbol>A62B9/06</classification-symbol><class-title date-revised="2013-01-01"><title-part><text>Mouthpieces</text></title-part><title-part><text>Nose-clips </text><reference><text>for medical purposes <class-ref scheme="cpc">A61M15/00</class-ref></text></reference></title-part></class-title></classification-item></classification-item>
<classification-item breakdown-code="false" not-allocatable="false" level="7" additional-only="false" sort-key="A62B11/00" definition-exists="true" ipc-concordant="A62B11/00" c-set-base-allowed="false" c-set-subsequent-allowed="true" date-revised="2013-01-01" status="published"><classification-symbol>A62B11/00</classification-symbol><class-title date-revised="2013-01-01"><title-part><text>Devices for reconditioning breathing air in sealed rooms </text><reference><text>chemical purification, disinfection, or sterilisation of air <class-ref scheme="cpc">A61L</class-ref>; in aircraft or submarines, insofar as they influence the construction of the vehicle or are influenced by its construction <class-ref scheme="cpc">B63B</class-ref>, <class-ref scheme="cpc">B64D</class-ref>, respectively; air-conditioning in general <class-ref scheme="cpc">F24F</class-ref></text></reference></title-part></class-title></classification-item>
<classification-item breakdown-code="false" not-allocatable="false" level="7" additional-only="false" sort-key="A62B13/00" definition-exists="true" ipc-concordant="A62B13/00" c-set-base-allowed="false" c-set-subsequent-allowed="true" date-revised="2013-01-01" status="published"><classification-symbol>A62B13/00</classification-symbol><class-title date-revised="2013-01-01"><title-part><text>Special devices for ventilating gasproof shelters </text><reference><text>ventilating in general <class-ref scheme="cpc">F24F</class-ref></text></reference></title-part></class-title></classification-item>
<classification-item breakdown-code="false" not-allocatable="false" level="7" additional-only="false" sort-key="A62B15/00" definition-exists="true" ipc-concordant="A62B15/00" c-set-base-allowed="false" c-set-subsequent-allowed="true" date-revised="2017-08-01" status="published"><classification-symbol>A62B15/00</classification-symbol><class-title date-revised="2017-08-01"><title-part><text>Installations affording protection against poisonous or injurious substances, e.g. with separate breathing apparatus </text><reference><CPC-specific-text><text>preventing escape of dirt or fumes from the area where they are produced <class-ref scheme="cpc">B08B15/00</class-ref></text></CPC-specific-text><text>; building aspects <class-ref scheme="cpc">E04H9/00</class-ref>  </text><CPC-specific-text><text>; use of air currents for screening <class-ref scheme="cpc">F24F9/00</class-ref></text></CPC-specific-text></reference></title-part></class-title></classification-item>
<classification-item breakdown-code="false" not-allocatable="false" level="7" additional-only="false" sort-key="A62B17/00" definition-exists="true" ipc-concordant="A62B17/00" c-set-base-allowed="false" c-set-subsequent-allowed="true" date-revised="2023-02-01" status="published"><classification-symbol>A62B17/00</classification-symbol><class-title date-revised="2023-02-01"><title-part><text>Protective clothing affording protection against heat or harmful chemical agents or for use at high altitudes </text><reference><text>protective clothing or garments for work or sport <class-ref scheme="cpc">A41D13/00</class-ref>; </text><CPC-specific-text><text>e.g. overalls <class-ref scheme="cpc">A41D13/02</class-ref>, surgical gowns <class-ref scheme="cpc">A41D13/12</class-ref>; materials for protecting clothing <class-ref scheme="cpc">A41D31/04</class-ref></text></CPC-specific-text><text>; protecting eyes or ears <class-ref scheme="cpc">A61F9/00</class-ref>; composition of materials for protective clothing <class-ref scheme="cpc">A62D5/00</class-ref>; life-saving garments for use at sea <class-ref scheme="cpc">B63C</class-ref>; diving suits <class-ref scheme="cpc">B63C11/02</class-ref>; flight suits <class-ref scheme="cpc">B64D10/00</class-ref>; space suits <class-ref scheme="cpc">B64G6/00</class-ref>; bullet-proof clothing <class-ref scheme="cpc">F41H1/02</class-ref></text></reference></title-part></class-title>
<classification-item breakdown-code="false" not-allocatable="false" level="8" additional-only="false" sort-key="A62B17/001" definition-exists="false" ipc-concordant="A62B17/00" c-set-base-allowed="false" c-set-subsequent-allowed="true" date-revised="2013-01-01" status="published"><classification-symbol>A62B17/001</classification-symbol><class-title date-revised="2013-01-01"><title-part><CPC-specific-text><text>Adaptations for donning, adjusting or increasing mobility, e.g. closures, joints</text></CPC-specific-text></title-part></class-title></classification-item>
<classification-item breakdown-code="false" not-allocatable="false" level="8" additional-only="false" sort-key="A62B17/003" definition-exists="false" ipc-concordant="A62B17/00" c-set-base-allowed="false" c-set-subsequent-allowed="true" date-revised="2013-01-01" status="published"><classification-symbol>A62B17/003</classification-symbol><class-title date-revised="2013-01-01"><title-part><CPC-specific-text><text>Fire-resistant or fire-fighters&apos; clothes</text></CPC-specific-text></title-part></class-title></classification-item>
<classification-item breakdown-code="false" not-allocatable="false" level="8" additional-only="false" sort-key="A62B17/005" definition-exists="false" ipc-concordant="A62B17/00" c-set-base-allowed="false" c-set-subsequent-allowed="true" date-revised="2013-01-01" status="published"><classification-symbol>A62B17/005</classification-symbol><class-title date-revised="2013-01-01"><title-part><CPC-specific-text><text>Active or passive body temperature control</text></CPC-specific-text></title-part></class-title></classification-item>
<classification-item breakdown-code="false" not-allocatable="false" level="8" additional-only="false" sort-key="A62B17/006" definition-exists="false" ipc-concordant="A62B17/00" c-set-base-allowed="false" c-set-subsequent-allowed="true" date-revised="2013-01-01" status="published"><classification-symbol>A62B17/006</classification-symbol><class-title date-revised="2013-01-01"><title-part><CPC-specific-text><text>against contamination from chemicals, toxic or hostile environments; ABC suits</text></CPC-specific-text></title-part></class-title></classification-item>
<classification-item breakdown-code="false" not-allocatable="false" level="8" additional-only="false" sort-key="A62B17/008" definition-exists="false" ipc-concordant="A62B17/00" c-set-base-allowed="false" c-set-subsequent-allowed="true" date-revised="2013-01-01" status="published"><classification-symbol>A62B17/008</classification-symbol><class-title date-revised="2013-01-01"><title-part><CPC-specific-text><text>High-altitude pressure suits</text></CPC-specific-text></title-part></class-title></classification-item>
<classification-item breakdown-code="false" not-allocatable="false" level="8" additional-only="false" sort-key="A62B17/04" definition-exists="false" ipc-concordant="A62B17/04" c-set-base-allowed="false" c-set-subsequent-allowed="true" date-revised="2013-01-01" status="published"><classification-symbol>A62B17/04</classification-symbol><class-title date-revised="2013-01-01"><title-part><text>Hoods</text></title-part></class-title></classification-item>
<classification-item breakdown-code="false" not-allocatable="false" level="8" additional-only="false" sort-key="A62B17/08" definition-exists="false" ipc-concordant="A62B17/08" c-set-base-allowed="false" c-set-subsequent-allowed="true" date-revised="2013-01-01" status="published"><classification-symbol>A62B17/08</classification-symbol><class-title date-revised="2013-01-01"><title-part><text>Protective coverings for animals </text><CPC-specific-text><reference><text>protective covers when working <class-ref scheme="cpc">B68C5/00</class-ref></text></reference></CPC-specific-text></title-part></class-title></classification-item></classification-item>
<classification-item breakdown-code="false" not-allocatable="false" level="7" additional-only="false" sort-key="A62B18/00" definition-exists="true" ipc-concordant="A62B18/00" c-set-base-allowed="false" c-set-subsequent-allowed="true" date-revised="2013-01-01" status="published"><classification-symbol>A62B18/00</classification-symbol><class-title date-revised="2013-01-01"><title-part><text>Breathing masks or helmets, e.g. affording protection against chemical agents or for use at high altitudes </text><CPC-specific-text><text>or incorporating a pump or compressor for reducing the inhalation effort</text></CPC-specific-text><reference><text><class-ref scheme="cpc">A62B17/00</class-ref> takes precedence; anaesthetic masks <class-ref scheme="cpc">A61M16/06</class-ref></text></reference></title-part></class-title>
<classification-item breakdown-code="false" not-allocatable="false" level="8" additional-only="false" sort-key="A62B18/003" definition-exists="false" ipc-concordant="A62B18/00" c-set-base-allowed="false" c-set-subsequent-allowed="true" date-revised="2013-01-01" status="published"><classification-symbol>A62B18/003</classification-symbol><class-title date-revised="2013-01-01"><title-part><CPC-specific-text><text>having means for creating a fresh air curtain</text></CPC-specific-text></title-part></class-title></classification-item>
<classification-item breakdown-code="false" not-allocatable="false" level="8" additional-only="false" sort-key="A62B18/006" definition-exists="false" ipc-concordant="A62B18/00" c-set-base-allowed="false" c-set-subsequent-allowed="true" date-revised="2013-01-01" status="published"><classification-symbol>A62B18/006</classification-symbol><class-title date-revised="2013-01-01"><title-part><CPC-specific-text><text>with pumps for forced ventilation </text><reference><text><class-ref scheme="cpc">A62B18/045</class-ref> takes precedence</text></reference></CPC-specific-text></title-part></class-title></classification-item>
<classification-item breakdown-code="false" not-allocatable="false" level="8" additional-only="false" sort-key="A62B18/02" definition-exists="false" ipc-concordant="A62B18/02" c-set-base-allowed="false" c-set-subsequent-allowed="true" date-revised="2013-01-01" status="published"><classification-symbol>A62B18/02</classification-symbol><class-title date-revised="2013-01-01"><title-part><text>Masks </text><reference><text>gas-masks for animals <class-ref scheme="cpc">A62B18/06</class-ref>; masks for welders <class-ref scheme="cpc">A61F9/06</class-ref></text></reference></title-part></class-title>
<classification-item breakdown-code="false" not-allocatable="false" level="9" additional-only="false" sort-key="A62B18/025" definition-exists="false" ipc-concordant="A62B18/02" c-set-base-allowed="false" c-set-subsequent-allowed="true" date-revised="2013-01-01" status="published"><classification-symbol>A62B18/025</classification-symbol><class-title date-revised="2013-01-01"><title-part><CPC-specific-text><text>Halfmasks </text><reference><text><class-ref scheme="cpc">A62B23/02</class-ref> takes precedence; surgical face masks <class-ref scheme="cpc">A41D13/11</class-ref></text></reference></CPC-specific-text></title-part></class-title></classification-item></classification-item>
<classification-item breakdown-code="false" not-allocatable="false" level="8" additional-only="false" sort-key="A62B18/04" definition-exists="false" ipc-concordant="A62B18/04" c-set-base-allowed="false" c-set-subsequent-allowed="true" date-revised="2013-01-01" status="published"><classification-symbol>A62B18/04</classification-symbol><class-title date-revised="2013-01-01"><title-part><text>Gas helmets</text></title-part></class-title>
<classification-item breakdown-code="false" not-allocatable="false" level="9" additional-only="false" sort-key="A62B18/045" definition-exists="false" ipc-concordant="A62B18/04" c-set-base-allowed="false" c-set-subsequent-allowed="true" date-revised="2013-01-01" status="published"><classification-symbol>A62B18/045</classification-symbol><class-title date-revised="2013-01-01"><title-part><CPC-specific-text><text>with fans for delivering air for breathing mounted in or on the helmet</text></CPC-specific-text></title-part></class-title></classification-item></classification-item>
<classification-item breakdown-code="false" not-allocatable="false" level="8" additional-only="false" sort-key="A62B18/06" definition-exists="false" ipc-concordant="A62B18/06" c-set-base-allowed="false" c-set-subsequent-allowed="true" date-revised="2013-01-01" status="published"><classification-symbol>A62B18/06</classification-symbol><class-title date-revised="2013-01-01"><title-part><text>Gas masks for animals</text></title-part></class-title></classification-item>
<classification-item breakdown-code="false" not-allocatable="false" level="8" additional-only="false" sort-key="A62B18/08" definition-exists="false" ipc-concordant="A62B18/08" c-set-base-allowed="false" c-set-subsequent-allowed="true" date-revised="2013-01-01" status="published"><classification-symbol>A62B18/08</classification-symbol><class-title date-revised="2013-01-01"><title-part><text>Component parts for gas-masks or gas-helmets, e.g. windows, straps, speech transmitters, signal-devices </text><reference><text>eye-pieces for protective goggles <class-ref scheme="cpc">A61F9/02</class-ref>; composition of materials for the windows or other transparent parts <class-ref scheme="cpc">A62D7/00</class-ref></text></reference></title-part></class-title>
<classification-item breakdown-code="false" not-allocatable="false" level="9" additional-only="false" sort-key="A62B18/082" definition-exists="false" ipc-concordant="A62B18/08" c-set-base-allowed="false" c-set-subsequent-allowed="true" date-revised="2013-01-01" status="published"><classification-symbol>A62B18/082</classification-symbol><class-title date-revised="2013-01-01"><title-part><CPC-specific-text><text>Assembling eyepieces, lenses or vision-correction means in or on gas-masks</text></CPC-specific-text></title-part></class-title></classification-item>
<classification-item breakdown-code="false" not-allocatable="false" level="9" additional-only="false" sort-key="A62B18/084" definition-exists="false" ipc-concordant="A62B18/08" c-set-base-allowed="false" c-set-subsequent-allowed="true" date-revised="2013-01-01" status="published"><classification-symbol>A62B18/084</classification-symbol><class-title date-revised="2013-01-01"><title-part><CPC-specific-text><text>Means for fastening gas-masks to heads or helmets</text></CPC-specific-text></title-part></class-title></classification-item>
<classification-item breakdown-code="false" not-allocatable="false" level="9" additional-only="false" sort-key="A62B18/086" definition-exists="false" ipc-concordant="A62B18/08" c-set-base-allowed="false" c-set-subsequent-allowed="true" date-revised="2013-01-01" status="published"><classification-symbol>A62B18/086</classification-symbol><class-title date-revised="2013-01-01"><title-part><CPC-specific-text><text>Adaptations for consuming refreshments without unmasking</text></CPC-specific-text></title-part></class-title></classification-item>
<classification-item breakdown-code="false" not-allocatable="false" level="9" additional-only="false" sort-key="A62B18/088" definition-exists="false" ipc-concordant="A62B18/08" c-set-base-allowed="false" c-set-subsequent-allowed="true" date-revised="2013-01-01" status="published"><classification-symbol>A62B18/088</classification-symbol><class-title date-revised="2013-01-01"><title-part><CPC-specific-text><text>Devices for indicating filter saturation</text></CPC-specific-text></title-part></class-title></classification-item>
<classification-item breakdown-code="false" not-allocatable="false" level="9" additional-only="false" sort-key="A62B18/10" definition-exists="false" ipc-concordant="A62B18/10" c-set-base-allowed="false" c-set-subsequent-allowed="true" date-revised="2013-01-01" status="published"><classification-symbol>A62B18/10</classification-symbol><class-title date-revised="2013-01-01"><title-part><text>Valves</text></title-part></class-title></classification-item></classification-item></classification-item>
<classification-item breakdown-code="false" not-allocatable="false" level="7" additional-only="false" sort-key="A62B19/00" definition-exists="true" ipc-concordant="A62B19/00" c-set-base-allowed="false" c-set-subsequent-allowed="true" date-revised="2013-01-01" status="published"><classification-symbol>A62B19/00</classification-symbol><class-title date-revised="2013-01-01"><title-part><text>Cartridges with absorbing substances for respiratory apparatus </text><CPC-specific-text><reference><text>carbon dioxide absorbing devices <class-ref scheme="cpc">A61M16/22</class-ref></text></reference></CPC-specific-text></title-part></class-title>
<classification-item breakdown-code="false" not-allocatable="false" level="8" additional-only="false" sort-key="A62B19/02" definition-exists="false" ipc-concordant="A62B19/02" c-set-base-allowed="false" c-set-subsequent-allowed="true" date-revised="2013-01-01" status="published"><classification-symbol>A62B19/02</classification-symbol><class-title date-revised="2013-01-01"><title-part><text>with oxidising agents</text></title-part></class-title></classification-item></classification-item>
<classification-item breakdown-code="false" not-allocatable="false" level="7" additional-only="false" sort-key="A62B21/00" definition-exists="true" ipc-concordant="A62B21/00" c-set-base-allowed="false" c-set-subsequent-allowed="true" date-revised="2013-01-01" status="published"><classification-symbol>A62B21/00</classification-symbol><class-title date-revised="2013-01-01"><title-part><text>Devices for producing oxygen from chemical substances for respiratory apparatus</text></title-part></class-title></classification-item>
<classification-item breakdown-code="false" not-allocatable="false" level="7" additional-only="false" sort-key="A62B23/00" definition-exists="true" ipc-concordant="A62B23/00" c-set-base-allowed="false" c-set-subsequent-allowed="true" date-revised="2013-01-01" status="published"><classification-symbol>A62B23/00</classification-symbol><class-title date-revised="2013-01-01"><title-part><text>Filters for breathing-protection purposes </text><reference><text>gas-filters in general <class-ref scheme="cpc">B01D</class-ref></text></reference></title-part></class-title>
<classification-item breakdown-code="false" not-allocatable="false" level="8" additional-only="false" sort-key="A62B23/02" definition-exists="false" ipc-concordant="A62B23/02" c-set-base-allowed="false" c-set-subsequent-allowed="true" date-revised="2013-01-01" status="published"><classification-symbol>A62B23/02</classification-symbol><class-title date-revised="2013-01-01"><title-part><text>for respirators</text></title-part></class-title>
<classification-item breakdown-code="false" not-allocatable="false" level="9" additional-only="false" sort-key="A62B23/025" definition-exists="false" ipc-concordant="A62B23/02" c-set-base-allowed="false" c-set-subsequent-allowed="true" date-revised="2013-01-01" status="published"><classification-symbol>A62B23/025</classification-symbol><class-title date-revised="2013-01-01"><title-part><CPC-specific-text><text>the filter having substantially the shape of a mask </text><reference><text>surgical face masks <class-ref scheme="cpc">A41D13/11</class-ref></text></reference></CPC-specific-text></title-part></class-title></classification-item></classification-item>
<classification-item breakdown-code="false" not-allocatable="false" level="8" additional-only="false" sort-key="A62B23/04" definition-exists="false" ipc-concordant="A62B23/04" c-set-base-allowed="false" c-set-subsequent-allowed="true" date-revised="2013-01-01" status="published"><classification-symbol>A62B23/04</classification-symbol><class-title date-revised="2013-01-01"><title-part><text>for gasproof shelters</text></title-part></class-title></classification-item>
<classification-item breakdown-code="false" not-allocatable="false" level="8" additional-only="false" sort-key="A62B23/06" definition-exists="false" ipc-concordant="A62B23/06" c-set-base-allowed="false" c-set-subsequent-allowed="true" date-revised="2013-01-01" status="published"><classification-symbol>A62B23/06</classification-symbol><class-title date-revised="2013-01-01"><title-part><text>Nose filters</text></title-part></class-title></classification-item></classification-item>
<classification-item breakdown-code="false" not-allocatable="false" level="7" additional-only="false" sort-key="A62B25/00" definition-exists="true" ipc-concordant="A62B25/00" c-set-base-allowed="false" c-set-subsequent-allowed="true" date-revised="2013-01-01" status="published"><classification-symbol>A62B25/00</classification-symbol><class-title date-revised="2013-01-01"><title-part><text>Devices for storing </text><CPC-specific-text><text>or holding or carrying</text></CPC-specific-text><text> respiratory or breathing apparatus</text></title-part></class-title>
<classification-item breakdown-code="false" not-allocatable="false" level="8" additional-only="false" sort-key="A62B25/005" definition-exists="false" ipc-concordant="A62B25/00" c-set-base-allowed="false" c-set-subsequent-allowed="true" date-revised="2013-01-01" status="published"><classification-symbol>A62B25/005</classification-symbol><class-title date-revised="2013-01-01"><title-part><CPC-specific-text><text>for high altitude</text></CPC-specific-text></title-part></class-title></classification-item></classification-item>
<classification-item breakdown-code="false" not-allocatable="false" level="7" additional-only="false" sort-key="A62B27/00" definition-exists="true" ipc-concordant="A62B27/00" c-set-base-allowed="false" c-set-subsequent-allowed="true" date-revised="2013-01-01" status="published"><classification-symbol>A62B27/00</classification-symbol><class-title date-revised="2013-01-01"><title-part><text>Methods or devices for testing respiratory or breathing apparatus </text><CPC-specific-text><text>for high altitudes</text></CPC-specific-text><reference><text>apparatus for testing gastightness in general <class-ref scheme="cpc">G01M</class-ref></text></reference></title-part></class-title></classification-item>
<classification-item breakdown-code="false" not-allocatable="false" level="7" additional-only="false" sort-key="A62B29/00" definition-exists="true" ipc-concordant="A62B29/00" c-set-base-allowed="false" c-set-subsequent-allowed="true" date-revised="2013-01-01" status="published"><classification-symbol>A62B29/00</classification-symbol><class-title date-revised="2013-01-01"><title-part><text>Devices, e.g. installations, for rendering harmless or for keeping off harmful chemical agents </text><reference><text>respiratory apparatus <class-ref scheme="cpc">A62B7/00</class-ref>; gasproof doors, windows, shutters <class-ref scheme="cpc">E06B</class-ref></text></reference></title-part></class-title></classification-item>
<classification-item breakdown-code="false" not-allocatable="false" level="7" additional-only="false" sort-key="A62B31/00" definition-exists="true" ipc-concordant="A62B31/00" c-set-base-allowed="false" c-set-subsequent-allowed="true" date-revised="2013-01-01" status="published"><classification-symbol>A62B31/00</classification-symbol><class-title date-revised="2013-01-01"><title-part><text>Containers or portable cabins for affording breathing protection with devices for reconditioning the breathing air or for ventilating, </text><CPC-specific-text><text>in particular those that are suitable for invalids or small children</text></CPC-specific-text><reference><text>ventilation of gasproof shelters <class-ref scheme="cpc">A62B13/00</class-ref>; protective clothes or coverings <class-ref scheme="cpc">A62B17/00</class-ref>; treatment rooms for medical purposes <class-ref scheme="cpc">A61G10/00</class-ref></text></reference></title-part></class-title></classification-item>
<classification-item breakdown-code="false" not-allocatable="false" level="7" additional-only="false" sort-key="A62B33/00" definition-exists="true" ipc-concordant="A62B33/00" c-set-base-allowed="false" c-set-subsequent-allowed="true" date-revised="2013-01-01" status="published"><classification-symbol>A62B33/00</classification-symbol><class-title date-revised="2013-01-01"><title-part><text>Devices for allowing seemingly-dead persons to escape or draw attention</text></title-part><title-part><text>Breathing apparatus for accidentally buried persons</text></title-part></class-title></classification-item>
<classification-item breakdown-code="false" not-allocatable="false" level="7" additional-only="false" sort-key="A62B35/00" definition-exists="true" ipc-concordant="A62B35/00" c-set-base-allowed="false" c-set-subsequent-allowed="true" date-revised="2013-01-01" status="published"><classification-symbol>A62B35/00</classification-symbol><class-title date-revised="2013-01-01"><title-part><text>Safety belts or body harnesses</text></title-part><title-part><text>Similar equipment for limiting displacement of the human body, especially in case of sudden changes of motion </text><reference><text>buckles <class-ref scheme="cpc">A44B11/00</class-ref>; accessories for children&apos;s furniture <class-ref scheme="cpc">A47D15/00</class-ref>; children&apos;s seats <class-ref scheme="cpc">B60N2/24</class-ref>; safety belts or body harnesses for land vehicles <class-ref scheme="cpc">B60R22/00</class-ref>; harnesses for parachutes <class-ref scheme="cpc">B64D17/30</class-ref>; harnessing in aircraft <class-ref scheme="cpc">B64D25/06</class-ref>; releasable fastenings <class-ref scheme="cpc">F16B</class-ref></text></reference></title-part></class-title>
<classification-item breakdown-code="false" not-allocatable="false" level="8" additional-only="false" sort-key="A62B35/0006" definition-exists="false" ipc-concordant="A62B35/00" c-set-base-allowed="false" c-set-subsequent-allowed="true" date-revised="2013-01-01" status="published"><classification-symbol>A62B35/0006</classification-symbol><class-title date-revised="2013-01-01"><title-part><CPC-specific-text><text>Harnesses; Accessories therefor</text></CPC-specific-text></title-part></class-title>
<classification-item breakdown-code="false" not-allocatable="false" level="9" additional-only="false" sort-key="A62B35/0012" definition-exists="false" ipc-concordant="A62B35/00" c-set-base-allowed="false" c-set-subsequent-allowed="true" date-revised="2013-01-01" status="published"><classification-symbol>A62B35/0012</classification-symbol><class-title date-revised="2013-01-01"><title-part><CPC-specific-text><text>Sit harnesses</text></CPC-specific-text></title-part></class-title></classification-item>
<classification-item breakdown-code="false" not-allocatable="false" level="9" additional-only="false" sort-key="A62B35/0018" definition-exists="false" ipc-concordant="A62B35/00" c-set-base-allowed="false" c-set-subsequent-allowed="true" date-revised="2013-01-01" status="published"><classification-symbol>A62B35/0018</classification-symbol><class-title date-revised="2013-01-01"><title-part><CPC-specific-text><text>Full body harnesses covering at least shoulders and thighs</text></CPC-specific-text></title-part></class-title></classification-item>
<classification-item breakdown-code="false" not-allocatable="false" level="9" additional-only="false" sort-key="A62B35/0025" definition-exists="false" ipc-concordant="A62B35/00" c-set-base-allowed="false" c-set-subsequent-allowed="true" date-revised="2013-01-01" status="published"><classification-symbol>A62B35/0025</classification-symbol><class-title date-revised="2013-01-01"><title-part><CPC-specific-text><text>Details and accessories</text></CPC-specific-text></title-part></class-title>
<classification-item breakdown-code="false" not-allocatable="false" level="10" additional-only="false" sort-key="A62B35/0031" definition-exists="false" ipc-concordant="A62B35/00" c-set-base-allowed="false" c-set-subsequent-allowed="true" date-revised="2013-01-01" status="published"><classification-symbol>A62B35/0031</classification-symbol><class-title date-revised="2013-01-01"><title-part><CPC-specific-text><text>Belt sorting accessories, e.g. devices keeping the belts in comfortable positions</text></CPC-specific-text></title-part></class-title></classification-item>
<classification-item breakdown-code="false" not-allocatable="false" level="10" additional-only="false" sort-key="A62B35/0037" definition-exists="false" ipc-concordant="A62B35/00" c-set-base-allowed="false" c-set-subsequent-allowed="true" date-revised="2013-01-01" status="published"><classification-symbol>A62B35/0037</classification-symbol><class-title date-revised="2013-01-01"><title-part><CPC-specific-text><text>Attachments for lifelines and lanyards </text><reference><text>lifelines, lanyards <class-ref scheme="cpc">A62B35/0043</class-ref></text></reference></CPC-specific-text></title-part></class-title></classification-item></classification-item></classification-item>
<classification-item breakdown-code="false" not-allocatable="false" level="8" additional-only="false" sort-key="A62B35/0043" definition-exists="false" ipc-concordant="A62B35/00" c-set-base-allowed="false" c-set-subsequent-allowed="true" date-revised="2013-01-01" status="published"><classification-symbol>A62B35/0043</classification-symbol><class-title date-revised="2013-01-01"><title-part><CPC-specific-text><text>Lifelines, lanyards, and anchors therefore </text><reference><text>attachments <class-ref scheme="cpc">A62B35/0037</class-ref></text></reference></CPC-specific-text></title-part></class-title>
<classification-item breakdown-code="false" not-allocatable="false" level="9" additional-only="false" sort-key="A62B35/005" definition-exists="false" ipc-concordant="A62B35/00" c-set-base-allowed="false" c-set-subsequent-allowed="true" date-revised="2013-01-01" status="published"><classification-symbol>A62B35/005</classification-symbol><class-title date-revised="2013-01-01"><title-part><CPC-specific-text><text>Vertical lifelines</text></CPC-specific-text></title-part></class-title></classification-item>
<classification-item breakdown-code="false" not-allocatable="false" level="9" additional-only="false" sort-key="A62B35/0056" definition-exists="false" ipc-concordant="A62B35/00" c-set-base-allowed="false" c-set-subsequent-allowed="true" date-revised="2013-01-01" status="published"><classification-symbol>A62B35/0056</classification-symbol><class-title date-revised="2013-01-01"><title-part><CPC-specific-text><text>Horizontal lifelines</text></CPC-specific-text></title-part></class-title></classification-item>
<classification-item breakdown-code="false" not-allocatable="false" level="9" additional-only="false" sort-key="A62B35/0062" definition-exists="false" ipc-concordant="A62B35/00" c-set-base-allowed="false" c-set-subsequent-allowed="true" date-revised="2013-01-01" status="published"><classification-symbol>A62B35/0062</classification-symbol><class-title date-revised="2013-01-01"><title-part><CPC-specific-text><text>Rail-form lifelines for permanent installation</text></CPC-specific-text></title-part></class-title></classification-item>
<classification-item breakdown-code="false" not-allocatable="false" level="9" additional-only="false" sort-key="A62B35/0068" definition-exists="false" ipc-concordant="A62B35/00" c-set-base-allowed="false" c-set-subsequent-allowed="true" date-revised="2013-01-01" status="published"><classification-symbol>A62B35/0068</classification-symbol><class-title date-revised="2013-01-01"><title-part><CPC-specific-text><text>Anchors</text></CPC-specific-text></title-part></class-title></classification-item>
<classification-item breakdown-code="false" not-allocatable="false" level="9" additional-only="false" sort-key="A62B35/0075" definition-exists="false" ipc-concordant="A62B35/00" c-set-base-allowed="false" c-set-subsequent-allowed="true" date-revised="2013-01-01" status="published"><classification-symbol>A62B35/0075</classification-symbol><class-title date-revised="2013-01-01"><title-part><CPC-specific-text><text>Details of ropes or similar equipment, e.g. between the secured person and the lifeline or anchor</text></CPC-specific-text></title-part></class-title></classification-item></classification-item>
<classification-item breakdown-code="false" not-allocatable="false" level="8" additional-only="false" sort-key="A62B35/0081" definition-exists="false" ipc-concordant="A62B35/00" c-set-base-allowed="false" c-set-subsequent-allowed="true" date-revised="2013-01-01" status="published"><classification-symbol>A62B35/0081</classification-symbol><class-title date-revised="2013-01-01"><title-part><CPC-specific-text><text>Equipment which can travel along the length of a lifeline, e.g. travelers</text></CPC-specific-text></title-part></class-title>
<classification-item breakdown-code="false" not-allocatable="false" level="9" additional-only="false" sort-key="A62B35/0087" definition-exists="false" ipc-concordant="A62B35/00" c-set-base-allowed="false" c-set-subsequent-allowed="true" date-revised="2013-01-01" status="published"><classification-symbol>A62B35/0087</classification-symbol><class-title date-revised="2013-01-01"><title-part><CPC-specific-text><text>Arrangements for bypassing lifeline supports without lanyard disconnection</text></CPC-specific-text></title-part></class-title></classification-item></classification-item>
<classification-item breakdown-code="false" not-allocatable="false" level="8" additional-only="false" sort-key="A62B35/0093" definition-exists="false" ipc-concordant="A62B35/00" c-set-base-allowed="false" c-set-subsequent-allowed="true" date-revised="2013-01-01" status="published"><classification-symbol>A62B35/0093</classification-symbol><class-title date-revised="2013-01-01"><title-part><CPC-specific-text><text>Fall arrest reel devices</text></CPC-specific-text></title-part></class-title></classification-item>
<classification-item breakdown-code="false" not-allocatable="false" level="8" additional-only="false" sort-key="A62B35/04" definition-exists="false" ipc-concordant="A62B35/04" c-set-base-allowed="false" c-set-subsequent-allowed="true" date-revised="2013-01-01" status="published"><classification-symbol>A62B35/04</classification-symbol><class-title date-revised="2013-01-01"><title-part><text>incorporating energy absorbing means</text></title-part></class-title></classification-item></classification-item>
<classification-item breakdown-code="false" not-allocatable="false" level="7" additional-only="false" sort-key="A62B99/00" definition-exists="true" ipc-concordant="A62B99/00" c-set-base-allowed="false" c-set-subsequent-allowed="true" date-revised="2013-01-01" status="published"><classification-symbol>A62B99/00</classification-symbol><class-title date-revised="2013-01-01"><title-part><text>Subject matter not provided for in other groups of this subclass</text></title-part></class-title></classification-item></classification-item></classification-item></class-scheme>