<?xml version="1.0" encoding="UTF-8"?>
<class-scheme publication-date="2024-08-01" scheme-type="cpc" publication-type="official">
<classification-item breakdown-code="false" not-allocatable="true" level="5" additional-only="false" sort-key="B25G" definition-exists="true" date-revised="2018-08-01" status="published"><classification-symbol>B25G</classification-symbol><class-title date-revised="2013-01-01"><title-part><text>HANDLES FOR HAND IMPLEMENTS </text><reference><text>attaching the blades or the like to handles of hand tools for soil working <class-ref scheme="cpc">A01B1/22</class-ref>; handles of hand implements for harvesting <class-ref scheme="cpc">A01D1/14</class-ref>; handles integral with brushware <class-ref scheme="cpc">A46B</class-ref></text></reference></title-part></class-title><notes-and-warnings date-revised="2013-01-01"><note type="note"><note-paragraph>This subclass <u>covers:</u> <subnote type="bullet"><note-paragraph>handles for hand implements, in general;</note-paragraph><note-paragraph>handles for hand implements for particular purposes, subject to Note (2) below.</note-paragraph></subnote></note-paragraph><note-paragraph>This subclass <u>does not cover</u> handles provided for elsewhere, e.g. it does not cover those provided for in  <class-ref scheme="cpc">A45B9/02</class-ref>, <class-ref scheme="cpc">A45C13/22</class-ref>, <class-ref scheme="cpc">A45C13/26</class-ref>, <class-ref scheme="cpc">A47B95/02</class-ref>, <class-ref scheme="cpc">A47J45/00</class-ref>, <class-ref scheme="cpc">B23D51/01</class-ref>, <class-ref scheme="cpc">B25J13/02</class-ref>, <class-ref scheme="cpc">B26B</class-ref>, <class-ref scheme="cpc">B60N3/02</class-ref>, <class-ref scheme="cpc">B62B5/06</class-ref>, <class-ref scheme="cpc">B62B9/20</class-ref>, <class-ref scheme="cpc">B62K21/26</class-ref>, <class-ref scheme="cpc">B62M3/14</class-ref>, <class-ref scheme="cpc">B65D25/28</class-ref>, <class-ref scheme="cpc">E05B</class-ref>, <class-ref scheme="cpc">G05G</class-ref>.</note-paragraph></note><note type="warning"><note-paragraph>In this subclass non-limiting references (in the sense of paragraph 39 of the Guide to the IPC) may still be displayed in the scheme.</note-paragraph></note></notes-and-warnings>
<classification-item breakdown-code="false" not-allocatable="true" level="6" additional-only="false" sort-key="B25G1/00" date-revised="2013-01-01" status="published"><classification-symbol>B25G1/00</classification-symbol>
<classification-item breakdown-code="false" not-allocatable="false" level="7" additional-only="false" sort-key="B25G1/00" definition-exists="true" ipc-concordant="B25G1/00" c-set-base-allowed="false" c-set-subsequent-allowed="true" date-revised="2013-01-01" status="published"><classification-symbol>B25G1/00</classification-symbol><class-title date-revised="2013-01-01"><title-part><text>Handle constructions</text></title-part></class-title>
<classification-item breakdown-code="false" not-allocatable="false" level="8" additional-only="false" sort-key="B25G1/002" definition-exists="false" ipc-concordant="B25G1/00" c-set-base-allowed="false" c-set-subsequent-allowed="true" date-revised="2013-01-01" status="published"><classification-symbol>B25G1/002</classification-symbol><class-title date-revised="2013-01-01"><title-part><CPC-specific-text><text>for rotary tools with additional levers, e.g. for increasing torque </text><reference><text><class-ref scheme="cpc">B25G1/005</class-ref> takes precedence</text></reference></CPC-specific-text></title-part></class-title></classification-item>
<classification-item breakdown-code="false" not-allocatable="false" level="8" additional-only="false" sort-key="B25G1/005" definition-exists="false" ipc-concordant="B25G1/00" c-set-base-allowed="false" c-set-subsequent-allowed="true" date-revised="2013-01-01" status="published"><classification-symbol>B25G1/005</classification-symbol><class-title date-revised="2013-01-01"><title-part><CPC-specific-text><text>for screwdrivers, wrenches or spanners with additional levers, e.g. for increasing torque</text></CPC-specific-text></title-part></class-title>
<classification-item breakdown-code="false" not-allocatable="false" level="9" additional-only="false" sort-key="B25G1/007" definition-exists="false" ipc-concordant="B25G1/00" c-set-base-allowed="false" c-set-subsequent-allowed="true" date-revised="2013-01-01" status="published"><classification-symbol>B25G1/007</classification-symbol><class-title date-revised="2013-01-01"><title-part><CPC-specific-text><text>of crank type</text></CPC-specific-text></title-part></class-title></classification-item></classification-item>
<classification-item breakdown-code="false" not-allocatable="false" level="8" additional-only="false" sort-key="B25G1/01" definition-exists="false" ipc-concordant="B25G1/01" c-set-base-allowed="false" c-set-subsequent-allowed="true" date-revised="2013-01-01" status="published"><classification-symbol>B25G1/01</classification-symbol><class-title date-revised="2013-01-01"><title-part><text>Shock-absorbing means </text><reference><text><class-ref scheme="cpc">B25G1/02</class-ref> takes precedence</text></reference></title-part></class-title></classification-item>
<classification-item breakdown-code="false" not-allocatable="false" level="8" additional-only="false" sort-key="B25G1/02" definition-exists="false" ipc-concordant="B25G1/02" c-set-base-allowed="false" c-set-subsequent-allowed="true" date-revised="2017-08-01" status="published"><classification-symbol>B25G1/02</classification-symbol><class-title date-revised="2017-08-01"><title-part><text>flexible </text><reference><text>hammers heads having shock-absorbing means <class-ref scheme="cpc">B25D1/12</class-ref></text></reference></title-part></class-title>
<classification-item breakdown-code="false" not-allocatable="false" level="9" additional-only="false" sort-key="B25G1/025" definition-exists="false" ipc-concordant="B25G1/02" c-set-base-allowed="false" c-set-subsequent-allowed="true" date-revised="2013-01-01" status="published"><classification-symbol>B25G1/025</classification-symbol><class-title date-revised="2013-01-01"><title-part><CPC-specific-text><text>for screwdrivers, wrenches or spanners</text></CPC-specific-text></title-part></class-title></classification-item></classification-item>
<classification-item breakdown-code="false" not-allocatable="false" level="8" additional-only="false" sort-key="B25G1/04" definition-exists="false" ipc-concordant="B25G1/04" c-set-base-allowed="false" c-set-subsequent-allowed="true" date-revised="2013-01-01" status="published"><classification-symbol>B25G1/04</classification-symbol><class-title date-revised="2013-01-01"><title-part><text>telescopic</text></title-part><title-part><text>extensible</text></title-part><title-part><text>sectional</text></title-part></class-title>
<classification-item breakdown-code="false" not-allocatable="false" level="9" additional-only="false" sort-key="B25G1/043" definition-exists="false" ipc-concordant="B25G1/04" c-set-base-allowed="false" c-set-subsequent-allowed="true" date-revised="2013-01-01" status="published"><classification-symbol>B25G1/043</classification-symbol><class-title date-revised="2013-01-01"><title-part><CPC-specific-text><text>for screwdrivers, wrenches or spanners</text></CPC-specific-text></title-part></class-title>
<classification-item breakdown-code="false" not-allocatable="false" level="10" additional-only="false" sort-key="B25G1/046" definition-exists="false" ipc-concordant="B25G1/04" c-set-base-allowed="false" c-set-subsequent-allowed="true" date-revised="2013-01-01" status="published"><classification-symbol>B25G1/046</classification-symbol><class-title date-revised="2013-01-01"><title-part><CPC-specific-text><text>with free-turning section at end of handle remote from tool</text></CPC-specific-text></title-part></class-title></classification-item></classification-item></classification-item>
<classification-item breakdown-code="false" not-allocatable="false" level="8" additional-only="false" sort-key="B25G1/06" definition-exists="false" ipc-concordant="B25G1/06" c-set-base-allowed="false" c-set-subsequent-allowed="true" date-revised="2013-01-01" status="published"><classification-symbol>B25G1/06</classification-symbol><class-title date-revised="2013-01-01"><title-part><text>reversible or adjustable for position</text></title-part></class-title>
<classification-item breakdown-code="false" not-allocatable="false" level="9" additional-only="false" sort-key="B25G1/063" definition-exists="false" ipc-concordant="B25G1/06" c-set-base-allowed="false" c-set-subsequent-allowed="true" date-revised="2013-01-01" status="published"><classification-symbol>B25G1/063</classification-symbol><class-title date-revised="2013-01-01"><title-part><CPC-specific-text><text>for screwdrivers, wrenches or spanners</text></CPC-specific-text></title-part></class-title>
<classification-item breakdown-code="false" not-allocatable="false" level="10" additional-only="false" sort-key="B25G1/066" definition-exists="false" ipc-concordant="B25G1/06" c-set-base-allowed="false" c-set-subsequent-allowed="true" date-revised="2013-01-01" status="published"><classification-symbol>B25G1/066</classification-symbol><class-title date-revised="2013-01-01"><title-part><CPC-specific-text><text>the grip itself being angularly adjustable</text></CPC-specific-text></title-part></class-title></classification-item></classification-item></classification-item>
<classification-item breakdown-code="false" not-allocatable="false" level="8" additional-only="false" sort-key="B25G1/08" definition-exists="false" ipc-concordant="B25G1/08" c-set-base-allowed="false" c-set-subsequent-allowed="true" date-revised="2013-01-01" status="published"><classification-symbol>B25G1/08</classification-symbol><class-title date-revised="2013-01-01"><title-part><text>with provision for storing tool elements</text></title-part></class-title>
<classification-item breakdown-code="false" not-allocatable="false" level="9" additional-only="false" sort-key="B25G1/085" definition-exists="false" ipc-concordant="B25G1/08" c-set-base-allowed="false" c-set-subsequent-allowed="true" date-revised="2013-01-01" status="published"><classification-symbol>B25G1/085</classification-symbol><class-title date-revised="2013-01-01"><title-part><CPC-specific-text><text>for screwdrivers, wrenches or spanners</text></CPC-specific-text></title-part></class-title></classification-item></classification-item>
<classification-item breakdown-code="false" not-allocatable="false" level="8" additional-only="false" sort-key="B25G1/10" definition-exists="false" ipc-concordant="B25G1/10" c-set-base-allowed="false" c-set-subsequent-allowed="true" date-revised="2017-08-01" status="published"><classification-symbol>B25G1/10</classification-symbol><class-title date-revised="2017-08-01"><title-part><text>characterised by material or shape </text><reference><text><class-ref scheme="cpc">B25G1/01</class-ref>, <class-ref scheme="cpc">B25G1/02</class-ref> take precedence </text><CPC-specific-text><text>; for hand tools comprising coating rollers <class-ref scheme="cpc">B05C17/0205</class-ref></text></CPC-specific-text></reference></title-part></class-title>
<classification-item breakdown-code="false" not-allocatable="false" level="9" additional-only="false" sort-key="B25G1/102" definition-exists="false" ipc-concordant="B25G1/10" c-set-base-allowed="false" c-set-subsequent-allowed="true" date-revised="2013-01-01" status="published"><classification-symbol>B25G1/102</classification-symbol><class-title date-revised="2013-01-01"><title-part><CPC-specific-text><text>the shape being specially adapted to facilitate handling or improve grip</text></CPC-specific-text></title-part></class-title></classification-item>
<classification-item breakdown-code="false" not-allocatable="false" level="9" additional-only="false" sort-key="B25G1/105" definition-exists="false" ipc-concordant="B25G1/10" c-set-base-allowed="false" c-set-subsequent-allowed="true" date-revised="2013-01-01" status="published"><classification-symbol>B25G1/105</classification-symbol><class-title date-revised="2013-01-01"><title-part><CPC-specific-text><text>for screwdrivers, wrenches or spanners </text><reference><text><class-ref scheme="cpc">B25G1/102</class-ref>, <class-ref scheme="cpc">B25G1/125</class-ref> take precedence</text></reference></CPC-specific-text></title-part></class-title>
<classification-item breakdown-code="false" not-allocatable="false" level="10" additional-only="false" sort-key="B25G1/107" definition-exists="false" ipc-concordant="B25G1/10" c-set-base-allowed="false" c-set-subsequent-allowed="true" date-revised="2013-01-01" status="published"><classification-symbol>B25G1/107</classification-symbol><class-title date-revised="2013-01-01"><title-part><CPC-specific-text><text>of thimble type</text></CPC-specific-text></title-part></class-title></classification-item></classification-item>
<classification-item breakdown-code="false" not-allocatable="false" level="9" additional-only="false" sort-key="B25G1/12" definition-exists="false" ipc-concordant="B25G1/12" c-set-base-allowed="false" c-set-subsequent-allowed="true" date-revised="2013-01-01" status="published"><classification-symbol>B25G1/12</classification-symbol><class-title date-revised="2013-01-01"><title-part><text>electrically insulating material</text></title-part></class-title>
<classification-item breakdown-code="false" not-allocatable="false" level="10" additional-only="false" sort-key="B25G1/125" definition-exists="false" ipc-concordant="B25G1/12" c-set-base-allowed="false" c-set-subsequent-allowed="true" date-revised="2013-01-01" status="published"><classification-symbol>B25G1/125</classification-symbol><class-title date-revised="2013-01-01"><title-part><CPC-specific-text><text>for screwdrivers, wrenches or spanners</text></CPC-specific-text></title-part></class-title></classification-item></classification-item></classification-item></classification-item>
<classification-item breakdown-code="false" not-allocatable="false" level="7" additional-only="false" sort-key="B25G3/00" definition-exists="true" ipc-concordant="B25G3/00" c-set-base-allowed="false" c-set-subsequent-allowed="true" date-revised="2013-01-01" status="published"><classification-symbol>B25G3/00</classification-symbol><class-title date-revised="2013-01-01"><title-part><text>Attaching handles to the implements</text></title-part></class-title>
<classification-item breakdown-code="false" not-allocatable="false" level="8" additional-only="false" sort-key="B25G3/02" definition-exists="false" ipc-concordant="B25G3/02" c-set-base-allowed="false" c-set-subsequent-allowed="true" date-revised="2013-01-01" status="published"><classification-symbol>B25G3/02</classification-symbol><class-title date-revised="2013-01-01"><title-part><text>Socket, tang, or like fixings </text><reference><text><class-ref scheme="cpc">B25G3/34</class-ref> takes precedence</text></reference></title-part></class-title>
<classification-item breakdown-code="false" not-allocatable="false" level="9" additional-only="false" sort-key="B25G3/04" definition-exists="false" ipc-concordant="B25G3/04" c-set-base-allowed="false" c-set-subsequent-allowed="true" date-revised="2013-01-01" status="published"><classification-symbol>B25G3/04</classification-symbol><class-title date-revised="2013-01-01"><title-part><text>with detachable or separate socket pieces </text><reference><text><class-ref scheme="cpc">B25G3/12</class-ref> takes precedence</text></reference></title-part></class-title></classification-item>
<classification-item breakdown-code="false" not-allocatable="false" level="9" additional-only="false" sort-key="B25G3/06" definition-exists="false" ipc-concordant="B25G3/06" c-set-base-allowed="false" c-set-subsequent-allowed="true" date-revised="2013-01-01" status="published"><classification-symbol>B25G3/06</classification-symbol><class-title date-revised="2013-01-01"><title-part><text>with multiple socket, e.g. T-socket </text><reference><text><class-ref scheme="cpc">B25G3/12</class-ref> takes precedence</text></reference></title-part></class-title></classification-item>
<classification-item breakdown-code="false" not-allocatable="false" level="9" additional-only="false" sort-key="B25G3/08" definition-exists="false" ipc-concordant="B25G3/08" c-set-base-allowed="false" c-set-subsequent-allowed="true" date-revised="2017-08-01" status="published"><classification-symbol>B25G3/08</classification-symbol><class-title date-revised="2017-08-01"><title-part><text>with dovetail or other groove </text><reference><text><class-ref scheme="cpc">B25G3/12</class-ref> takes precedence</text></reference></title-part></class-title></classification-item>
<classification-item breakdown-code="false" not-allocatable="false" level="9" additional-only="false" sort-key="B25G3/10" definition-exists="false" ipc-concordant="B25G3/10" c-set-base-allowed="false" c-set-subsequent-allowed="true" date-revised="2013-01-01" status="published"><classification-symbol>B25G3/10</classification-symbol><class-title date-revised="2013-01-01"><title-part><text>with elastic, taper, or other self-grip socket or tang </text><reference><text><class-ref scheme="cpc">B25G3/12</class-ref> takes precedence</text></reference></title-part></class-title></classification-item>
<classification-item breakdown-code="false" not-allocatable="false" level="9" additional-only="false" sort-key="B25G3/12" definition-exists="false" ipc-concordant="B25G3/12" c-set-base-allowed="false" c-set-subsequent-allowed="true" date-revised="2013-01-01" status="published"><classification-symbol>B25G3/12</classification-symbol><class-title date-revised="2013-01-01"><title-part><text>Locking and securing devices</text></title-part></class-title>
<classification-item breakdown-code="false" not-allocatable="false" level="10" additional-only="false" sort-key="B25G3/14" definition-exists="false" ipc-concordant="B25G3/14" c-set-base-allowed="false" c-set-subsequent-allowed="true" date-revised="2013-01-01" status="published"><classification-symbol>B25G3/14</classification-symbol><class-title date-revised="2013-01-01"><title-part><text>comprising barbs or teeth</text></title-part></class-title></classification-item>
<classification-item breakdown-code="false" not-allocatable="false" level="10" additional-only="false" sort-key="B25G3/16" definition-exists="false" ipc-concordant="B25G3/16" c-set-base-allowed="false" c-set-subsequent-allowed="true" date-revised="2013-01-01" status="published"><classification-symbol>B25G3/16</classification-symbol><class-title date-revised="2013-01-01"><title-part><text>comprising bayonet joints</text></title-part></class-title></classification-item>
<classification-item breakdown-code="false" not-allocatable="false" level="10" additional-only="false" sort-key="B25G3/18" definition-exists="false" ipc-concordant="B25G3/18" c-set-base-allowed="false" c-set-subsequent-allowed="true" date-revised="2013-01-01" status="published"><classification-symbol>B25G3/18</classification-symbol><class-title date-revised="2013-01-01"><title-part><text>comprising catches or pawls</text></title-part></class-title></classification-item>
<classification-item breakdown-code="false" not-allocatable="false" level="10" additional-only="false" sort-key="B25G3/20" definition-exists="false" ipc-concordant="B25G3/20" c-set-base-allowed="false" c-set-subsequent-allowed="true" date-revised="2017-08-01" status="published"><classification-symbol>B25G3/20</classification-symbol><class-title date-revised="2017-08-01"><title-part><text>comprising clamping or contracting means acting concentrically on the handle or socket</text></title-part></class-title>
<classification-item breakdown-code="false" not-allocatable="false" level="11" additional-only="false" sort-key="B25G3/22" definition-exists="false" ipc-concordant="B25G3/22" c-set-base-allowed="false" c-set-subsequent-allowed="true" date-revised="2013-01-01" status="published"><classification-symbol>B25G3/22</classification-symbol><class-title date-revised="2013-01-01"><title-part><text>Chucks</text></title-part></class-title></classification-item></classification-item>
<classification-item breakdown-code="false" not-allocatable="false" level="10" additional-only="false" sort-key="B25G3/24" definition-exists="false" ipc-concordant="B25G3/24" c-set-base-allowed="false" c-set-subsequent-allowed="true" date-revised="2017-08-01" status="published"><classification-symbol>B25G3/24</classification-symbol><class-title date-revised="2017-08-01"><title-part><text>comprising clamping or contracting means acting transversely on the handle or socket</text></title-part></class-title></classification-item>
<classification-item breakdown-code="false" not-allocatable="false" level="10" additional-only="false" sort-key="B25G3/26" definition-exists="false" ipc-concordant="B25G3/26" c-set-base-allowed="false" c-set-subsequent-allowed="true" date-revised="2013-01-01" status="published"><classification-symbol>B25G3/26</classification-symbol><class-title date-revised="2013-01-01"><title-part><text>comprising nails, screws, bolts, or pins traversing or entering the socket</text></title-part></class-title></classification-item>
<classification-item breakdown-code="false" not-allocatable="false" level="10" additional-only="false" sort-key="B25G3/28" definition-exists="false" ipc-concordant="B25G3/28" c-set-base-allowed="false" c-set-subsequent-allowed="true" date-revised="2013-01-01" status="published"><classification-symbol>B25G3/28</classification-symbol><class-title date-revised="2013-01-01"><title-part><text>comprising wedges, keys, or like expanding means</text></title-part></class-title></classification-item>
<classification-item breakdown-code="false" not-allocatable="false" level="10" additional-only="false" sort-key="B25G3/30" definition-exists="false" ipc-concordant="B25G3/30" c-set-base-allowed="false" c-set-subsequent-allowed="true" date-revised="2013-01-01" status="published"><classification-symbol>B25G3/30</classification-symbol><class-title date-revised="2013-01-01"><title-part><text>comprising screwed sockets or tangs</text></title-part></class-title></classification-item>
<classification-item breakdown-code="false" not-allocatable="false" level="10" additional-only="false" sort-key="B25G3/32" definition-exists="false" ipc-concordant="B25G3/32" c-set-base-allowed="false" c-set-subsequent-allowed="true" date-revised="2013-01-01" status="published"><classification-symbol>B25G3/32</classification-symbol><class-title date-revised="2013-01-01"><title-part><text>in association with, or including, tang, bolt, or other member passing axially through whole length of handle</text></title-part></class-title></classification-item></classification-item></classification-item>
<classification-item breakdown-code="false" not-allocatable="false" level="8" additional-only="false" sort-key="B25G3/34" definition-exists="false" ipc-concordant="B25G3/34" c-set-base-allowed="false" c-set-subsequent-allowed="true" date-revised="2013-01-01" status="published"><classification-symbol>B25G3/34</classification-symbol><class-title date-revised="2013-01-01"><title-part><text>by pressing the handle on the implements</text></title-part><title-part><text>using cement or molten metal, e.g. casting, moulding, by welding or the like</text></title-part></class-title></classification-item>
<classification-item breakdown-code="false" not-allocatable="false" level="8" additional-only="false" sort-key="B25G3/36" definition-exists="false" ipc-concordant="B25G3/36" c-set-base-allowed="false" c-set-subsequent-allowed="true" date-revised="2013-01-01" status="published"><classification-symbol>B25G3/36</classification-symbol><class-title date-revised="2013-01-01"><title-part><text>Lap joints</text></title-part><title-part><text>Riveted, screwed, or like joints </text><reference><text>socket, tang, or like fixings <class-ref scheme="cpc">B25G3/02</class-ref></text></reference></title-part></class-title></classification-item>
<classification-item breakdown-code="false" not-allocatable="false" level="8" additional-only="false" sort-key="B25G3/38" definition-exists="false" ipc-concordant="B25G3/38" c-set-base-allowed="false" c-set-subsequent-allowed="true" date-revised="2013-01-01" status="published"><classification-symbol>B25G3/38</classification-symbol><class-title date-revised="2013-01-01"><title-part><text>Hinged, pivoted, swivelling, or folding joints</text></title-part></class-title></classification-item></classification-item></classification-item></classification-item></class-scheme>