<?xml version="1.0" encoding="UTF-8"?>
<class-scheme publication-date="2024-08-01" scheme-type="cpc" publication-type="official">
<classification-item breakdown-code="false" not-allocatable="true" level="5" additional-only="false" sort-key="B43M" definition-exists="true" date-revised="2018-08-01" status="published"><classification-symbol>B43M</classification-symbol><class-title date-revised="2013-01-01"><title-part><text>BUREAU ACCESSORIES NOT OTHERWISE PROVIDED FOR </text><reference><text>stapling devices <class-ref scheme="cpc">B25C5/00</class-ref>; devices for temporarily attaching sheets together <class-ref scheme="cpc">B42F</class-ref></text></reference></title-part></class-title><notes-and-warnings><note type="warning"><note-paragraph>In this subclass non-limiting references (in the sense of paragraph 39 of the Guide to the IPC) may still be displayed in the scheme.</note-paragraph></note></notes-and-warnings>
<classification-item breakdown-code="false" not-allocatable="true" level="6" additional-only="false" sort-key="B43M1/00" date-revised="2013-01-01" status="published"><classification-symbol>B43M1/00</classification-symbol>
<classification-item breakdown-code="false" not-allocatable="false" level="7" additional-only="false" sort-key="B43M1/00" definition-exists="true" ipc-concordant="B43M1/00" c-set-base-allowed="false" c-set-subsequent-allowed="true" date-revised="2013-01-01" status="published"><classification-symbol>B43M1/00</classification-symbol><class-title date-revised="2013-01-01"><title-part><text>Fixing seals on documents </text><reference><text>embossing dies <class-ref scheme="cpc">B44B</class-ref>; seals <u>per se</u> <class-ref scheme="cpc">G09F3/00</class-ref></text></reference></title-part></class-title>
<classification-item breakdown-code="false" not-allocatable="false" level="8" additional-only="false" sort-key="B43M1/02" definition-exists="false" ipc-concordant="B43M1/02" c-set-base-allowed="false" c-set-subsequent-allowed="true" date-revised="2013-01-01" status="published"><classification-symbol>B43M1/02</classification-symbol><class-title date-revised="2013-01-01"><title-part><text>Sealing-wax holders</text></title-part></class-title></classification-item></classification-item>
<classification-item breakdown-code="false" not-allocatable="false" level="7" additional-only="false" sort-key="B43M3/00" definition-exists="true" ipc-concordant="B43M3/00" c-set-base-allowed="false" c-set-subsequent-allowed="true" date-revised="2013-01-01" status="published"><classification-symbol>B43M3/00</classification-symbol><class-title date-revised="2013-01-01"><title-part><text>Devices for inserting documents into envelopes </text><reference><text>combined devices for inserting documents into and closing envelopes <class-ref scheme="cpc">B43M5/00</class-ref></text></reference></title-part></class-title>
<classification-item breakdown-code="false" not-allocatable="false" level="8" additional-only="false" sort-key="B43M3/02" definition-exists="false" ipc-concordant="B43M3/02" c-set-base-allowed="false" c-set-subsequent-allowed="true" date-revised="2013-01-01" status="published"><classification-symbol>B43M3/02</classification-symbol><class-title date-revised="2013-01-01"><title-part><text>equipped with documents-folding means </text><reference><text><class-ref scheme="cpc">B43M3/04</class-ref> takes precedence</text></reference></title-part></class-title></classification-item>
<classification-item breakdown-code="false" not-allocatable="false" level="8" additional-only="false" sort-key="B43M3/04" definition-exists="false" ipc-concordant="B43M3/04" c-set-base-allowed="false" c-set-subsequent-allowed="true" date-revised="2013-01-01" status="published"><classification-symbol>B43M3/04</classification-symbol><class-title date-revised="2013-01-01"><title-part><text>automatic</text></title-part></class-title>
<classification-item breakdown-code="false" not-allocatable="false" level="9" additional-only="false" sort-key="B43M3/045" definition-exists="false" ipc-concordant="B43M3/04" c-set-base-allowed="false" c-set-subsequent-allowed="true" date-revised="2013-01-01" status="published"><classification-symbol>B43M3/045</classification-symbol><class-title date-revised="2013-01-01"><title-part><CPC-specific-text><text>for envelopes with only one flap</text></CPC-specific-text></title-part></class-title></classification-item></classification-item></classification-item>
<classification-item breakdown-code="false" not-allocatable="false" level="7" additional-only="false" sort-key="B43M5/00" definition-exists="true" ipc-concordant="B43M5/00" c-set-base-allowed="false" c-set-subsequent-allowed="true" date-revised="2013-01-01" status="published"><classification-symbol>B43M5/00</classification-symbol><class-title date-revised="2013-01-01"><title-part><text>Devices for closing envelopes</text></title-part></class-title>
<classification-item breakdown-code="false" not-allocatable="false" level="8" additional-only="false" sort-key="B43M5/02" definition-exists="false" ipc-concordant="B43M5/02" c-set-base-allowed="false" c-set-subsequent-allowed="true" date-revised="2013-01-01" status="published"><classification-symbol>B43M5/02</classification-symbol><class-title date-revised="2013-01-01"><title-part><text>Hand devices for both moistening gummed flaps of envelopes and for closing the envelopes</text></title-part></class-title>
<classification-item breakdown-code="false" not-allocatable="false" level="9" additional-only="false" sort-key="B43M5/025" definition-exists="false" ipc-concordant="B43M5/02" c-set-base-allowed="false" c-set-subsequent-allowed="true" date-revised="2013-01-01" status="published"><classification-symbol>B43M5/025</classification-symbol><class-title date-revised="2013-01-01"><title-part><CPC-specific-text><text>portable hand tools</text></CPC-specific-text></title-part></class-title></classification-item></classification-item>
<classification-item breakdown-code="false" not-allocatable="false" level="8" additional-only="false" sort-key="B43M5/04" definition-exists="false" ipc-concordant="B43M5/04" c-set-base-allowed="false" c-set-subsequent-allowed="true" date-revised="2013-01-01" status="published"><classification-symbol>B43M5/04</classification-symbol><class-title date-revised="2013-01-01"><title-part><text>automatic</text></title-part></class-title>
<classification-item breakdown-code="false" not-allocatable="false" level="9" additional-only="false" sort-key="B43M5/042" definition-exists="false" ipc-concordant="B43M5/04" c-set-base-allowed="false" c-set-subsequent-allowed="true" date-revised="2013-01-01" status="published"><classification-symbol>B43M5/042</classification-symbol><class-title date-revised="2013-01-01"><title-part><CPC-specific-text><text>for envelopes with only one flap</text></CPC-specific-text></title-part></class-title></classification-item>
<classification-item breakdown-code="false" not-allocatable="false" level="9" additional-only="false" sort-key="B43M5/045" definition-exists="false" ipc-concordant="B43M5/04" c-set-base-allowed="false" c-set-subsequent-allowed="true" date-revised="2013-01-01" status="published"><classification-symbol>B43M5/045</classification-symbol><class-title date-revised="2013-01-01"><title-part><CPC-specific-text><text>using heat-sensitive adhesive</text></CPC-specific-text></title-part></class-title></classification-item>
<classification-item breakdown-code="false" not-allocatable="false" level="9" additional-only="false" sort-key="B43M5/047" definition-exists="false" ipc-concordant="B43M5/04" c-set-base-allowed="false" c-set-subsequent-allowed="true" date-revised="2013-01-01" status="published"><classification-symbol>B43M5/047</classification-symbol><class-title date-revised="2013-01-01"><title-part><CPC-specific-text><text>using pressure-sensitive adhesive</text></CPC-specific-text></title-part></class-title></classification-item></classification-item></classification-item>
<classification-item breakdown-code="false" not-allocatable="false" level="7" additional-only="false" sort-key="B43M7/00" definition-exists="true" ipc-concordant="B43M7/00" c-set-base-allowed="false" c-set-subsequent-allowed="true" date-revised="2013-01-01" status="published"><classification-symbol>B43M7/00</classification-symbol><class-title date-revised="2013-01-01"><title-part><text>Devices for opening envelopes </text><reference><text>cutting tools in general <class-ref scheme="cpc">B26</class-ref></text></reference></title-part></class-title>
<classification-item breakdown-code="false" not-allocatable="false" level="8" additional-only="false" sort-key="B43M7/001" definition-exists="false" ipc-concordant="B43M7/00" c-set-base-allowed="false" c-set-subsequent-allowed="true" date-revised="2013-01-01" status="published"><classification-symbol>B43M7/001</classification-symbol><class-title date-revised="2013-01-01"><title-part><CPC-specific-text><text>with abrading or sawing wheels</text></CPC-specific-text></title-part></class-title></classification-item>
<classification-item breakdown-code="false" not-allocatable="false" level="8" additional-only="false" sort-key="B43M7/002" definition-exists="false" ipc-concordant="B43M7/00" c-set-base-allowed="false" c-set-subsequent-allowed="true" date-revised="2013-01-01" status="published"><classification-symbol>B43M7/002</classification-symbol><class-title date-revised="2013-01-01"><title-part><CPC-specific-text><text>Hand tools</text></CPC-specific-text></title-part></class-title></classification-item>
<classification-item breakdown-code="false" not-allocatable="false" level="8" additional-only="false" sort-key="B43M7/004" definition-exists="false" ipc-concordant="B43M7/00" c-set-base-allowed="false" c-set-subsequent-allowed="true" date-revised="2013-01-01" status="published"><classification-symbol>B43M7/004</classification-symbol><class-title date-revised="2013-01-01"><title-part><CPC-specific-text><text>including non-mechanical means</text></CPC-specific-text></title-part></class-title></classification-item>
<classification-item breakdown-code="false" not-allocatable="false" level="8" additional-only="false" sort-key="B43M7/005" definition-exists="false" ipc-concordant="B43M7/00" c-set-base-allowed="false" c-set-subsequent-allowed="true" date-revised="2013-01-01" status="published"><classification-symbol>B43M7/005</classification-symbol><class-title date-revised="2013-01-01"><title-part><CPC-specific-text><text>with at least two cutting discs</text></CPC-specific-text></title-part></class-title></classification-item>
<classification-item breakdown-code="false" not-allocatable="false" level="8" additional-only="false" sort-key="B43M7/007" definition-exists="false" ipc-concordant="B43M7/00" c-set-base-allowed="false" c-set-subsequent-allowed="true" date-revised="2013-01-01" status="published"><classification-symbol>B43M7/007</classification-symbol><class-title date-revised="2013-01-01"><title-part><CPC-specific-text><text>with cutting blades</text></CPC-specific-text></title-part></class-title></classification-item>
<classification-item breakdown-code="false" not-allocatable="false" level="8" additional-only="false" sort-key="B43M7/008" definition-exists="false" ipc-concordant="B43M7/00" c-set-base-allowed="false" c-set-subsequent-allowed="true" date-revised="2013-01-01" status="published"><classification-symbol>B43M7/008</classification-symbol><class-title date-revised="2013-01-01"><title-part><CPC-specific-text><text>with a cylindrical cutter</text></CPC-specific-text></title-part></class-title></classification-item>
<classification-item breakdown-code="false" not-allocatable="false" level="8" additional-only="false" sort-key="B43M7/02" definition-exists="false" ipc-concordant="B43M7/02" c-set-base-allowed="false" c-set-subsequent-allowed="true" date-revised="2013-01-01" status="published"><classification-symbol>B43M7/02</classification-symbol><class-title date-revised="2013-01-01"><title-part><text>Devices for both opening envelopes and removing contents</text></title-part></class-title></classification-item></classification-item>
<classification-item breakdown-code="false" not-allocatable="false" level="7" additional-only="false" sort-key="B43M9/00" definition-exists="true" ipc-concordant="B43M9/00" c-set-base-allowed="false" c-set-subsequent-allowed="true" date-revised="2013-01-01" status="published"><classification-symbol>B43M9/00</classification-symbol><class-title date-revised="2013-01-01"><title-part><text>Paper-weights</text></title-part></class-title></classification-item>
<classification-item breakdown-code="false" not-allocatable="false" level="7" additional-only="false" sort-key="B43M11/00" definition-exists="true" ipc-concordant="B43M11/00" c-set-base-allowed="false" c-set-subsequent-allowed="true" date-revised="2013-01-01" status="published"><classification-symbol>B43M11/00</classification-symbol><class-title date-revised="2013-01-01"><title-part><text>Hand or desk devices of the office or personal type for applying liquid, other than ink, by contact to surfaces, e.g. for applying adhesive </text><reference><text>combined with envelope-closing devices <class-ref scheme="cpc">B43M5/02</class-ref>; reservoir brushes <class-ref scheme="cpc">A46B11/00</class-ref>; devices for applying liquids or other fluent materials to surfaces in general <class-ref scheme="cpc">B05C</class-ref>; liquid receptacles <class-ref scheme="cpc">B65D</class-ref></text></reference></title-part></class-title>
<classification-item breakdown-code="false" not-allocatable="false" level="8" additional-only="false" sort-key="B43M11/02" definition-exists="false" ipc-concordant="B43M11/02" c-set-base-allowed="false" c-set-subsequent-allowed="true" date-revised="2013-01-01" status="published"><classification-symbol>B43M11/02</classification-symbol><class-title date-revised="2013-01-01"><title-part><text>with rollers</text></title-part></class-title></classification-item>
<classification-item breakdown-code="false" not-allocatable="false" level="8" additional-only="false" sort-key="B43M11/04" definition-exists="false" ipc-concordant="B43M11/04" c-set-base-allowed="false" c-set-subsequent-allowed="true" date-revised="2013-01-01" status="published"><classification-symbol>B43M11/04</classification-symbol><class-title date-revised="2013-01-01"><title-part><text>with pads </text><reference><text><class-ref scheme="cpc">B43M11/06</class-ref> takes precedence</text></reference></title-part></class-title></classification-item>
<classification-item breakdown-code="false" not-allocatable="false" level="8" additional-only="false" sort-key="B43M11/06" definition-exists="false" ipc-concordant="B43M11/06" c-set-base-allowed="false" c-set-subsequent-allowed="true" date-revised="2013-01-01" status="published"><classification-symbol>B43M11/06</classification-symbol><class-title date-revised="2013-01-01"><title-part><text>Hand-held devices</text></title-part></class-title>
<classification-item breakdown-code="false" not-allocatable="false" level="9" additional-only="false" sort-key="B43M11/08" definition-exists="false" ipc-concordant="B43M11/08" c-set-base-allowed="false" c-set-subsequent-allowed="true" date-revised="2013-01-01" status="published"><classification-symbol>B43M11/08</classification-symbol><class-title date-revised="2013-01-01"><title-part><text>of the fountain-pen type</text></title-part></class-title>
<classification-item breakdown-code="false" not-allocatable="false" level="10" additional-only="false" sort-key="B43M11/085" definition-exists="false" ipc-concordant="B43M11/08" c-set-base-allowed="false" c-set-subsequent-allowed="true" date-revised="2013-01-01" status="published"><classification-symbol>B43M11/085</classification-symbol><class-title date-revised="2013-01-01"><title-part><CPC-specific-text><text>with ball points</text></CPC-specific-text></title-part></class-title></classification-item></classification-item></classification-item></classification-item>
<classification-item breakdown-code="false" not-allocatable="false" level="7" additional-only="false" sort-key="B43M13/00" definition-exists="true" ipc-concordant="B43M13/00" c-set-base-allowed="false" c-set-subsequent-allowed="true" date-revised="2013-01-01" status="published"><classification-symbol>B43M13/00</classification-symbol><class-title date-revised="2013-01-01"><title-part><text>Dispensers without mechanisms for single stamps modified for the application of stamps to articles </text><reference><text>manually-controlled or manually-operable label or stamp dispensers <class-ref scheme="cpc">B65C11/00</class-ref></text></reference></title-part></class-title></classification-item>
<classification-item breakdown-code="false" not-allocatable="false" level="7" additional-only="false" sort-key="B43M15/00" definition-exists="true" ipc-concordant="B43M15/00" c-set-base-allowed="false" c-set-subsequent-allowed="true" date-revised="2013-01-01" status="published"><classification-symbol>B43M15/00</classification-symbol><class-title date-revised="2013-01-01"><title-part><text>Drawing-pins, Thumb-tacks </text><reference><text>extractors <class-ref scheme="cpc">B25C11/00</class-ref></text></reference></title-part></class-title></classification-item></classification-item>
<classification-item breakdown-code="true" not-allocatable="true" level="6" additional-only="true" sort-key="B43M17/00" date-revised="2013-01-01" status="published"><classification-symbol>B43M2017/00</classification-symbol>
<classification-item breakdown-code="true" not-allocatable="false" level="7" additional-only="true" sort-key="B43M17/00" definition-exists="false" ipc-concordant="CPCONLY" c-set-base-allowed="false" c-set-subsequent-allowed="true" date-revised="2013-01-01" status="published"><classification-symbol>B43M2017/00</classification-symbol><class-title date-revised="2013-01-01"><title-part><text>Other bureau accessories</text></title-part></class-title></classification-item>
<classification-item breakdown-code="false" not-allocatable="false" level="7" additional-only="false" sort-key="B43M99/00" definition-exists="true" ipc-concordant="B43M99/00" c-set-base-allowed="false" c-set-subsequent-allowed="true" date-revised="2013-01-01" status="published"><classification-symbol>B43M99/00</classification-symbol><class-title date-revised="2013-01-01"><title-part><text>Subject matter not provided for in other groups of this subclass</text></title-part></class-title>
<classification-item breakdown-code="false" not-allocatable="false" level="8" additional-only="false" sort-key="B43M99/001" definition-exists="false" ipc-concordant="B43M99/00" c-set-base-allowed="false" c-set-subsequent-allowed="true" date-revised="2013-01-01" status="published"><classification-symbol>B43M99/001</classification-symbol><class-title date-revised="2013-01-01"><title-part><CPC-specific-text><text>Desk sets </text><reference><text>with ink stand <class-ref scheme="cpc">B43L27/02</class-ref></text></reference></CPC-specific-text></title-part></class-title>
<classification-item breakdown-code="false" not-allocatable="false" level="9" additional-only="false" sort-key="B43M99/002" definition-exists="false" ipc-concordant="B43M99/00" c-set-base-allowed="false" c-set-subsequent-allowed="true" date-revised="2013-01-01" status="published"><classification-symbol>B43M99/002</classification-symbol><class-title date-revised="2013-01-01"><title-part><CPC-specific-text><text>Tubular fountain pen holders </text><reference><text>holders for writing implements <class-ref scheme="cpc">B43K23/00</class-ref></text></reference></CPC-specific-text></title-part></class-title>
<classification-item breakdown-code="false" not-allocatable="false" level="10" additional-only="false" sort-key="B43M99/003" definition-exists="false" ipc-concordant="B43M99/00" c-set-base-allowed="false" c-set-subsequent-allowed="true" date-revised="2013-01-01" status="published"><classification-symbol>B43M99/003</classification-symbol><class-title date-revised="2013-01-01"><title-part><CPC-specific-text><text>with only one penholder</text></CPC-specific-text></title-part></class-title>
<classification-item breakdown-code="false" not-allocatable="false" level="11" additional-only="false" sort-key="B43M99/004" definition-exists="false" ipc-concordant="B43M99/00" c-set-base-allowed="false" c-set-subsequent-allowed="true" date-revised="2013-01-01" status="published"><classification-symbol>B43M99/004</classification-symbol><class-title date-revised="2013-01-01"><title-part><CPC-specific-text><text>with magnetic holding means</text></CPC-specific-text></title-part></class-title></classification-item>
<classification-item breakdown-code="false" not-allocatable="false" level="11" additional-only="false" sort-key="B43M99/005" definition-exists="false" ipc-concordant="B43M99/00" c-set-base-allowed="false" c-set-subsequent-allowed="true" date-revised="2013-01-01" status="published"><classification-symbol>B43M99/005</classification-symbol><class-title date-revised="2013-01-01"><title-part><CPC-specific-text><text>with suction holding means</text></CPC-specific-text></title-part></class-title></classification-item></classification-item>
<classification-item breakdown-code="false" not-allocatable="false" level="10" additional-only="false" sort-key="B43M99/006" definition-exists="false" ipc-concordant="B43M99/00" c-set-base-allowed="false" c-set-subsequent-allowed="true" date-revised="2013-01-01" status="published"><classification-symbol>B43M99/006</classification-symbol><class-title date-revised="2013-01-01"><title-part><CPC-specific-text><text>with more than one penholder</text></CPC-specific-text></title-part></class-title></classification-item></classification-item>
<classification-item breakdown-code="false" not-allocatable="false" level="9" additional-only="false" sort-key="B43M99/007" definition-exists="false" ipc-concordant="B43M99/00" c-set-base-allowed="false" c-set-subsequent-allowed="true" date-revised="2013-01-01" status="published"><classification-symbol>B43M99/007</classification-symbol><class-title date-revised="2013-01-01"><title-part><CPC-specific-text><text>Stands for pens with tubular or porous writing-points</text></CPC-specific-text></title-part></class-title></classification-item></classification-item>
<classification-item breakdown-code="false" not-allocatable="false" level="8" additional-only="false" sort-key="B43M99/008" definition-exists="false" ipc-concordant="B43M99/00" c-set-base-allowed="false" c-set-subsequent-allowed="true" date-revised="2013-01-01" status="published"><classification-symbol>B43M99/008</classification-symbol><class-title date-revised="2013-01-01"><title-part><CPC-specific-text><text>Desk-receptacles for holding writing appliances</text></CPC-specific-text></title-part></class-title></classification-item>
<classification-item breakdown-code="false" not-allocatable="false" level="8" additional-only="false" sort-key="B43M99/009" definition-exists="false" ipc-concordant="B43M99/00" c-set-base-allowed="false" c-set-subsequent-allowed="true" date-revised="2013-01-01" status="published"><classification-symbol>B43M99/009</classification-symbol><class-title date-revised="2013-01-01"><title-part><CPC-specific-text><text>Paperclip dispensers or holders</text></CPC-specific-text></title-part></class-title></classification-item></classification-item></classification-item></classification-item></class-scheme>