<?xml version="1.0" encoding="UTF-8"?>
<class-scheme publication-date="2024-08-01" scheme-type="cpc" publication-type="official">
<classification-item breakdown-code="false" not-allocatable="true" level="5" additional-only="false" sort-key="B68G" definition-exists="true" date-revised="2018-08-01" status="published"><classification-symbol>B68G</classification-symbol><class-title date-revised="2013-01-01"><title-part><text>METHODS, EQUIPMENT, OR MACHINES FOR USE IN UPHOLSTERING</text></title-part><title-part><text>UPHOLSTERY NOT OTHERWISE PROVIDED FOR</text></title-part></class-title><notes-and-warnings><note type="warning"><note-paragraph>In this subclass non-limiting references (in the sense of paragraph 39 of the Guide to the IPC) may still be displayed in the scheme.</note-paragraph></note></notes-and-warnings>
<classification-item breakdown-code="false" not-allocatable="true" level="6" additional-only="false" sort-key="B68G1/00" date-revised="2013-01-01" status="published"><classification-symbol>B68G1/00</classification-symbol>
<classification-item breakdown-code="false" not-allocatable="false" level="7" additional-only="false" sort-key="B68G1/00" definition-exists="true" ipc-concordant="B68G1/00" c-set-base-allowed="false" c-set-subsequent-allowed="true" date-revised="2024-01-01" status="published"><classification-symbol>B68G1/00</classification-symbol><class-title date-revised="2024-01-01"><title-part><text>Loose filling materials for upholstery</text></title-part></class-title>
<classification-item breakdown-code="true" not-allocatable="false" level="8" additional-only="true" sort-key="B68G1/005" definition-exists="false" ipc-concordant="B68G1/00" c-set-base-allowed="false" c-set-subsequent-allowed="true" date-revised="2013-01-01" status="published"><classification-symbol>B68G2001/005</classification-symbol><class-title date-revised="2013-01-01"><title-part><CPC-specific-text><text>for pillows or duvets</text></CPC-specific-text></title-part></class-title></classification-item></classification-item>
<classification-item breakdown-code="false" not-allocatable="false" level="7" additional-only="false" sort-key="B68G3/00" definition-exists="true" ipc-concordant="B68G3/00" c-set-base-allowed="false" c-set-subsequent-allowed="true" date-revised="2013-01-01" status="published"><classification-symbol>B68G3/00</classification-symbol><class-title date-revised="2013-01-01"><title-part><text>Treating materials to adapt them specially as upholstery filling</text></title-part></class-title>
<classification-item breakdown-code="false" not-allocatable="false" level="8" additional-only="false" sort-key="B68G3/02" definition-exists="false" ipc-concordant="B68G3/02" c-set-base-allowed="false" c-set-subsequent-allowed="true" date-revised="2013-01-01" status="published"><classification-symbol>B68G3/02</classification-symbol><class-title date-revised="2013-01-01"><title-part><text>Cleaning</text></title-part><title-part><text>Conditioning</text></title-part></class-title></classification-item>
<classification-item breakdown-code="false" not-allocatable="false" level="8" additional-only="false" sort-key="B68G3/04" definition-exists="false" ipc-concordant="B68G3/04" c-set-base-allowed="false" c-set-subsequent-allowed="true" date-revised="2013-01-01" status="published"><classification-symbol>B68G3/04</classification-symbol><class-title date-revised="2013-01-01"><title-part><text>Teasing</text></title-part><title-part><text>Untwisting ropes or cords of filling materials</text></title-part></class-title></classification-item>
<classification-item breakdown-code="false" not-allocatable="false" level="8" additional-only="false" sort-key="B68G3/06" definition-exists="false" ipc-concordant="B68G3/06" c-set-base-allowed="false" c-set-subsequent-allowed="true" date-revised="2013-01-01" status="published"><classification-symbol>B68G3/06</classification-symbol><class-title date-revised="2013-01-01"><title-part><text>Curling</text></title-part><title-part><text>Twisting filling materials into ropes or cords</text></title-part></class-title></classification-item>
<classification-item breakdown-code="false" not-allocatable="false" level="8" additional-only="false" sort-key="B68G3/08" definition-exists="false" ipc-concordant="B68G3/08" c-set-base-allowed="false" c-set-subsequent-allowed="true" date-revised="2013-01-01" status="published"><classification-symbol>B68G3/08</classification-symbol><class-title date-revised="2013-01-01"><title-part><text>Preparation of bed feathers from natural feathers </text><CPC-specific-text><reference><text>treatment of feathers <class-ref scheme="cpc">D06M19/00</class-ref> takes precedence</text></reference></CPC-specific-text></title-part></class-title>
<classification-item breakdown-code="false" not-allocatable="false" level="9" additional-only="false" sort-key="B68G3/10" definition-exists="true" ipc-concordant="B68G3/10" c-set-base-allowed="false" c-set-subsequent-allowed="true" date-revised="2013-01-01" status="published"><classification-symbol>B68G3/10</classification-symbol><class-title date-revised="2013-01-01"><title-part><text>Cleaning or conditioning of bed feathers </text><reference><text><class-ref scheme="cpc">B68G3/02</class-ref> takes precedence</text></reference></title-part></class-title></classification-item>
<classification-item breakdown-code="false" not-allocatable="false" level="9" additional-only="false" sort-key="B68G3/12" definition-exists="false" ipc-concordant="B68G3/12" c-set-base-allowed="false" c-set-subsequent-allowed="true" date-revised="2013-01-01" status="published"><classification-symbol>B68G3/12</classification-symbol><class-title date-revised="2013-01-01"><title-part><text>Sorting of bed feathers</text></title-part></class-title></classification-item></classification-item></classification-item>
<classification-item breakdown-code="false" not-allocatable="false" level="7" additional-only="false" sort-key="B68G5/00" definition-exists="true" ipc-concordant="B68G5/00" c-set-base-allowed="false" c-set-subsequent-allowed="true" date-revised="2024-01-01" status="published"><classification-symbol>B68G5/00</classification-symbol><class-title date-revised="2024-01-01"><title-part><text>Resilient upholstery pads </text><reference><text>finished upholstery <class-ref scheme="cpc">B68G11/00</class-ref> </text><CPC-specific-text><text>; making upholstery from plastics <class-ref scheme="cpc">B29D99/0092</class-ref></text></CPC-specific-text></reference></title-part></class-title>
<classification-item breakdown-code="false" not-allocatable="false" level="8" additional-only="false" sort-key="B68G5/02" definition-exists="false" ipc-concordant="B68G5/02" c-set-base-allowed="false" c-set-subsequent-allowed="true" date-revised="2013-01-01" status="published"><classification-symbol>B68G5/02</classification-symbol><class-title date-revised="2013-01-01"><title-part><text>of cellular material, e.g. sponge rubber</text></title-part></class-title></classification-item></classification-item>
<classification-item breakdown-code="false" not-allocatable="false" level="7" additional-only="false" sort-key="B68G7/00" definition-exists="true" ipc-concordant="B68G7/00" c-set-base-allowed="false" c-set-subsequent-allowed="true" date-revised="2017-08-01" status="published"><classification-symbol>B68G7/00</classification-symbol><class-title date-revised="2017-08-01"><title-part><text>Making upholstery </text><reference><text>manufacturing upholstered panels <class-ref scheme="cpc">B68G13/00</class-ref>  </text><CPC-specific-text><text>; from plastics <class-ref scheme="cpc">B29D99/0092</class-ref></text></CPC-specific-text><text>; sewing-machines <class-ref scheme="cpc">D05B</class-ref></text></reference></title-part></class-title>
<classification-item breakdown-code="false" not-allocatable="false" level="8" additional-only="false" sort-key="B68G7/02" definition-exists="true" ipc-concordant="B68G7/02" c-set-base-allowed="false" c-set-subsequent-allowed="true" date-revised="2013-01-01" status="published"><classification-symbol>B68G7/02</classification-symbol><class-title date-revised="2013-01-01"><title-part><text>Making upholstery from waddings, fleeces, mats, or the like </text><reference><text>filling methods <class-ref scheme="cpc">B68G7/06</class-ref></text></reference></title-part></class-title>
<classification-item breakdown-code="false" not-allocatable="false" level="9" additional-only="false" sort-key="B68G7/04" definition-exists="false" ipc-concordant="B68G7/04" c-set-base-allowed="false" c-set-subsequent-allowed="true" date-revised="2016-05-01" status="published"><classification-symbol>B68G7/04</classification-symbol><class-title date-revised="2016-05-01"><title-part><text>by conveyor-line methods</text></title-part></class-title></classification-item></classification-item>
<classification-item breakdown-code="false" not-allocatable="false" level="8" additional-only="false" sort-key="B68G7/05" definition-exists="true" ipc-concordant="B68G7/05" c-set-base-allowed="false" c-set-subsequent-allowed="true" date-revised="2013-01-01" status="published"><classification-symbol>B68G7/05</classification-symbol><class-title date-revised="2013-01-01"><title-part><text>Covering or enveloping cores of pads </text><CPC-specific-text><reference><text>in plastics material using a matching die <class-ref scheme="cpc">B29C63/025</class-ref></text></reference></CPC-specific-text></title-part></class-title>
<classification-item breakdown-code="false" not-allocatable="false" level="9" additional-only="false" sort-key="B68G7/051" definition-exists="true" ipc-concordant="B68G7/05" c-set-base-allowed="false" c-set-subsequent-allowed="true" date-revised="2013-01-01" status="published"><classification-symbol>B68G7/051</classification-symbol><class-title date-revised="2013-01-01"><title-part><CPC-specific-text><text>Mattress-filling devices, i.e. sliding a tick or preformed cover over a cushion or sliding a cushion into a tick or preformed cover, e.g. by means of a press or of a depression table</text></CPC-specific-text></title-part></class-title></classification-item>
<classification-item breakdown-code="false" not-allocatable="false" level="9" additional-only="false" sort-key="B68G7/052" definition-exists="false" ipc-concordant="B68G7/052" c-set-base-allowed="false" c-set-subsequent-allowed="true" date-revised="2013-01-01" status="published"><classification-symbol>B68G7/052</classification-symbol><class-title date-revised="2013-01-01"><title-part><text>with webs secured to the core, e.g. by stitching</text></title-part></class-title></classification-item>
<classification-item breakdown-code="false" not-allocatable="false" level="9" additional-only="false" sort-key="B68G7/054" definition-exists="false" ipc-concordant="B68G7/054" c-set-base-allowed="false" c-set-subsequent-allowed="true" date-revised="2017-08-01" status="published"><classification-symbol>B68G7/054</classification-symbol><class-title date-revised="2017-08-01"><title-part><text>Arrangements of sheathings between spring cores and overlying paddings</text></title-part></class-title></classification-item></classification-item>
<classification-item breakdown-code="false" not-allocatable="false" level="8" additional-only="false" sort-key="B68G7/06" definition-exists="true" ipc-concordant="B68G7/06" c-set-base-allowed="false" c-set-subsequent-allowed="true" date-revised="2013-01-01" status="published"><classification-symbol>B68G7/06</classification-symbol><class-title date-revised="2013-01-01"><title-part><text>Filling of cushions, mattresses, or the like</text></title-part></class-title></classification-item>
<classification-item breakdown-code="false" not-allocatable="false" level="8" additional-only="false" sort-key="B68G7/08" definition-exists="true" ipc-concordant="B68G7/08" c-set-base-allowed="false" c-set-subsequent-allowed="true" date-revised="2013-01-01" status="published"><classification-symbol>B68G7/08</classification-symbol><class-title date-revised="2013-01-01"><title-part><text>Quilting </text><reference><text>tools <class-ref scheme="cpc">B68G15/00</class-ref></text></reference></title-part><title-part><text>Elements therefor</text></title-part></class-title>
<classification-item breakdown-code="false" not-allocatable="false" level="9" additional-only="false" sort-key="B68G7/085" definition-exists="false" ipc-concordant="B68G7/08" c-set-base-allowed="false" c-set-subsequent-allowed="true" date-revised="2013-01-01" status="published"><classification-symbol>B68G7/085</classification-symbol><class-title date-revised="2013-01-01"><title-part><CPC-specific-text><text>Quilting needles</text></CPC-specific-text></title-part></class-title></classification-item></classification-item>
<classification-item breakdown-code="false" not-allocatable="false" level="8" additional-only="false" sort-key="B68G7/10" definition-exists="true" ipc-concordant="B68G7/10" c-set-base-allowed="false" c-set-subsequent-allowed="true" date-revised="2013-01-01" status="published"><classification-symbol>B68G7/10</classification-symbol><class-title date-revised="2013-01-01"><title-part><text>Finishing of edges</text></title-part></class-title>
<classification-item breakdown-code="false" not-allocatable="false" level="9" additional-only="false" sort-key="B68G7/105" definition-exists="true" ipc-concordant="B68G7/10" c-set-base-allowed="false" c-set-subsequent-allowed="true" date-revised="2013-01-01" status="published"><classification-symbol>B68G7/105</classification-symbol><class-title date-revised="2013-01-01"><title-part><CPC-specific-text><text>Edge welts</text></CPC-specific-text></title-part></class-title></classification-item></classification-item>
<classification-item breakdown-code="false" not-allocatable="false" level="8" additional-only="false" sort-key="B68G7/12" definition-exists="true" ipc-concordant="B68G7/12" c-set-base-allowed="false" c-set-subsequent-allowed="true" date-revised="2013-01-01" status="published"><classification-symbol>B68G7/12</classification-symbol><class-title date-revised="2013-01-01"><title-part><text>Other elements specially adapted for fastening, fixing, or finishing, in upholstery work</text></title-part></class-title></classification-item></classification-item>
<classification-item breakdown-code="false" not-allocatable="false" level="7" additional-only="false" sort-key="B68G9/00" definition-exists="true" ipc-concordant="B68G9/00" c-set-base-allowed="false" c-set-subsequent-allowed="true" date-revised="2013-01-01" status="published"><classification-symbol>B68G9/00</classification-symbol><class-title date-revised="2013-01-01"><title-part><text>Placing upholstery springs in pockets</text></title-part><title-part><text>Fitting springs in upholstery</text></title-part></class-title>
<classification-item breakdown-code="true" not-allocatable="false" level="8" additional-only="true" sort-key="B68G9/005" definition-exists="false" ipc-concordant="B68G9/00" c-set-base-allowed="false" c-set-subsequent-allowed="true" date-revised="2013-01-01" status="published"><classification-symbol>B68G2009/005</classification-symbol><class-title date-revised="2013-01-01"><title-part><CPC-specific-text><text>Devices for turning the springs 90&#176; inside the pockets</text></CPC-specific-text></title-part></class-title></classification-item></classification-item>
<classification-item breakdown-code="false" not-allocatable="false" level="7" additional-only="false" sort-key="B68G11/00" definition-exists="true" ipc-concordant="B68G11/00" c-set-base-allowed="false" c-set-subsequent-allowed="true" date-revised="2013-01-01" status="published"><classification-symbol>B68G11/00</classification-symbol><class-title date-revised="2013-01-01"><title-part><text>Finished upholstery not provided for in other classes </text><CPC-specific-text><reference><text>making upholstery from plastics <class-ref scheme="cpc">B29D99/0092</class-ref></text></reference></CPC-specific-text></title-part></class-title>
<classification-item breakdown-code="false" not-allocatable="false" level="8" additional-only="false" sort-key="B68G11/02" definition-exists="false" ipc-concordant="B68G11/02" c-set-base-allowed="false" c-set-subsequent-allowed="true" date-revised="2013-01-01" status="published"><classification-symbol>B68G11/02</classification-symbol><class-title date-revised="2013-01-01"><title-part><text>mainly composed of fibrous materials</text></title-part></class-title>
<classification-item breakdown-code="false" not-allocatable="false" level="9" additional-only="false" sort-key="B68G11/03" definition-exists="false" ipc-concordant="B68G11/03" c-set-base-allowed="false" c-set-subsequent-allowed="true" date-revised="2013-01-01" status="published"><classification-symbol>B68G11/03</classification-symbol><class-title date-revised="2013-01-01"><title-part><text>with stitched or bonded fibre webs</text></title-part></class-title></classification-item></classification-item>
<classification-item breakdown-code="false" not-allocatable="false" level="8" additional-only="false" sort-key="B68G11/04" definition-exists="false" ipc-concordant="B68G11/04" c-set-base-allowed="false" c-set-subsequent-allowed="true" date-revised="2013-01-01" status="published"><classification-symbol>B68G11/04</classification-symbol><class-title date-revised="2013-01-01"><title-part><text>mainly composed of resilient materials, e.g. of foam rubber</text></title-part></class-title>
<classification-item breakdown-code="false" not-allocatable="false" level="9" additional-only="false" sort-key="B68G11/06" definition-exists="false" ipc-concordant="B68G11/06" c-set-base-allowed="false" c-set-subsequent-allowed="true" date-revised="2013-01-01" status="published"><classification-symbol>B68G11/06</classification-symbol><class-title date-revised="2013-01-01"><title-part><text>with embedded springs, e.g. bonded</text></title-part></class-title></classification-item></classification-item></classification-item>
<classification-item breakdown-code="false" not-allocatable="false" level="7" additional-only="false" sort-key="B68G13/00" definition-exists="true" ipc-concordant="B68G13/00" c-set-base-allowed="false" c-set-subsequent-allowed="true" date-revised="2017-08-01" status="published"><classification-symbol>B68G13/00</classification-symbol><class-title date-revised="2017-08-01"><title-part><text>Upholstered panels </text><reference><CPC-specific-text><text>making upholstery from plastics <class-ref scheme="cpc">B29D99/0092</class-ref></text></CPC-specific-text><text>; specially adapted for sound-absorption <class-ref scheme="cpc">E04B</class-ref>, <class-ref scheme="cpc">G10K</class-ref>  </text><CPC-specific-text><text>, e.g. <class-ref scheme="cpc">G10K11/00</class-ref></text></CPC-specific-text></reference></title-part></class-title>
<classification-item breakdown-code="false" not-allocatable="false" level="8" additional-only="false" sort-key="B68G13/02" definition-exists="false" ipc-concordant="B68G13/02" c-set-base-allowed="false" c-set-subsequent-allowed="true" date-revised="2013-01-01" status="published"><classification-symbol>B68G13/02</classification-symbol><class-title date-revised="2013-01-01"><title-part><text>with indented pattern formed by stitching</text></title-part></class-title></classification-item>
<classification-item breakdown-code="false" not-allocatable="false" level="8" additional-only="false" sort-key="B68G13/04" definition-exists="false" ipc-concordant="B68G13/04" c-set-base-allowed="false" c-set-subsequent-allowed="true" date-revised="2013-01-01" status="published"><classification-symbol>B68G13/04</classification-symbol><class-title date-revised="2013-01-01"><title-part><text>with indented pattern formed by bonding</text></title-part></class-title></classification-item></classification-item>
<classification-item breakdown-code="false" not-allocatable="false" level="7" additional-only="false" sort-key="B68G15/00" definition-exists="true" ipc-concordant="B68G15/00" c-set-base-allowed="false" c-set-subsequent-allowed="true" date-revised="2013-01-01" status="published"><classification-symbol>B68G15/00</classification-symbol><class-title date-revised="2013-01-01"><title-part><text>Auxiliary devices and tools specially for upholstery</text></title-part></class-title>
<classification-item breakdown-code="false" not-allocatable="false" level="8" additional-only="false" sort-key="B68G15/005" definition-exists="true" ipc-concordant="B68G15/00" c-set-base-allowed="false" c-set-subsequent-allowed="true" date-revised="2013-01-01" status="published"><classification-symbol>B68G15/005</classification-symbol><class-title date-revised="2013-01-01"><title-part><CPC-specific-text><text>Worktables or workframes</text></CPC-specific-text></title-part></class-title></classification-item></classification-item>
<classification-item breakdown-code="false" not-allocatable="false" level="7" additional-only="false" sort-key="B68G99/00" definition-exists="false" ipc-concordant="B68G99/00" c-set-base-allowed="false" c-set-subsequent-allowed="true" date-revised="2022-08-01" status="published"><classification-symbol>B68G99/00</classification-symbol><class-title date-revised="2022-08-01"><title-part><text>Subject matter not provided for in other groups of this subclass</text></title-part></class-title></classification-item></classification-item></classification-item></class-scheme>