<?xml version="1.0" encoding="UTF-8"?>
<class-scheme publication-date="2024-08-01" scheme-type="cpc" publication-type="official">
<classification-item breakdown-code="false" not-allocatable="true" level="5" additional-only="false" sort-key="B07C" definition-exists="true" date-revised="2018-08-01" status="published"><classification-symbol>B07C</classification-symbol><class-title date-revised="2013-01-01"><title-part><text>POSTAL SORTING</text></title-part><title-part><text>SORTING INDIVIDUAL ARTICLES, OR BULK MATERIAL FIT TO BE SORTED PIECE-MEAL, e.g. BY PICKING </text><reference><text>specially adapted for a specific purpose covered by another class, <u>see</u> the relevant place, e.g. <class-ref scheme="cpc">A43D33/06</class-ref>, <class-ref scheme="cpc">B23Q7/12</class-ref></text></reference></title-part></class-title><notes-and-warnings date-revised="2013-01-01"><note type="note"><note-paragraph>This subclass <u>covers</u> sorting of materials or articles by hand or by devices actuated, manually or automatically, as a result of inspection or of detection or measurement of some feature of the material or articles </note-paragraph></note><note type="warning"><note-paragraph>In this subclass non-limiting references (in the sense of paragraph 39 of the Guide to the IPC) may still be displayed in the scheme.</note-paragraph></note></notes-and-warnings>
<classification-item breakdown-code="false" not-allocatable="true" level="6" additional-only="false" sort-key="B07C1/00" date-revised="2013-01-01" status="published"><classification-symbol>B07C1/00</classification-symbol><class-title date-revised="2013-01-01"><title-part><text>Postal sorting</text></title-part><title-part><text>Similar sorting of documents, e.g. cheques </text><reference><text>tube mail systems <class-ref scheme="cpc">B65G51/04</class-ref>; sorting information records, e.g. punched cards, <class-ref scheme="cpc">G06F7/10</class-ref></text></reference></title-part></class-title>
<classification-item breakdown-code="false" not-allocatable="false" level="7" additional-only="false" sort-key="B07C1/00" definition-exists="true" ipc-concordant="B07C1/00" c-set-base-allowed="false" c-set-subsequent-allowed="true" date-revised="2013-01-01" status="published"><classification-symbol>B07C1/00</classification-symbol><class-title date-revised="2013-01-01"><title-part><text>Measures preceding sorting according to destination</text></title-part></class-title>
<classification-item breakdown-code="false" not-allocatable="false" level="8" additional-only="false" sort-key="B07C1/02" definition-exists="false" ipc-concordant="B07C1/02" c-set-base-allowed="false" c-set-subsequent-allowed="true" date-revised="2013-01-01" status="published"><classification-symbol>B07C1/02</classification-symbol><class-title date-revised="2013-01-01"><title-part><text>Forming articles into a stream</text></title-part><title-part><text>Arranging articles in a stream, e.g. spacing, orientating </text><CPC-specific-text><reference><text>transport of sheets <class-ref scheme="cpc">B65H</class-ref></text></reference></CPC-specific-text></title-part></class-title>
<classification-item breakdown-code="false" not-allocatable="false" level="9" additional-only="false" sort-key="B07C1/025" definition-exists="false" ipc-concordant="B07C1/02" c-set-base-allowed="false" c-set-subsequent-allowed="true" date-revised="2013-01-01" status="published"><classification-symbol>B07C1/025</classification-symbol><class-title date-revised="2013-01-01"><title-part><CPC-specific-text><text>Devices for the temporary stacking of objects provided with a stacking and destacking device (interstack device)</text></CPC-specific-text></title-part></class-title></classification-item>
<classification-item breakdown-code="false" not-allocatable="false" level="9" additional-only="false" sort-key="B07C1/04" definition-exists="false" ipc-concordant="B07C1/04" c-set-base-allowed="false" c-set-subsequent-allowed="true" date-revised="2017-02-01" status="published"><classification-symbol>B07C1/04</classification-symbol><class-title date-revised="2017-02-01"><title-part><text>Forming a stream from a bulk</text></title-part><title-part><text>Controlling the stream, e.g. spacing the articles</text></title-part></class-title></classification-item>
<classification-item breakdown-code="false" not-allocatable="false" level="9" additional-only="false" sort-key="B07C1/06" definition-exists="false" ipc-concordant="B07C1/06" c-set-base-allowed="false" c-set-subsequent-allowed="true" date-revised="2023-08-01" status="published"><classification-symbol>B07C1/06</classification-symbol><class-title date-revised="2023-08-01"><title-part><text>Orientating</text></title-part><title-part><text>Aligning </text><CPC-specific-text><text>; Aligning to one edge</text></CPC-specific-text></title-part></class-title></classification-item></classification-item>
<classification-item breakdown-code="false" not-allocatable="false" level="8" additional-only="false" sort-key="B07C1/10" definition-exists="false" ipc-concordant="B07C1/10" c-set-base-allowed="false" c-set-subsequent-allowed="true" date-revised="2013-01-01" status="published"><classification-symbol>B07C1/10</classification-symbol><class-title date-revised="2013-01-01"><title-part><text>Sorting according to size or flexibility</text></title-part></class-title>
<classification-item breakdown-code="false" not-allocatable="false" level="9" additional-only="false" sort-key="B07C1/12" definition-exists="false" ipc-concordant="B07C1/12" c-set-base-allowed="false" c-set-subsequent-allowed="true" date-revised="2013-01-01" status="published"><classification-symbol>B07C1/12</classification-symbol><class-title date-revised="2013-01-01"><title-part><text>Separating letters from parcels</text></title-part></class-title></classification-item>
<classification-item breakdown-code="false" not-allocatable="false" level="9" additional-only="false" sort-key="B07C1/14" definition-exists="false" ipc-concordant="B07C1/14" c-set-base-allowed="false" c-set-subsequent-allowed="true" date-revised="2013-01-01" status="published"><classification-symbol>B07C1/14</classification-symbol><class-title date-revised="2013-01-01"><title-part><text>Sorting according to length or width</text></title-part></class-title></classification-item>
<classification-item breakdown-code="false" not-allocatable="false" level="9" additional-only="false" sort-key="B07C1/16" definition-exists="false" ipc-concordant="B07C1/16" c-set-base-allowed="false" c-set-subsequent-allowed="true" date-revised="2017-08-01" status="published"><classification-symbol>B07C1/16</classification-symbol><class-title date-revised="2017-08-01"><title-part><text>Sorting according to thickness or stiffness</text></title-part></class-title></classification-item></classification-item>
<classification-item breakdown-code="false" not-allocatable="false" level="8" additional-only="false" sort-key="B07C1/18" definition-exists="false" ipc-concordant="B07C1/18" c-set-base-allowed="false" c-set-subsequent-allowed="true" date-revised="2016-08-01" status="published"><classification-symbol>B07C1/18</classification-symbol><class-title date-revised="2016-08-01"><title-part><text>Orientating articles other than in a stream </text><CPC-specific-text><text>, e.g. turning, deflecting or changing direction</text></CPC-specific-text></title-part></class-title></classification-item>
<classification-item breakdown-code="false" not-allocatable="false" level="8" additional-only="false" sort-key="B07C1/20" definition-exists="false" ipc-concordant="B07C1/20" c-set-base-allowed="false" c-set-subsequent-allowed="true" date-revised="2013-01-01" status="published"><classification-symbol>B07C1/20</classification-symbol><class-title date-revised="2013-01-01"><title-part><text>Sorting according to orientation, e.g. according to position of stamp</text></title-part></class-title></classification-item></classification-item>
<classification-item breakdown-code="false" not-allocatable="false" level="7" additional-only="false" sort-key="B07C3/00" definition-exists="true" ipc-concordant="B07C3/00" c-set-base-allowed="false" c-set-subsequent-allowed="true" date-revised="2013-01-01" status="published"><classification-symbol>B07C3/00</classification-symbol><class-title date-revised="2013-01-01"><title-part><text>Sorting according to destination </text><CPC-specific-text><reference><text>collating the pages of a book <class-ref scheme="cpc">B42C1/00</class-ref></text></reference></CPC-specific-text></title-part></class-title>
<classification-item breakdown-code="false" not-allocatable="false" level="8" additional-only="false" sort-key="B07C3/001" definition-exists="false" ipc-concordant="B07C3/00" c-set-base-allowed="false" c-set-subsequent-allowed="true" date-revised="2013-01-01" status="published"><classification-symbol>B07C3/001</classification-symbol><class-title date-revised="2013-01-01"><title-part><CPC-specific-text><text>Code converters for keyboards in coding stations </text><reference><text>code converters in reading devices <class-ref scheme="cpc">B07C3/10</class-ref></text></reference></CPC-specific-text></title-part></class-title></classification-item>
<classification-item breakdown-code="false" not-allocatable="false" level="8" additional-only="false" sort-key="B07C3/003" definition-exists="false" ipc-concordant="B07C3/00" c-set-base-allowed="false" c-set-subsequent-allowed="true" date-revised="2013-01-01" status="published"><classification-symbol>B07C3/003</classification-symbol><class-title date-revised="2013-01-01"><title-part><CPC-specific-text><text>Destination control; Electro-mechanical or electro- magnetic delay memories</text></CPC-specific-text></title-part></class-title>
<classification-item breakdown-code="false" not-allocatable="false" level="9" additional-only="false" sort-key="B07C3/005" definition-exists="false" ipc-concordant="B07C3/00" c-set-base-allowed="false" c-set-subsequent-allowed="true" date-revised="2013-01-01" status="published"><classification-symbol>B07C3/005</classification-symbol><class-title date-revised="2013-01-01"><title-part><CPC-specific-text><text>the transport holders of objects being provided with means for storing the destination signals </text><reference><text>sorting devices for transport holders <class-ref scheme="cpc">B07C3/082</class-ref></text></reference></CPC-specific-text></title-part></class-title></classification-item>
<classification-item breakdown-code="false" not-allocatable="false" level="9" additional-only="false" sort-key="B07C3/006" definition-exists="false" ipc-concordant="B07C3/00" c-set-base-allowed="false" c-set-subsequent-allowed="true" date-revised="2013-01-01" status="published"><classification-symbol>B07C3/006</classification-symbol><class-title date-revised="2013-01-01"><title-part><CPC-specific-text><text>Electric or electronic control circuits, e.g. delay lines </text><reference><text>delay devices <u>per se</u> <class-ref scheme="cpc">H03H7/30</class-ref>, <class-ref scheme="cpc">H03H11/26</class-ref></text></reference></CPC-specific-text></title-part></class-title></classification-item></classification-item>
<classification-item breakdown-code="false" not-allocatable="false" level="8" additional-only="false" sort-key="B07C3/008" definition-exists="false" ipc-concordant="B07C3/00" c-set-base-allowed="false" c-set-subsequent-allowed="true" date-revised="2017-08-01" status="published"><classification-symbol>B07C3/008</classification-symbol><class-title date-revised="2017-08-01"><title-part><CPC-specific-text><text>Means for collecting objects, e.g. containers for sorted mail items </text><reference><text>pile receivers in general <class-ref scheme="cpc">B65H31/00</class-ref></text></reference></CPC-specific-text></title-part></class-title></classification-item>
<classification-item breakdown-code="false" not-allocatable="false" level="8" additional-only="false" sort-key="B07C3/02" definition-exists="false" ipc-concordant="B07C3/02" c-set-base-allowed="false" c-set-subsequent-allowed="true" date-revised="2013-01-01" status="published"><classification-symbol>B07C3/02</classification-symbol><class-title date-revised="2013-01-01"><title-part><text>Apparatus characterised by the means used for distribution</text></title-part></class-title>
<classification-item breakdown-code="false" not-allocatable="false" level="9" additional-only="false" sort-key="B07C3/04" definition-exists="false" ipc-concordant="B07C3/04" c-set-base-allowed="false" c-set-subsequent-allowed="true" date-revised="2013-01-01" status="published"><classification-symbol>B07C3/04</classification-symbol><class-title date-revised="2013-01-01"><title-part><text>Drum-type sorting machines </text><CPC-specific-text><text>or having circularly arranged sorting compartments</text></CPC-specific-text></title-part></class-title></classification-item>
<classification-item breakdown-code="false" not-allocatable="false" level="9" additional-only="false" sort-key="B07C3/06" definition-exists="false" ipc-concordant="B07C3/06" c-set-base-allowed="false" c-set-subsequent-allowed="true" date-revised="2013-01-01" status="published"><classification-symbol>B07C3/06</classification-symbol><class-title date-revised="2013-01-01"><title-part><text>Linear sorting machines in which articles are removed from a stream at selected points</text></title-part></class-title>
<classification-item breakdown-code="false" not-allocatable="false" level="10" additional-only="false" sort-key="B07C3/065" definition-exists="false" ipc-concordant="B07C3/06" c-set-base-allowed="false" c-set-subsequent-allowed="true" date-revised="2013-01-01" status="published"><classification-symbol>B07C3/065</classification-symbol><class-title date-revised="2013-01-01"><title-part><CPC-specific-text><text>construction of switches therefor</text></CPC-specific-text></title-part></class-title></classification-item></classification-item>
<classification-item breakdown-code="false" not-allocatable="false" level="9" additional-only="false" sort-key="B07C3/08" definition-exists="false" ipc-concordant="B07C3/08" c-set-base-allowed="false" c-set-subsequent-allowed="true" date-revised="2016-05-01" status="published"><classification-symbol>B07C3/08</classification-symbol><class-title date-revised="2016-05-01"><title-part><text>using arrangements of conveyors </text><CPC-specific-text><reference><text>transport of sheets <class-ref scheme="cpc">B65H</class-ref>; transport in general <class-ref scheme="cpc">B65G</class-ref></text></reference></CPC-specific-text></title-part></class-title>
<classification-item breakdown-code="false" not-allocatable="false" level="10" additional-only="false" sort-key="B07C3/082" definition-exists="false" ipc-concordant="B07C3/08" c-set-base-allowed="false" c-set-subsequent-allowed="true" date-revised="2013-01-01" status="published"><classification-symbol>B07C3/082</classification-symbol><class-title date-revised="2013-01-01"><title-part><CPC-specific-text><text>In which the objects are carried by transport holders and the transport holders form part of the conveyor belts </text><reference><text>conveyors with carriers <class-ref scheme="cpc">B65G47/00</class-ref></text></reference></CPC-specific-text></title-part></class-title>
<classification-item breakdown-code="false" not-allocatable="false" level="11" additional-only="false" sort-key="B07C3/085" definition-exists="false" ipc-concordant="B07C3/08" c-set-base-allowed="false" c-set-subsequent-allowed="true" date-revised="2013-01-01" status="published"><classification-symbol>B07C3/085</classification-symbol><class-title date-revised="2013-01-01"><title-part><CPC-specific-text><text>making use of transport holders in the form of clamps or grips </text><reference><text>cable post <class-ref scheme="cpc">B65G</class-ref></text></reference></CPC-specific-text></title-part></class-title></classification-item>
<classification-item breakdown-code="false" not-allocatable="false" level="11" additional-only="false" sort-key="B07C3/087" definition-exists="false" ipc-concordant="B07C3/08" c-set-base-allowed="false" c-set-subsequent-allowed="true" date-revised="2013-01-01" status="published"><classification-symbol>B07C3/087</classification-symbol><class-title date-revised="2013-01-01"><title-part><CPC-specific-text><text>the objects being taken up in transport files or holders which are not part of the conveyor belts </text><reference><text>cable post <class-ref scheme="cpc">B65G</class-ref></text></reference></CPC-specific-text></title-part></class-title></classification-item></classification-item></classification-item></classification-item>
<classification-item breakdown-code="false" not-allocatable="false" level="8" additional-only="false" sort-key="B07C3/10" definition-exists="false" ipc-concordant="B07C3/10" c-set-base-allowed="false" c-set-subsequent-allowed="true" date-revised="2023-01-01" status="published"><classification-symbol>B07C3/10</classification-symbol><class-title date-revised="2023-01-01"><title-part><text>Apparatus characterised by the means used for detection ofthe destination </text><reference><text>methods or arrangements for reading and recognising printed or written characters or geometric figures <class-ref scheme="cpc">G06V30/00</class-ref></text></reference></title-part></class-title>
<classification-item breakdown-code="false" not-allocatable="false" level="9" additional-only="false" sort-key="B07C3/12" definition-exists="false" ipc-concordant="B07C3/12" c-set-base-allowed="false" c-set-subsequent-allowed="true" date-revised="2013-01-01" status="published"><classification-symbol>B07C3/12</classification-symbol><class-title date-revised="2013-01-01"><title-part><text>using electric or electronic detecting means </text><reference><text><class-ref scheme="cpc">B07C3/14</class-ref> takes precedence</text></reference></title-part></class-title></classification-item>
<classification-item breakdown-code="false" not-allocatable="false" level="9" additional-only="false" sort-key="B07C3/14" definition-exists="false" ipc-concordant="B07C3/14" c-set-base-allowed="false" c-set-subsequent-allowed="true" date-revised="2013-01-01" status="published"><classification-symbol>B07C3/14</classification-symbol><class-title date-revised="2013-01-01"><title-part><text>using light-responsive detecting means </text><CPC-specific-text><reference><text>for information carriers <class-ref scheme="cpc">G06K7/14</class-ref></text></reference></CPC-specific-text></title-part></class-title></classification-item>
<classification-item breakdown-code="false" not-allocatable="false" level="9" additional-only="false" sort-key="B07C3/16" definition-exists="false" ipc-concordant="B07C3/16" c-set-base-allowed="false" c-set-subsequent-allowed="true" date-revised="2013-01-01" status="published"><classification-symbol>B07C3/16</classification-symbol><class-title date-revised="2013-01-01"><title-part><text>using magnetic detecting means </text><CPC-specific-text><reference><text>for information carriers <class-ref scheme="cpc">G06K7/08</class-ref></text></reference></CPC-specific-text></title-part></class-title></classification-item></classification-item>
<classification-item breakdown-code="false" not-allocatable="false" level="8" additional-only="false" sort-key="B07C3/18" definition-exists="false" ipc-concordant="B07C3/18" c-set-base-allowed="false" c-set-subsequent-allowed="true" date-revised="2013-01-01" status="published"><classification-symbol>B07C3/18</classification-symbol><class-title date-revised="2013-01-01"><title-part><text>Devices or arrangements for indicating destination, e.g. by code marks </text><CPC-specific-text><reference><text>applying data to information carriers <class-ref scheme="cpc">G06K1/12</class-ref></text></reference></CPC-specific-text></title-part></class-title></classification-item>
<classification-item breakdown-code="false" not-allocatable="false" level="8" additional-only="false" sort-key="B07C3/20" definition-exists="false" ipc-concordant="B07C3/20" c-set-base-allowed="false" c-set-subsequent-allowed="true" date-revised="2013-01-01" status="published"><classification-symbol>B07C3/20</classification-symbol><class-title date-revised="2013-01-01"><title-part><text>Arrangements for facilitating the visual reading of addresses, e.g. display arrangements </text><CPC-specific-text><text>coding stations</text></CPC-specific-text></title-part></class-title></classification-item></classification-item>
<classification-item breakdown-code="false" not-allocatable="false" level="7" additional-only="false" sort-key="B07C5/00" definition-exists="true" ipc-concordant="B07C5/00" c-set-base-allowed="false" c-set-subsequent-allowed="true" date-revised="2017-08-01" status="published"><classification-symbol>B07C5/00</classification-symbol><class-title date-revised="2017-08-01"><title-part><text>Sorting according to a characteristic or feature of the articles or material being sorted, e.g. by control effected by devices which detect or measure such characteristic or feature</text></title-part><title-part><text>Sorting by manually actuated devices, e.g. switches </text><reference><text>sorting by hand only <class-ref scheme="cpc">B07C7/00</class-ref>; separating solids from solids by sieving, screening, or sifting or by using gas currents or other separating by dry methods applicable to bulk material <class-ref scheme="cpc">B07B</class-ref></text></reference></title-part></class-title>
<classification-item breakdown-code="false" not-allocatable="false" level="8" additional-only="false" sort-key="B07C5/02" definition-exists="false" ipc-concordant="B07C5/02" c-set-base-allowed="false" c-set-subsequent-allowed="true" date-revised="2013-01-01" status="published"><classification-symbol>B07C5/02</classification-symbol><class-title date-revised="2013-01-01"><title-part><text>Measures preceding sorting, e.g. arranging articles in a stream orientating </text><CPC-specific-text><reference><text>sorting and transport of caps <class-ref scheme="cpc">B67B3/06</class-ref></text></reference></CPC-specific-text></title-part></class-title></classification-item>
<classification-item breakdown-code="false" not-allocatable="false" level="8" additional-only="false" sort-key="B07C5/04" definition-exists="false" ipc-concordant="B07C5/04" c-set-base-allowed="false" c-set-subsequent-allowed="true" date-revised="2013-01-01" status="published"><classification-symbol>B07C5/04</classification-symbol><class-title date-revised="2013-01-01"><title-part><text>Sorting according to size </text><CPC-specific-text><reference><text>sorting devices as a component of the automatic supply and removal of workpieces <class-ref scheme="cpc">B23Q7/12</class-ref></text></reference></CPC-specific-text></title-part></class-title>
<classification-item breakdown-code="false" not-allocatable="false" level="9" additional-only="false" sort-key="B07C5/06" definition-exists="false" ipc-concordant="B07C5/06" c-set-base-allowed="false" c-set-subsequent-allowed="true" date-revised="2013-01-01" status="published"><classification-symbol>B07C5/06</classification-symbol><class-title date-revised="2013-01-01"><title-part><text>measured mechanically </text><CPC-specific-text><reference><text>sorting of cartridges <class-ref scheme="cpc">F42B35/02</class-ref></text></reference></CPC-specific-text></title-part></class-title>
<classification-item breakdown-code="false" not-allocatable="false" level="10" additional-only="false" sort-key="B07C5/065" definition-exists="false" ipc-concordant="B07C5/06" c-set-base-allowed="false" c-set-subsequent-allowed="true" date-revised="2017-01-01" status="published"><classification-symbol>B07C5/065</classification-symbol><class-title date-revised="2017-01-01"><title-part><CPC-specific-text><text>with multiple measuring appliances adjusted according to different standards, for example length or thickness, which detect the shape of an object so that if it conforms to the standard set by the measuring appliance, it is removed from the conveyor, e.g. by means of a number of differently calibrated openings</text></CPC-specific-text></title-part></class-title></classification-item>
<classification-item breakdown-code="false" not-allocatable="false" level="10" additional-only="false" sort-key="B07C5/07" definition-exists="false" ipc-concordant="B07C5/07" c-set-base-allowed="false" c-set-subsequent-allowed="true" date-revised="2013-01-01" status="published"><classification-symbol>B07C5/07</classification-symbol><class-title date-revised="2013-01-01"><title-part><text>by calipering using relatively moving article-engaging means, e.g. clamps</text></title-part></class-title></classification-item></classification-item>
<classification-item breakdown-code="false" not-allocatable="false" level="9" additional-only="false" sort-key="B07C5/08" definition-exists="false" ipc-concordant="B07C5/08" c-set-base-allowed="false" c-set-subsequent-allowed="true" date-revised="2020-05-01" status="published"><classification-symbol>B07C5/08</classification-symbol><class-title date-revised="2020-05-01"><title-part><text>measured electrically or electronically </text><reference><text><class-ref scheme="cpc">B07C5/10</class-ref> takes precedence </text><CPC-specific-text><text>; sorting according to electric or electromagnetic properties <class-ref scheme="cpc">B07C5/344</class-ref>; measuring size in general using electric or magnetic means <class-ref scheme="cpc">G01B7/00</class-ref>; testing coins <class-ref scheme="cpc">G07D5/00</class-ref></text></CPC-specific-text></reference></title-part></class-title>
<classification-item breakdown-code="false" not-allocatable="false" level="10" additional-only="false" sort-key="B07C5/083" definition-exists="false" ipc-concordant="B07C5/08" c-set-base-allowed="false" c-set-subsequent-allowed="true" date-revised="2013-01-01" status="published"><classification-symbol>B07C5/083</classification-symbol><class-title date-revised="2013-01-01"><title-part><CPC-specific-text><text>Mechanically moved sensing devices, the movement of which influences the electric contact members</text></CPC-specific-text></title-part></class-title></classification-item>
<classification-item breakdown-code="false" not-allocatable="false" level="10" additional-only="false" sort-key="B07C5/086" definition-exists="false" ipc-concordant="B07C5/08" c-set-base-allowed="false" c-set-subsequent-allowed="true" date-revised="2013-01-01" status="published"><classification-symbol>B07C5/086</classification-symbol><class-title date-revised="2013-01-01"><title-part><CPC-specific-text><text>Magnetic sensing devices</text></CPC-specific-text></title-part></class-title></classification-item></classification-item>
<classification-item breakdown-code="false" not-allocatable="false" level="9" additional-only="false" sort-key="B07C5/10" definition-exists="false" ipc-concordant="B07C5/10" c-set-base-allowed="false" c-set-subsequent-allowed="true" date-revised="2013-01-01" status="published"><classification-symbol>B07C5/10</classification-symbol><class-title date-revised="2013-01-01"><title-part><text>measured by light-responsive means </text><CPC-specific-text><reference><text>sorting according to colour <class-ref scheme="cpc">B07C5/342</class-ref></text></reference></CPC-specific-text></title-part></class-title></classification-item>
<classification-item breakdown-code="false" not-allocatable="false" level="9" additional-only="false" sort-key="B07C5/12" definition-exists="false" ipc-concordant="B07C5/12" c-set-base-allowed="false" c-set-subsequent-allowed="true" date-revised="2022-08-01" status="published"><classification-symbol>B07C5/12</classification-symbol><class-title date-revised="2022-08-01"><title-part><text>characterised by the application to particular articles, not otherwise provided for </text><reference><CPC-specific-text><text><class-ref scheme="cpc">B07C99/00</class-ref> takes precedence</text></CPC-specific-text><text>; sorting eggs <class-ref scheme="cpc">A01K43/00</class-ref> </text><CPC-specific-text><text>; measuring and sorting devices for shoe components <class-ref scheme="cpc">A43D119/00</class-ref>; sorting cartridges <class-ref scheme="cpc">F42B35/02</class-ref></text></CPC-specific-text></reference></title-part></class-title>
<classification-item breakdown-code="false" not-allocatable="false" level="10" additional-only="false" sort-key="B07C5/122" definition-exists="false" ipc-concordant="B07C5/12" c-set-base-allowed="false" c-set-subsequent-allowed="true" date-revised="2013-01-01" status="published"><classification-symbol>B07C5/122</classification-symbol><class-title date-revised="2013-01-01"><title-part><CPC-specific-text><text>for bottles, ampoules, jars and other glassware </text><reference><text>sorting and transport of caps <class-ref scheme="cpc">B67B3/06</class-ref></text></reference></CPC-specific-text></title-part></class-title>
<classification-item breakdown-code="false" not-allocatable="false" level="11" additional-only="false" sort-key="B07C5/124" definition-exists="false" ipc-concordant="B07C5/12" c-set-base-allowed="false" c-set-subsequent-allowed="true" date-revised="2013-01-01" status="published"><classification-symbol>B07C5/124</classification-symbol><class-title date-revised="2013-01-01"><title-part><CPC-specific-text><text>by means of mechanical measuring devices which may also control electrical contacts</text></CPC-specific-text></title-part></class-title></classification-item>
<classification-item breakdown-code="false" not-allocatable="false" level="11" additional-only="false" sort-key="B07C5/126" definition-exists="false" ipc-concordant="B07C5/12" c-set-base-allowed="false" c-set-subsequent-allowed="true" date-revised="2013-01-01" status="published"><classification-symbol>B07C5/126</classification-symbol><class-title date-revised="2013-01-01"><title-part><CPC-specific-text><text>by means of photo-electric sensors, e.g. according to colour </text><reference><text>sorting according to optical properties <class-ref scheme="cpc">B07C5/342</class-ref>; material testing with the aid of optical means <class-ref scheme="cpc">G01N21/00</class-ref></text></reference></CPC-specific-text></title-part></class-title></classification-item>
<classification-item breakdown-code="false" not-allocatable="false" level="11" additional-only="false" sort-key="B07C5/128" definition-exists="false" ipc-concordant="B07C5/12" c-set-base-allowed="false" c-set-subsequent-allowed="true" date-revised="2013-01-01" status="published"><classification-symbol>B07C5/128</classification-symbol><class-title date-revised="2013-01-01"><title-part><CPC-specific-text><text>by means of electric, for example electronic measurement</text></CPC-specific-text></title-part></class-title></classification-item></classification-item>
<classification-item breakdown-code="false" not-allocatable="false" level="10" additional-only="false" sort-key="B07C5/14" definition-exists="false" ipc-concordant="B07C5/14" c-set-base-allowed="false" c-set-subsequent-allowed="true" date-revised="2016-08-01" status="published"><classification-symbol>B07C5/14</classification-symbol><class-title date-revised="2016-08-01"><title-part><text>Sorting timber or logs </text><CPC-specific-text><text>, e.g. tree trunks, beams, planks or the like</text></CPC-specific-text></title-part></class-title></classification-item></classification-item></classification-item>
<classification-item breakdown-code="false" not-allocatable="false" level="8" additional-only="false" sort-key="B07C5/16" definition-exists="false" ipc-concordant="B07C5/16" c-set-base-allowed="false" c-set-subsequent-allowed="true" date-revised="2013-01-01" status="published"><classification-symbol>B07C5/16</classification-symbol><class-title date-revised="2013-01-01"><title-part><text>Sorting according to weight </text><reference><text>sorting eggs <class-ref scheme="cpc">A01K43/00</class-ref>; weighing apparatus <u>per se</u> <class-ref scheme="cpc">G01G</class-ref></text></reference></title-part></class-title>
<classification-item breakdown-code="false" not-allocatable="false" level="9" additional-only="false" sort-key="B07C5/165" definition-exists="false" ipc-concordant="B07C5/16" c-set-base-allowed="false" c-set-subsequent-allowed="true" date-revised="2013-01-01" status="published"><classification-symbol>B07C5/165</classification-symbol><class-title date-revised="2013-01-01"><title-part><CPC-specific-text><text>of letters</text></CPC-specific-text></title-part></class-title></classification-item>
<classification-item breakdown-code="false" not-allocatable="false" level="9" additional-only="false" sort-key="B07C5/18" definition-exists="false" ipc-concordant="B07C5/18" c-set-base-allowed="false" c-set-subsequent-allowed="true" date-revised="2013-01-01" status="published"><classification-symbol>B07C5/18</classification-symbol><class-title date-revised="2013-01-01"><title-part><text>using a single stationary weighing mechanism</text></title-part></class-title>
<classification-item breakdown-code="false" not-allocatable="false" level="10" additional-only="false" sort-key="B07C5/20" definition-exists="false" ipc-concordant="B07C5/20" c-set-base-allowed="false" c-set-subsequent-allowed="true" date-revised="2017-01-01" status="published"><classification-symbol>B07C5/20</classification-symbol><class-title date-revised="2017-01-01"><title-part><text>for separating articles of less than a predetermined weight from those of more than that weight</text></title-part></class-title></classification-item></classification-item>
<classification-item breakdown-code="false" not-allocatable="false" level="9" additional-only="false" sort-key="B07C5/22" definition-exists="false" ipc-concordant="B07C5/22" c-set-base-allowed="false" c-set-subsequent-allowed="true" date-revised="2013-01-01" status="published"><classification-symbol>B07C5/22</classification-symbol><class-title date-revised="2013-01-01"><title-part><text>using a plurality of stationary weighing mechanisms</text></title-part></class-title></classification-item>
<classification-item breakdown-code="false" not-allocatable="false" level="9" additional-only="false" sort-key="B07C5/24" definition-exists="false" ipc-concordant="B07C5/24" c-set-base-allowed="false" c-set-subsequent-allowed="true" date-revised="2013-01-01" status="published"><classification-symbol>B07C5/24</classification-symbol><class-title date-revised="2013-01-01"><title-part><text>using moving weighing mechanisms, e.g. moving along a circular path</text></title-part></class-title>
<classification-item breakdown-code="false" not-allocatable="false" level="10" additional-only="false" sort-key="B07C5/26" definition-exists="false" ipc-concordant="B07C5/26" c-set-base-allowed="false" c-set-subsequent-allowed="true" date-revised="2013-01-01" status="published"><classification-symbol>B07C5/26</classification-symbol><class-title date-revised="2013-01-01"><title-part><text>wherein the counterbalancing effect of the weighing mechanisms is varied during such movement</text></title-part></class-title></classification-item></classification-item>
<classification-item breakdown-code="false" not-allocatable="false" level="9" additional-only="false" sort-key="B07C5/28" definition-exists="false" ipc-concordant="B07C5/28" c-set-base-allowed="false" c-set-subsequent-allowed="true" date-revised="2013-01-01" status="published"><classification-symbol>B07C5/28</classification-symbol><class-title date-revised="2013-01-01"><title-part><text>using electrical control means</text></title-part></class-title></classification-item>
<classification-item breakdown-code="false" not-allocatable="false" level="9" additional-only="false" sort-key="B07C5/30" definition-exists="false" ipc-concordant="B07C5/30" c-set-base-allowed="false" c-set-subsequent-allowed="true" date-revised="2013-01-01" status="published"><classification-symbol>B07C5/30</classification-symbol><class-title date-revised="2013-01-01"><title-part><text>with associated counting means</text></title-part></class-title></classification-item>
<classification-item breakdown-code="false" not-allocatable="false" level="9" additional-only="false" sort-key="B07C5/32" definition-exists="false" ipc-concordant="B07C5/32" c-set-base-allowed="false" c-set-subsequent-allowed="true" date-revised="2013-01-01" status="published"><classification-symbol>B07C5/32</classification-symbol><class-title date-revised="2013-01-01"><title-part><text>with associated check-weighing means </text><CPC-specific-text><reference><text>check-weighing <u>per se</u> <class-ref scheme="cpc">G01G15/00</class-ref></text></reference></CPC-specific-text></title-part></class-title></classification-item></classification-item>
<classification-item breakdown-code="false" not-allocatable="false" level="8" additional-only="false" sort-key="B07C5/34" definition-exists="false" ipc-concordant="B07C5/34" c-set-base-allowed="false" c-set-subsequent-allowed="true" date-revised="2013-01-01" status="published"><classification-symbol>B07C5/34</classification-symbol><class-title date-revised="2013-01-01"><title-part><text>Sorting according to other particular properties </text><CPC-specific-text><reference><text>material testing <u>per se</u> <class-ref scheme="cpc">G01N</class-ref>; quality control <class-ref scheme="cpc">G07C3/14</class-ref></text></reference></CPC-specific-text></title-part></class-title>
<classification-item breakdown-code="false" not-allocatable="false" level="9" additional-only="false" sort-key="B07C5/3404" definition-exists="false" ipc-concordant="B07C5/34" c-set-base-allowed="false" c-set-subsequent-allowed="true" date-revised="2013-01-01" status="published"><classification-symbol>B07C5/3404</classification-symbol><class-title date-revised="2013-01-01"><title-part><CPC-specific-text><text>according to properties of containers or receptacles, e.g. rigidity, leaks, fill-level </text><reference><text>control devices for cigarette or cigar packaging <class-ref scheme="cpc">B65B19/28</class-ref>; investigation of fluid-tightness of structures <class-ref scheme="cpc">G01M3/00</class-ref></text></reference></CPC-specific-text></title-part></class-title>
<classification-item breakdown-code="false" not-allocatable="false" level="10" additional-only="false" sort-key="B07C5/3408" definition-exists="false" ipc-concordant="B07C5/34" c-set-base-allowed="false" c-set-subsequent-allowed="true" date-revised="2013-01-01" status="published"><classification-symbol>B07C5/3408</classification-symbol><class-title date-revised="2013-01-01"><title-part><CPC-specific-text><text>for bottles, jars or other glassware </text><reference><text>according to size <class-ref scheme="cpc">B07C5/122</class-ref></text></reference></CPC-specific-text></title-part></class-title></classification-item></classification-item>
<classification-item breakdown-code="false" not-allocatable="false" level="9" additional-only="false" sort-key="B07C5/3412" definition-exists="false" ipc-concordant="B07C5/34" c-set-base-allowed="false" c-set-subsequent-allowed="true" date-revised="2016-11-01" status="published"><classification-symbol>B07C5/3412</classification-symbol><class-title date-revised="2016-11-01"><title-part><CPC-specific-text><text>according to a code applied to the object which indicates a property of the object, e.g. quality class, contents or incorrect indication </text><reference><text>sorting according to size measured by light-responsive means <class-ref scheme="cpc">B07C5/10</class-ref>; sorting according to optical properties <class-ref scheme="cpc">B07C5/342</class-ref>; for packages <class-ref scheme="cpc">B65D79/02</class-ref>; for information carriers <class-ref scheme="cpc">G06K7/00</class-ref></text></reference></CPC-specific-text></title-part></class-title></classification-item>
<classification-item breakdown-code="false" not-allocatable="false" level="9" additional-only="false" sort-key="B07C5/3416" definition-exists="false" ipc-concordant="B07C5/34" c-set-base-allowed="false" c-set-subsequent-allowed="true" date-revised="2013-01-01" status="published"><classification-symbol>B07C5/3416</classification-symbol><class-title date-revised="2013-01-01"><title-part><CPC-specific-text><text>according to radiation transmissivity, e.g. for light, x-rays, particle radiation </text><reference><text>detecting hidden objects <class-ref scheme="cpc">G01V</class-ref></text></reference></CPC-specific-text></title-part></class-title></classification-item>
<classification-item breakdown-code="false" not-allocatable="false" level="9" additional-only="false" sort-key="B07C5/342" definition-exists="false" ipc-concordant="B07C5/342" c-set-base-allowed="false" c-set-subsequent-allowed="true" date-revised="2013-01-01" status="published"><classification-symbol>B07C5/342</classification-symbol><class-title date-revised="2013-01-01"><title-part><text>according to optical properties, e.g. colour </text><CPC-specific-text><reference><text>according to radiation transmittivity <class-ref scheme="cpc">B07C5/3416</class-ref></text></reference></CPC-specific-text></title-part></class-title>
<classification-item breakdown-code="false" not-allocatable="false" level="10" additional-only="false" sort-key="B07C5/3422" definition-exists="false" ipc-concordant="B07C5/342" c-set-base-allowed="false" c-set-subsequent-allowed="true" date-revised="2013-01-01" status="published"><classification-symbol>B07C5/3422</classification-symbol><class-title date-revised="2013-01-01"><title-part><CPC-specific-text><text>using video scanning devices, e.g. TV-cameras</text></CPC-specific-text></title-part></class-title></classification-item>
<classification-item breakdown-code="false" not-allocatable="false" level="10" additional-only="false" sort-key="B07C5/3425" definition-exists="false" ipc-concordant="B07C5/342" c-set-base-allowed="false" c-set-subsequent-allowed="true" date-revised="2013-01-01" status="published"><classification-symbol>B07C5/3425</classification-symbol><class-title date-revised="2013-01-01"><title-part><CPC-specific-text><text>of granular material, e.g. ore particles, grain </text><reference><text>investigation moving fluids or granular solids using optical means <class-ref scheme="cpc">G01N21/85</class-ref></text></reference></CPC-specific-text></title-part></class-title>
<classification-item breakdown-code="false" not-allocatable="false" level="11" additional-only="false" sort-key="B07C5/3427" definition-exists="false" ipc-concordant="B07C5/342" c-set-base-allowed="false" c-set-subsequent-allowed="true" date-revised="2013-01-01" status="published"><classification-symbol>B07C5/3427</classification-symbol><class-title date-revised="2013-01-01"><title-part><CPC-specific-text><text>by changing or intensifying the optical properties prior to scanning, e.g. by inducing fluorescence under UV or x-radiation, subjecting the material to a chemical reaction</text></CPC-specific-text></title-part></class-title></classification-item></classification-item></classification-item>
<classification-item breakdown-code="false" not-allocatable="false" level="9" additional-only="false" sort-key="B07C5/344" definition-exists="false" ipc-concordant="B07C5/344" c-set-base-allowed="false" c-set-subsequent-allowed="true" date-revised="2020-05-01" status="published"><classification-symbol>B07C5/344</classification-symbol><class-title date-revised="2020-05-01"><title-part><text>according to electric or electromagnetic properties </text><CPC-specific-text><reference><text>sorting according to size measured electrically or electronically <class-ref scheme="cpc">B07C5/08</class-ref>; material testing by magnetic means <class-ref scheme="cpc">G01N24/00</class-ref>, <class-ref scheme="cpc">G01N27/00</class-ref>, by electrical means <class-ref scheme="cpc">G01N27/00</class-ref>; electrical measuring devices in general <class-ref scheme="cpc">G01R</class-ref>; coin testing <class-ref scheme="cpc">G07D5/00</class-ref></text></reference></CPC-specific-text></title-part></class-title></classification-item>
<classification-item breakdown-code="false" not-allocatable="false" level="9" additional-only="false" sort-key="B07C5/346" definition-exists="false" ipc-concordant="B07C5/346" c-set-base-allowed="false" c-set-subsequent-allowed="true" date-revised="2013-01-01" status="published"><classification-symbol>B07C5/346</classification-symbol><class-title date-revised="2013-01-01"><title-part><text>according to radioactive properties </text><CPC-specific-text><reference><text>material testing <class-ref scheme="cpc">G01N23/00</class-ref>; radiation measurement <class-ref scheme="cpc">G01T</class-ref></text></reference></CPC-specific-text></title-part></class-title></classification-item></classification-item>
<classification-item breakdown-code="false" not-allocatable="false" level="8" additional-only="false" sort-key="B07C5/36" definition-exists="false" ipc-concordant="B07C5/36" c-set-base-allowed="false" c-set-subsequent-allowed="true" date-revised="2013-01-01" status="published"><classification-symbol>B07C5/36</classification-symbol><class-title date-revised="2013-01-01"><title-part><text>Sorting apparatus characterised by the means used for distribution </text><CPC-specific-text><reference><text>sorting according to destination <class-ref scheme="cpc">B07C3/003</class-ref>, <class-ref scheme="cpc">B07C3/02</class-ref></text></reference></CPC-specific-text></title-part></class-title>
<classification-item breakdown-code="false" not-allocatable="false" level="9" additional-only="false" sort-key="B07C5/361" definition-exists="false" ipc-concordant="B07C5/36" c-set-base-allowed="false" c-set-subsequent-allowed="true" date-revised="2013-01-01" status="published"><classification-symbol>B07C5/361</classification-symbol><class-title date-revised="2013-01-01"><title-part><CPC-specific-text><text>Processing or control devices therefor, e.g. escort memory</text></CPC-specific-text></title-part></class-title>
<classification-item breakdown-code="false" not-allocatable="false" level="10" additional-only="false" sort-key="B07C5/362" definition-exists="false" ipc-concordant="B07C5/36" c-set-base-allowed="false" c-set-subsequent-allowed="true" date-revised="2013-01-01" status="published"><classification-symbol>B07C5/362</classification-symbol><class-title date-revised="2013-01-01"><title-part><CPC-specific-text><text>Separating or distributor mechanisms </text><reference><text>switches for postal sorting <class-ref scheme="cpc">B07C3/065</class-ref>; particular discharging devices for <class-ref scheme="cpc">B65G47/74</class-ref></text></reference></CPC-specific-text></title-part></class-title></classification-item></classification-item>
<classification-item breakdown-code="false" not-allocatable="false" level="9" additional-only="false" sort-key="B07C5/363" definition-exists="false" ipc-concordant="B07C5/36" c-set-base-allowed="false" c-set-subsequent-allowed="true" date-revised="2013-01-01" status="published"><classification-symbol>B07C5/363</classification-symbol><class-title date-revised="2013-01-01"><title-part><CPC-specific-text><text>by means of air</text></CPC-specific-text></title-part></class-title>
<classification-item breakdown-code="false" not-allocatable="false" level="10" additional-only="false" sort-key="B07C5/365" definition-exists="false" ipc-concordant="B07C5/36" c-set-base-allowed="false" c-set-subsequent-allowed="true" date-revised="2013-01-01" status="published"><classification-symbol>B07C5/365</classification-symbol><class-title date-revised="2013-01-01"><title-part><CPC-specific-text><text>using a single separation means</text></CPC-specific-text></title-part></class-title>
<classification-item breakdown-code="false" not-allocatable="false" level="11" additional-only="false" sort-key="B07C5/366" definition-exists="false" ipc-concordant="B07C5/36" c-set-base-allowed="false" c-set-subsequent-allowed="true" date-revised="2013-01-01" status="published"><classification-symbol>B07C5/366</classification-symbol><class-title date-revised="2013-01-01"><title-part><CPC-specific-text><text>during free fall of the articles</text></CPC-specific-text></title-part></class-title></classification-item></classification-item>
<classification-item breakdown-code="false" not-allocatable="false" level="10" additional-only="false" sort-key="B07C5/367" definition-exists="false" ipc-concordant="B07C5/36" c-set-base-allowed="false" c-set-subsequent-allowed="true" date-revised="2013-01-01" status="published"><classification-symbol>B07C5/367</classification-symbol><class-title date-revised="2013-01-01"><title-part><CPC-specific-text><text>using a plurality of separation means</text></CPC-specific-text></title-part></class-title>
<classification-item breakdown-code="false" not-allocatable="false" level="11" additional-only="false" sort-key="B07C5/368" definition-exists="false" ipc-concordant="B07C5/36" c-set-base-allowed="false" c-set-subsequent-allowed="true" date-revised="2013-01-01" status="published"><classification-symbol>B07C5/368</classification-symbol><class-title date-revised="2013-01-01"><title-part><CPC-specific-text><text>actuated independently</text></CPC-specific-text></title-part></class-title></classification-item></classification-item></classification-item>
<classification-item breakdown-code="false" not-allocatable="false" level="9" additional-only="false" sort-key="B07C5/38" definition-exists="false" ipc-concordant="B07C5/38" c-set-base-allowed="false" c-set-subsequent-allowed="true" date-revised="2013-01-01" status="published"><classification-symbol>B07C5/38</classification-symbol><class-title date-revised="2013-01-01"><title-part><text>Collecting or arranging articles in groups</text></title-part></class-title></classification-item></classification-item></classification-item>
<classification-item breakdown-code="false" not-allocatable="false" level="7" additional-only="false" sort-key="B07C7/00" definition-exists="true" ipc-concordant="B07C7/00" c-set-base-allowed="false" c-set-subsequent-allowed="true" date-revised="2017-01-01" status="published"><classification-symbol>B07C7/00</classification-symbol><class-title date-revised="2017-01-01"><title-part><text>Sorting by hand only </text><CPC-specific-text><text>e.g. of mail</text></CPC-specific-text></title-part></class-title>
<classification-item breakdown-code="false" not-allocatable="false" level="8" additional-only="false" sort-key="B07C7/005" definition-exists="false" ipc-concordant="B07C7/00" c-set-base-allowed="false" c-set-subsequent-allowed="true" date-revised="2013-01-01" status="published"><classification-symbol>B07C7/005</classification-symbol><class-title date-revised="2013-01-01"><title-part><CPC-specific-text><text>Computer assisted manual sorting, e.g. for mail</text></CPC-specific-text></title-part></class-title></classification-item>
<classification-item breakdown-code="false" not-allocatable="false" level="8" additional-only="false" sort-key="B07C7/02" definition-exists="false" ipc-concordant="B07C7/02" c-set-base-allowed="false" c-set-subsequent-allowed="true" date-revised="2013-01-01" status="published"><classification-symbol>B07C7/02</classification-symbol><class-title date-revised="2013-01-01"><title-part><text>Compartmented furniture, e.g. pigeon-holes </text><reference><CPC-specific-text><text><class-ref scheme="cpc">B07C7/005</class-ref> takes precedence; furniture <u>per se</u> <class-ref scheme="cpc">A47B</class-ref></text></CPC-specific-text><text>; storage racks <class-ref scheme="cpc">B65G</class-ref></text></reference></title-part></class-title></classification-item>
<classification-item breakdown-code="false" not-allocatable="false" level="8" additional-only="false" sort-key="B07C7/04" definition-exists="false" ipc-concordant="B07C7/04" c-set-base-allowed="false" c-set-subsequent-allowed="true" date-revised="2013-01-01" status="published"><classification-symbol>B07C7/04</classification-symbol><class-title date-revised="2013-01-01"><title-part><text>Apparatus or accessories for hand picking</text></title-part></class-title></classification-item></classification-item>
<classification-item breakdown-code="false" not-allocatable="false" level="7" additional-only="false" sort-key="B07C99/00" definition-exists="true" ipc-concordant="B07C99/00" c-set-base-allowed="false" c-set-subsequent-allowed="true" date-revised="2022-08-01" status="published"><classification-symbol>B07C99/00</classification-symbol><class-title date-revised="2022-08-01"><title-part><text>Subject matter not provided for in other groups of this subclass</text></title-part></class-title></classification-item></classification-item>
<classification-item breakdown-code="true" not-allocatable="true" level="6" additional-only="true" sort-key="B07C201/00" date-revised="2013-01-01" status="published"><classification-symbol>B07C2201/00</classification-symbol>
<classification-item breakdown-code="true" not-allocatable="false" level="7" additional-only="true" sort-key="B07C201/00" definition-exists="false" ipc-concordant="CPCONLY" c-set-base-allowed="false" c-set-subsequent-allowed="true" date-revised="2013-01-01" status="published"><classification-symbol>B07C2201/00</classification-symbol><class-title date-revised="2013-01-01"><title-part><text>Measures preceding sorting according to destination</text></title-part></class-title>
<classification-item breakdown-code="true" not-allocatable="false" level="8" additional-only="true" sort-key="B07C201/003" definition-exists="false" ipc-concordant="CPCONLY" c-set-base-allowed="false" c-set-subsequent-allowed="true" date-revised="2013-01-01" status="published"><classification-symbol>B07C2201/003</classification-symbol><class-title date-revised="2013-01-01"><title-part><text>Cancellation, e.g. stamps by stamping, printing</text></title-part></class-title></classification-item>
<classification-item breakdown-code="true" not-allocatable="false" level="8" additional-only="true" sort-key="B07C201/006" definition-exists="false" ipc-concordant="CPCONLY" c-set-base-allowed="false" c-set-subsequent-allowed="true" date-revised="2013-01-01" status="published"><classification-symbol>B07C2201/006</classification-symbol><class-title date-revised="2013-01-01"><title-part><text>Hazardous Substances, e.g. checking for contamination, explosives, anthrax</text></title-part></class-title></classification-item></classification-item>
<classification-item breakdown-code="true" not-allocatable="false" level="7" additional-only="true" sort-key="B07C301/00" definition-exists="false" ipc-concordant="CPCONLY" c-set-base-allowed="false" c-set-subsequent-allowed="true" date-revised="2013-01-01" status="published"><classification-symbol>B07C2301/00</classification-symbol><class-title date-revised="2013-01-01"><title-part><text>Sorting according to destination</text></title-part></class-title>
<classification-item breakdown-code="true" not-allocatable="false" level="8" additional-only="true" sort-key="B07C301/0008" definition-exists="false" ipc-concordant="CPCONLY" c-set-base-allowed="false" c-set-subsequent-allowed="true" date-revised="2013-01-01" status="published"><classification-symbol>B07C2301/0008</classification-symbol><class-title date-revised="2013-01-01"><title-part><text>Electronic Devices, e.g. keyboard, displays</text></title-part></class-title></classification-item>
<classification-item breakdown-code="true" not-allocatable="false" level="8" additional-only="true" sort-key="B07C301/0016" definition-exists="false" ipc-concordant="CPCONLY" c-set-base-allowed="false" c-set-subsequent-allowed="true" date-revised="2013-01-01" status="published"><classification-symbol>B07C2301/0016</classification-symbol><class-title date-revised="2013-01-01"><title-part><text>RFID-tags</text></title-part></class-title></classification-item>
<classification-item breakdown-code="true" not-allocatable="false" level="8" additional-only="true" sort-key="B07C301/0025" definition-exists="false" ipc-concordant="CPCONLY" c-set-base-allowed="false" c-set-subsequent-allowed="true" date-revised="2013-01-01" status="published"><classification-symbol>B07C2301/0025</classification-symbol><class-title date-revised="2013-01-01"><title-part><text>Recipient identification providing a unique ID for a mail recipient</text></title-part></class-title></classification-item>
<classification-item breakdown-code="true" not-allocatable="false" level="8" additional-only="true" sort-key="B07C301/0033" definition-exists="false" ipc-concordant="CPCONLY" c-set-base-allowed="false" c-set-subsequent-allowed="true" date-revised="2013-01-01" status="published"><classification-symbol>B07C2301/0033</classification-symbol><class-title date-revised="2013-01-01"><title-part><text>Returning of unsold articles, e.g. magazines</text></title-part></class-title></classification-item>
<classification-item breakdown-code="true" not-allocatable="false" level="8" additional-only="true" sort-key="B07C301/0041" definition-exists="false" ipc-concordant="CPCONLY" c-set-base-allowed="false" c-set-subsequent-allowed="true" date-revised="2013-01-01" status="published"><classification-symbol>B07C2301/0041</classification-symbol><class-title date-revised="2013-01-01"><title-part><text>Sequencing items to a carrier walk sequence or delivery order</text></title-part></class-title></classification-item>
<classification-item breakdown-code="true" not-allocatable="false" level="8" additional-only="true" sort-key="B07C301/005" definition-exists="false" ipc-concordant="CPCONLY" c-set-base-allowed="false" c-set-subsequent-allowed="true" date-revised="2013-01-01" status="published"><classification-symbol>B07C2301/005</classification-symbol><class-title date-revised="2013-01-01"><title-part><text>Redirection or forwarding of mail pieces</text></title-part></class-title></classification-item>
<classification-item breakdown-code="true" not-allocatable="false" level="8" additional-only="true" sort-key="B07C301/0058" definition-exists="false" ipc-concordant="CPCONLY" c-set-base-allowed="false" c-set-subsequent-allowed="true" date-revised="2013-01-01" status="published"><classification-symbol>B07C2301/0058</classification-symbol><class-title date-revised="2013-01-01"><title-part><text>Verification for the correct postage amount</text></title-part></class-title></classification-item>
<classification-item breakdown-code="true" not-allocatable="false" level="8" additional-only="true" sort-key="B07C301/0066" definition-exists="false" ipc-concordant="CPCONLY" c-set-base-allowed="false" c-set-subsequent-allowed="true" date-revised="2013-01-01" status="published"><classification-symbol>B07C2301/0066</classification-symbol><class-title date-revised="2013-01-01"><title-part><text>Check for destination address in a database or list</text></title-part></class-title></classification-item>
<classification-item breakdown-code="true" not-allocatable="false" level="8" additional-only="true" sort-key="B07C301/0075" definition-exists="false" ipc-concordant="CPCONLY" c-set-base-allowed="false" c-set-subsequent-allowed="true" date-revised="2013-01-01" status="published"><classification-symbol>B07C2301/0075</classification-symbol><class-title date-revised="2013-01-01"><title-part><text>Packaging or wrapping of sorted mail pieces</text></title-part></class-title></classification-item>
<classification-item breakdown-code="true" not-allocatable="false" level="8" additional-only="true" sort-key="B07C301/0083" definition-exists="false" ipc-concordant="CPCONLY" c-set-base-allowed="false" c-set-subsequent-allowed="true" date-revised="2013-01-01" status="published"><classification-symbol>B07C2301/0083</classification-symbol><class-title date-revised="2013-01-01"><title-part><text>Merging of mail pieces of different categories, e.g. letters with flats</text></title-part></class-title></classification-item>
<classification-item breakdown-code="true" not-allocatable="false" level="8" additional-only="true" sort-key="B07C301/0091" definition-exists="false" ipc-concordant="CPCONLY" c-set-base-allowed="false" c-set-subsequent-allowed="true" date-revised="2013-01-01" status="published"><classification-symbol>B07C2301/0091</classification-symbol><class-title date-revised="2013-01-01"><title-part><text>Creating a signature of fingerprint based on graphic appearance of the mail piece, e.g. to avoid barcode printing</text></title-part></class-title></classification-item></classification-item>
<classification-item breakdown-code="true" not-allocatable="false" level="7" additional-only="true" sort-key="B07C501/00" definition-exists="false" ipc-concordant="CPCONLY" c-set-base-allowed="false" c-set-subsequent-allowed="true" date-revised="2013-01-01" status="published"><classification-symbol>B07C2501/00</classification-symbol><class-title date-revised="2013-01-01"><title-part><text>Sorting according to a characteristic or feature of the articles or material to be sorted</text></title-part></class-title>
<classification-item breakdown-code="true" not-allocatable="false" level="8" additional-only="true" sort-key="B07C501/0009" definition-exists="false" ipc-concordant="CPCONLY" c-set-base-allowed="false" c-set-subsequent-allowed="true" date-revised="2013-01-01" status="published"><classification-symbol>B07C2501/0009</classification-symbol><class-title date-revised="2013-01-01"><title-part><text>Sorting of fasteners, e.g. screws, nuts, bolts</text></title-part></class-title></classification-item>
<classification-item breakdown-code="true" not-allocatable="false" level="8" additional-only="true" sort-key="B07C501/0018" definition-exists="false" ipc-concordant="CPCONLY" c-set-base-allowed="false" c-set-subsequent-allowed="true" date-revised="2013-01-01" status="published"><classification-symbol>B07C2501/0018</classification-symbol><class-title date-revised="2013-01-01"><title-part><text>Sorting the articles during free fall</text></title-part></class-title></classification-item>
<classification-item breakdown-code="true" not-allocatable="false" level="8" additional-only="true" sort-key="B07C501/0027" definition-exists="false" ipc-concordant="CPCONLY" c-set-base-allowed="false" c-set-subsequent-allowed="true" date-revised="2013-01-01" status="published"><classification-symbol>B07C2501/0027</classification-symbol><class-title date-revised="2013-01-01"><title-part><text>Sorting the articles according to a sound</text></title-part></class-title></classification-item>
<classification-item breakdown-code="true" not-allocatable="false" level="8" additional-only="true" sort-key="B07C501/0036" definition-exists="false" ipc-concordant="CPCONLY" c-set-base-allowed="false" c-set-subsequent-allowed="true" date-revised="2013-01-01" status="published"><classification-symbol>B07C2501/0036</classification-symbol><class-title date-revised="2013-01-01"><title-part><text>Sorting out metallic particles</text></title-part></class-title></classification-item>
<classification-item breakdown-code="true" not-allocatable="false" level="8" additional-only="true" sort-key="B07C501/0045" definition-exists="false" ipc-concordant="CPCONLY" c-set-base-allowed="false" c-set-subsequent-allowed="true" date-revised="2013-01-01" status="published"><classification-symbol>B07C2501/0045</classification-symbol><class-title date-revised="2013-01-01"><title-part><text>Return vending of articles, e.g. bottles</text></title-part></class-title></classification-item>
<classification-item breakdown-code="true" not-allocatable="false" level="8" additional-only="true" sort-key="B07C501/0054" definition-exists="false" ipc-concordant="CPCONLY" c-set-base-allowed="false" c-set-subsequent-allowed="true" date-revised="2013-01-01" status="published"><classification-symbol>B07C2501/0054</classification-symbol><class-title date-revised="2013-01-01"><title-part><text>Sorting of waste or refuse</text></title-part></class-title></classification-item>
<classification-item breakdown-code="true" not-allocatable="false" level="8" additional-only="true" sort-key="B07C501/0063" definition-exists="false" ipc-concordant="CPCONLY" c-set-base-allowed="false" c-set-subsequent-allowed="true" date-revised="2013-01-01" status="published"><classification-symbol>B07C2501/0063</classification-symbol><class-title date-revised="2013-01-01"><title-part><text>Using robots</text></title-part></class-title></classification-item>
<classification-item breakdown-code="true" not-allocatable="false" level="8" additional-only="true" sort-key="B07C501/0072" definition-exists="false" ipc-concordant="CPCONLY" c-set-base-allowed="false" c-set-subsequent-allowed="true" date-revised="2013-01-01" status="published"><classification-symbol>B07C2501/0072</classification-symbol><class-title date-revised="2013-01-01"><title-part><text>Sorting of glass</text></title-part></class-title></classification-item>
<classification-item breakdown-code="true" not-allocatable="false" level="8" additional-only="true" sort-key="B07C501/0081" definition-exists="false" ipc-concordant="CPCONLY" c-set-base-allowed="false" c-set-subsequent-allowed="true" date-revised="2013-01-01" status="published"><classification-symbol>B07C2501/0081</classification-symbol><class-title date-revised="2013-01-01"><title-part><text>Sorting of food items</text></title-part></class-title></classification-item>
<classification-item breakdown-code="true" not-allocatable="false" level="8" additional-only="true" sort-key="B07C501/009" definition-exists="false" ipc-concordant="CPCONLY" c-set-base-allowed="false" c-set-subsequent-allowed="true" date-revised="2013-01-01" status="published"><classification-symbol>B07C2501/009</classification-symbol><class-title date-revised="2013-01-01"><title-part><text>Sorting of fruit</text></title-part></class-title></classification-item></classification-item></classification-item></classification-item></class-scheme>