<?xml version="1.0" encoding="UTF-8"?>
<class-scheme publication-date="2024-08-01" scheme-type="cpc" publication-type="official">
<classification-item breakdown-code="false" not-allocatable="true" level="5" additional-only="false" sort-key="D02G" definition-exists="true" date-revised="2018-08-01" status="published"><classification-symbol>D02G</classification-symbol><class-title date-revised="2013-01-01"><title-part><text>CRIMPING OR CURLING FIBRES, FILAMENTS, THREADS, OR YARNS</text></title-part><title-part><text>YARNS OR THREADS</text></title-part></class-title><notes-and-warnings date-revised="2013-01-01"><note type="note"><note-paragraph>Attention is drawn to the note following the title of class <class-ref scheme="cpc">D02</class-ref></note-paragraph></note><note type="warning"><note-paragraph>In this subclass non-limiting references (in the sense of paragraph 39 of the Guide to the IPC) may still be displayed in the scheme.</note-paragraph></note></notes-and-warnings>
<classification-item breakdown-code="false" not-allocatable="true" level="6" additional-only="false" sort-key="D02G1/00" date-revised="2013-01-01" status="published"><classification-symbol>D02G1/00</classification-symbol>
<classification-item breakdown-code="false" not-allocatable="false" level="7" additional-only="false" sort-key="D02G1/00" definition-exists="false" ipc-concordant="D02G1/00" c-set-base-allowed="false" c-set-subsequent-allowed="true" date-revised="2013-01-01" status="published"><classification-symbol>D02G1/00</classification-symbol><class-title date-revised="2013-01-01"><title-part><text>Producing crimped or curled fibres, filaments, yarns, or threads, giving them latent characteristics </text><reference><text>yarns <u>per se</u> <class-ref scheme="cpc">D02G3/00</class-ref>; during formation of artificial filaments, threads, or the like <class-ref scheme="cpc">D01D5/22</class-ref>; general aspects of chemical treatment <class-ref scheme="cpc">D06M</class-ref></text></reference></title-part></class-title><notes-and-warnings date-revised="2013-01-01"><note type="note"><note-paragraph>In the context of this group, the terms &quot;texturing&quot; or &quot;texturising&quot; encompass curling and crimping</note-paragraph></note></notes-and-warnings>
<classification-item breakdown-code="false" not-allocatable="false" level="8" additional-only="false" sort-key="D02G1/002" definition-exists="false" ipc-concordant="D02G1/00" c-set-base-allowed="false" c-set-subsequent-allowed="true" date-revised="2013-01-01" status="published"><classification-symbol>D02G1/002</classification-symbol><class-title date-revised="2013-01-01"><title-part><CPC-specific-text><text>by knitting, weaving or tufting, fixing and then unravelling</text></CPC-specific-text></title-part></class-title></classification-item>
<classification-item breakdown-code="false" not-allocatable="false" level="8" additional-only="false" sort-key="D02G1/004" definition-exists="false" ipc-concordant="D02G1/00" c-set-base-allowed="false" c-set-subsequent-allowed="true" date-revised="2013-01-01" status="published"><classification-symbol>D02G1/004</classification-symbol><class-title date-revised="2013-01-01"><title-part><CPC-specific-text><text>by heating fibres, filaments, yarns or threads so as to create a temperature gradient across their diameter, thereby imparting them latent asymmetrical shrinkage properties</text></CPC-specific-text></title-part></class-title></classification-item>
<classification-item breakdown-code="false" not-allocatable="false" level="8" additional-only="false" sort-key="D02G1/006" definition-exists="false" ipc-concordant="D02G1/00" c-set-base-allowed="false" c-set-subsequent-allowed="true" date-revised="2013-01-01" status="published"><classification-symbol>D02G1/006</classification-symbol><class-title date-revised="2013-01-01"><title-part><CPC-specific-text><text>by impinging the yarn against an uneven surface and thereby deforming it</text></CPC-specific-text></title-part></class-title></classification-item>
<classification-item breakdown-code="false" not-allocatable="false" level="8" additional-only="false" sort-key="D02G1/008" definition-exists="false" ipc-concordant="D02G1/00" c-set-base-allowed="false" c-set-subsequent-allowed="true" date-revised="2013-01-01" status="published"><classification-symbol>D02G1/008</classification-symbol><class-title date-revised="2013-01-01"><title-part><CPC-specific-text><text>with provision for imparting irregular effects to the yarn</text></CPC-specific-text></title-part></class-title></classification-item>
<classification-item breakdown-code="false" not-allocatable="false" level="8" additional-only="false" sort-key="D02G1/02" definition-exists="false" ipc-concordant="D02G1/02" c-set-base-allowed="false" c-set-subsequent-allowed="true" date-revised="2013-01-01" status="published"><classification-symbol>D02G1/02</classification-symbol><class-title date-revised="2013-01-01"><title-part><text>by twisting, fixing the twist and backtwisting, i.e. by imparting false twist</text></title-part></class-title>
<classification-item breakdown-code="false" not-allocatable="false" level="9" additional-only="false" sort-key="D02G1/0206" definition-exists="false" ipc-concordant="D02G1/02" c-set-base-allowed="false" c-set-subsequent-allowed="true" date-revised="2013-01-01" status="published"><classification-symbol>D02G1/0206</classification-symbol><class-title date-revised="2013-01-01"><title-part><CPC-specific-text><text>by false-twisting</text></CPC-specific-text></title-part></class-title>
<classification-item breakdown-code="false" not-allocatable="false" level="10" additional-only="false" sort-key="D02G1/0213" definition-exists="false" ipc-concordant="D02G1/02" c-set-base-allowed="false" c-set-subsequent-allowed="true" date-revised="2013-01-01" status="published"><classification-symbol>D02G1/0213</classification-symbol><class-title date-revised="2013-01-01"><title-part><CPC-specific-text><text>after drawing the yarn on the same machine</text></CPC-specific-text></title-part></class-title></classification-item>
<classification-item breakdown-code="false" not-allocatable="false" level="10" additional-only="false" sort-key="D02G1/022" definition-exists="false" ipc-concordant="D02G1/02" c-set-base-allowed="false" c-set-subsequent-allowed="true" date-revised="2013-01-01" status="published"><classification-symbol>D02G1/022</classification-symbol><class-title date-revised="2013-01-01"><title-part><CPC-specific-text><text>while simultaneously drawing the yarn</text></CPC-specific-text></title-part></class-title></classification-item>
<classification-item breakdown-code="false" not-allocatable="false" level="10" additional-only="false" sort-key="D02G1/0226" definition-exists="false" ipc-concordant="D02G1/02" c-set-base-allowed="false" c-set-subsequent-allowed="true" date-revised="2013-01-01" status="published"><classification-symbol>D02G1/0226</classification-symbol><class-title date-revised="2013-01-01"><title-part><CPC-specific-text><text>multiple false-twisting</text></CPC-specific-text></title-part></class-title></classification-item>
<classification-item breakdown-code="false" not-allocatable="false" level="10" additional-only="false" sort-key="D02G1/0233" definition-exists="false" ipc-concordant="D02G1/02" c-set-base-allowed="false" c-set-subsequent-allowed="true" date-revised="2013-01-01" status="published"><classification-symbol>D02G1/0233</classification-symbol><class-title date-revised="2013-01-01"><title-part><CPC-specific-text><text>with real twist being imparted to the yarn before or after false-twisting</text></CPC-specific-text></title-part></class-title></classification-item>
<classification-item breakdown-code="false" not-allocatable="false" level="10" additional-only="false" sort-key="D02G1/024" definition-exists="false" ipc-concordant="D02G1/02" c-set-base-allowed="false" c-set-subsequent-allowed="true" date-revised="2013-01-01" status="published"><classification-symbol>D02G1/024</classification-symbol><class-title date-revised="2013-01-01"><title-part><CPC-specific-text><text>with provision for imparting irregular effects to the yarn</text></CPC-specific-text></title-part></class-title></classification-item>
<classification-item breakdown-code="false" not-allocatable="false" level="10" additional-only="false" sort-key="D02G1/0246" definition-exists="false" ipc-concordant="D02G1/02" c-set-base-allowed="false" c-set-subsequent-allowed="true" date-revised="2013-01-01" status="published"><classification-symbol>D02G1/0246</classification-symbol><class-title date-revised="2013-01-01"><title-part><CPC-specific-text><text>at least some of the filaments being simultaneously broken or cut, e.g. by stretching or abrading</text></CPC-specific-text></title-part></class-title></classification-item>
<classification-item breakdown-code="false" not-allocatable="false" level="10" additional-only="false" sort-key="D02G1/0253" definition-exists="false" ipc-concordant="D02G1/02" c-set-base-allowed="false" c-set-subsequent-allowed="true" date-revised="2013-01-01" status="published"><classification-symbol>D02G1/0253</classification-symbol><class-title date-revised="2013-01-01"><title-part><CPC-specific-text><text>while bonding at least some of the filaments or fibres together</text></CPC-specific-text></title-part></class-title></classification-item>
<classification-item breakdown-code="false" not-allocatable="false" level="10" additional-only="false" sort-key="D02G1/026" definition-exists="false" ipc-concordant="D02G1/02" c-set-base-allowed="false" c-set-subsequent-allowed="true" date-revised="2013-01-01" status="published"><classification-symbol>D02G1/026</classification-symbol><class-title date-revised="2013-01-01"><title-part><CPC-specific-text><text>in the presence of a crimp finish</text></CPC-specific-text></title-part></class-title></classification-item>
<classification-item breakdown-code="false" not-allocatable="false" level="10" additional-only="false" sort-key="D02G1/0266" definition-exists="false" ipc-concordant="D02G1/02" c-set-base-allowed="false" c-set-subsequent-allowed="true" date-revised="2013-01-01" status="published"><classification-symbol>D02G1/0266</classification-symbol><class-title date-revised="2013-01-01"><title-part><CPC-specific-text><text>false-twisting machines</text></CPC-specific-text></title-part></class-title>
<classification-item breakdown-code="false" not-allocatable="false" level="11" additional-only="false" sort-key="D02G1/0273" definition-exists="false" ipc-concordant="D02G1/02" c-set-base-allowed="false" c-set-subsequent-allowed="true" date-revised="2013-01-01" status="published"><classification-symbol>D02G1/0273</classification-symbol><class-title date-revised="2013-01-01"><title-part><CPC-specific-text><text>threading up and starting the false-twisting machine</text></CPC-specific-text></title-part></class-title></classification-item></classification-item></classification-item>
<classification-item breakdown-code="false" not-allocatable="false" level="9" additional-only="false" sort-key="D02G1/028" definition-exists="false" ipc-concordant="D02G1/02" c-set-base-allowed="false" c-set-subsequent-allowed="true" date-revised="2013-01-01" status="published"><classification-symbol>D02G1/028</classification-symbol><class-title date-revised="2013-01-01"><title-part><CPC-specific-text><text>by twisting or false-twisting at least two filaments, yarns or threads, fixing the twist and separating the filaments, yarns or threads</text></CPC-specific-text></title-part></class-title></classification-item>
<classification-item breakdown-code="false" not-allocatable="false" level="9" additional-only="false" sort-key="D02G1/0286" definition-exists="false" ipc-concordant="D02G1/02" c-set-base-allowed="false" c-set-subsequent-allowed="true" date-revised="2013-01-01" status="published"><classification-symbol>D02G1/0286</classification-symbol><class-title date-revised="2013-01-01"><title-part><CPC-specific-text><text>characterised by the use of certain filaments, fibres or yarns</text></CPC-specific-text></title-part></class-title>
<classification-item breakdown-code="false" not-allocatable="false" level="10" additional-only="false" sort-key="D02G1/0293" definition-exists="false" ipc-concordant="D02G1/02" c-set-base-allowed="false" c-set-subsequent-allowed="true" date-revised="2013-01-01" status="published"><classification-symbol>D02G1/0293</classification-symbol><class-title date-revised="2013-01-01"><title-part><CPC-specific-text><text>composed, at least in part, of natural fibres</text></CPC-specific-text></title-part></class-title></classification-item></classification-item>
<classification-item breakdown-code="false" not-allocatable="false" level="9" additional-only="false" sort-key="D02G1/04" definition-exists="false" ipc-concordant="D02G1/04" c-set-base-allowed="false" c-set-subsequent-allowed="true" date-revised="2013-01-01" status="published"><classification-symbol>D02G1/04</classification-symbol><class-title date-revised="2013-01-01"><title-part><text>Devices for imparting false twist</text></title-part></class-title>
<classification-item breakdown-code="false" not-allocatable="false" level="10" additional-only="false" sort-key="D02G1/06" definition-exists="false" ipc-concordant="D02G1/06" c-set-base-allowed="false" c-set-subsequent-allowed="true" date-revised="2013-01-01" status="published"><classification-symbol>D02G1/06</classification-symbol><class-title date-revised="2013-01-01"><title-part><text>Spindles</text></title-part></class-title></classification-item>
<classification-item breakdown-code="false" not-allocatable="false" level="10" additional-only="false" sort-key="D02G1/08" definition-exists="false" ipc-concordant="D02G1/08" c-set-base-allowed="false" c-set-subsequent-allowed="true" date-revised="2013-01-01" status="published"><classification-symbol>D02G1/08</classification-symbol><class-title date-revised="2013-01-01"><title-part><text>Rollers </text><CPC-specific-text><text>or other friction causing elements</text></CPC-specific-text></title-part></class-title>
<classification-item breakdown-code="false" not-allocatable="false" level="11" additional-only="false" sort-key="D02G1/082" definition-exists="false" ipc-concordant="D02G1/08" c-set-base-allowed="false" c-set-subsequent-allowed="true" date-revised="2013-01-01" status="published"><classification-symbol>D02G1/082</classification-symbol><class-title date-revised="2013-01-01"><title-part><CPC-specific-text><text>with the periphery of at least one disc</text></CPC-specific-text></title-part></class-title></classification-item>
<classification-item breakdown-code="false" not-allocatable="false" level="11" additional-only="false" sort-key="D02G1/085" definition-exists="false" ipc-concordant="D02G1/08" c-set-base-allowed="false" c-set-subsequent-allowed="true" date-revised="2013-01-01" status="published"><classification-symbol>D02G1/085</classification-symbol><class-title date-revised="2013-01-01"><title-part><CPC-specific-text><text>between crossed belts</text></CPC-specific-text></title-part></class-title></classification-item>
<classification-item breakdown-code="false" not-allocatable="false" level="11" additional-only="false" sort-key="D02G1/087" definition-exists="false" ipc-concordant="D02G1/08" c-set-base-allowed="false" c-set-subsequent-allowed="true" date-revised="2013-01-01" status="published"><classification-symbol>D02G1/087</classification-symbol><class-title date-revised="2013-01-01"><title-part><CPC-specific-text><text>between the flanks of rotating discs</text></CPC-specific-text></title-part></class-title></classification-item></classification-item></classification-item></classification-item>
<classification-item breakdown-code="false" not-allocatable="false" level="8" additional-only="false" sort-key="D02G1/10" definition-exists="false" ipc-concordant="D02G1/10" c-set-base-allowed="false" c-set-subsequent-allowed="true" date-revised="2013-01-01" status="published"><classification-symbol>D02G1/10</classification-symbol><class-title date-revised="2013-01-01"><title-part><text>using knife edges, e.g. heated knife edges, for edge crimping</text></title-part></class-title></classification-item>
<classification-item breakdown-code="false" not-allocatable="false" level="8" additional-only="false" sort-key="D02G1/12" definition-exists="false" ipc-concordant="D02G1/12" c-set-base-allowed="false" c-set-subsequent-allowed="true" date-revised="2013-01-01" status="published"><classification-symbol>D02G1/12</classification-symbol><class-title date-revised="2013-01-01"><title-part><text>using stuffer boxes</text></title-part></class-title>
<classification-item breakdown-code="false" not-allocatable="false" level="9" additional-only="false" sort-key="D02G1/122" definition-exists="false" ipc-concordant="D02G1/12" c-set-base-allowed="false" c-set-subsequent-allowed="true" date-revised="2013-01-01" status="published"><classification-symbol>D02G1/122</classification-symbol><class-title date-revised="2013-01-01"><title-part><CPC-specific-text><text>introducing the filaments in the stuffer box by means of a fluid jet</text></CPC-specific-text></title-part></class-title></classification-item>
<classification-item breakdown-code="false" not-allocatable="false" level="9" additional-only="false" sort-key="D02G1/125" definition-exists="false" ipc-concordant="D02G1/12" c-set-base-allowed="false" c-set-subsequent-allowed="true" date-revised="2013-01-01" status="published"><classification-symbol>D02G1/125</classification-symbol><class-title date-revised="2013-01-01"><title-part><CPC-specific-text><text>including means for monitoring or controlling yarn processing</text></CPC-specific-text></title-part></class-title></classification-item>
<classification-item breakdown-code="false" not-allocatable="false" level="9" additional-only="false" sort-key="D02G1/127" definition-exists="false" ipc-concordant="D02G1/12" c-set-base-allowed="false" c-set-subsequent-allowed="true" date-revised="2013-01-01" status="published"><classification-symbol>D02G1/127</classification-symbol><class-title date-revised="2013-01-01"><title-part><CPC-specific-text><text>including drawing or stretching on the same machine</text></CPC-specific-text></title-part></class-title></classification-item></classification-item>
<classification-item breakdown-code="false" not-allocatable="false" level="8" additional-only="false" sort-key="D02G1/14" definition-exists="false" ipc-concordant="D02G1/14" c-set-base-allowed="false" c-set-subsequent-allowed="true" date-revised="2013-01-01" status="published"><classification-symbol>D02G1/14</classification-symbol><class-title date-revised="2013-01-01"><title-part><text>using grooved rollers or gear-wheel-type members</text></title-part></class-title></classification-item>
<classification-item breakdown-code="false" not-allocatable="false" level="8" additional-only="false" sort-key="D02G1/16" definition-exists="false" ipc-concordant="D02G1/16" c-set-base-allowed="false" c-set-subsequent-allowed="true" date-revised="2013-01-01" status="published"><classification-symbol>D02G1/16</classification-symbol><class-title date-revised="2013-01-01"><title-part><text>using jets or streams of turbulent gases, e.g. air, steam </text><CPC-specific-text><reference><text>interlacing filaments <class-ref scheme="cpc">D02J1/08</class-ref></text></reference></CPC-specific-text></title-part></class-title>
<classification-item breakdown-code="false" not-allocatable="false" level="9" additional-only="false" sort-key="D02G1/161" definition-exists="false" ipc-concordant="D02G1/16" c-set-base-allowed="false" c-set-subsequent-allowed="true" date-revised="2013-01-01" status="published"><classification-symbol>D02G1/161</classification-symbol><class-title date-revised="2013-01-01"><title-part><CPC-specific-text><text>yarn crimping air jets</text></CPC-specific-text></title-part></class-title></classification-item>
<classification-item breakdown-code="false" not-allocatable="false" level="9" additional-only="false" sort-key="D02G1/162" definition-exists="false" ipc-concordant="D02G1/16" c-set-base-allowed="false" c-set-subsequent-allowed="true" date-revised="2013-01-01" status="published"><classification-symbol>D02G1/162</classification-symbol><class-title date-revised="2013-01-01"><title-part><CPC-specific-text><text>with provision for imparting irregular effects to the yarn</text></CPC-specific-text></title-part></class-title></classification-item>
<classification-item breakdown-code="false" not-allocatable="false" level="9" additional-only="false" sort-key="D02G1/164" definition-exists="false" ipc-concordant="D02G1/16" c-set-base-allowed="false" c-set-subsequent-allowed="true" date-revised="2013-01-01" status="published"><classification-symbol>D02G1/164</classification-symbol><class-title date-revised="2013-01-01"><title-part><CPC-specific-text><text>in the presence of a liquid, e.g. a crimp finish</text></CPC-specific-text></title-part></class-title></classification-item>
<classification-item breakdown-code="false" not-allocatable="false" level="9" additional-only="false" sort-key="D02G1/165" definition-exists="false" ipc-concordant="D02G1/16" c-set-base-allowed="false" c-set-subsequent-allowed="true" date-revised="2013-01-01" status="published"><classification-symbol>D02G1/165</classification-symbol><class-title date-revised="2013-01-01"><title-part><CPC-specific-text><text>characterised by the use of certain filaments or yarns</text></CPC-specific-text></title-part></class-title></classification-item>
<classification-item breakdown-code="false" not-allocatable="false" level="9" additional-only="false" sort-key="D02G1/167" definition-exists="false" ipc-concordant="D02G1/16" c-set-base-allowed="false" c-set-subsequent-allowed="true" date-revised="2013-01-01" status="published"><classification-symbol>D02G1/167</classification-symbol><class-title date-revised="2013-01-01"><title-part><CPC-specific-text><text>including means for monitoring or controlling yarn processing</text></CPC-specific-text></title-part></class-title></classification-item>
<classification-item breakdown-code="false" not-allocatable="false" level="9" additional-only="false" sort-key="D02G1/168" definition-exists="false" ipc-concordant="D02G1/16" c-set-base-allowed="false" c-set-subsequent-allowed="true" date-revised="2013-01-01" status="published"><classification-symbol>D02G1/168</classification-symbol><class-title date-revised="2013-01-01"><title-part><CPC-specific-text><text>including drawing or stretching on the same machine</text></CPC-specific-text></title-part></class-title></classification-item></classification-item>
<classification-item breakdown-code="false" not-allocatable="false" level="8" additional-only="false" sort-key="D02G1/18" definition-exists="false" ipc-concordant="D02G1/18" c-set-base-allowed="false" c-set-subsequent-allowed="true" date-revised="2013-01-01" status="published"><classification-symbol>D02G1/18</classification-symbol><class-title date-revised="2013-01-01"><title-part><text>by combining fibres, filaments, or yarns, having different shrinkage characteristics </text><CPC-specific-text><reference><text><class-ref scheme="cpc">D02G1/004</class-ref> takes precedence</text></reference></CPC-specific-text></title-part></class-title></classification-item>
<classification-item breakdown-code="false" not-allocatable="false" level="8" additional-only="false" sort-key="D02G1/20" definition-exists="false" ipc-concordant="D02G1/20" c-set-base-allowed="false" c-set-subsequent-allowed="true" date-revised="2013-01-01" status="published"><classification-symbol>D02G1/20</classification-symbol><class-title date-revised="2013-01-01"><title-part><text>Combinations of two or more of the above-mentioned operations or devices</text></title-part><title-part><text>After-treatments for fixing crimp or curl</text></title-part></class-title>
<classification-item breakdown-code="false" not-allocatable="false" level="9" additional-only="false" sort-key="D02G1/205" definition-exists="false" ipc-concordant="D02G1/20" c-set-base-allowed="false" c-set-subsequent-allowed="true" date-revised="2013-01-01" status="published"><classification-symbol>D02G1/205</classification-symbol><class-title date-revised="2013-01-01"><title-part><CPC-specific-text><text>After-treatments for fixing crimp or curl</text></CPC-specific-text></title-part></class-title></classification-item></classification-item></classification-item>
<classification-item breakdown-code="false" not-allocatable="false" level="7" additional-only="false" sort-key="D02G3/00" definition-exists="true" ipc-concordant="D02G3/00" c-set-base-allowed="false" c-set-subsequent-allowed="true" date-revised="2019-01-01" status="published"><classification-symbol>D02G3/00</classification-symbol><class-title date-revised="2013-01-01"><title-part><text>Yarns or threads, e.g. fancy yarns</text></title-part><title-part><text>Processes or apparatus for the production thereof, not otherwise provided for </text><reference><text>for producing crimped or curled yarns <class-ref scheme="cpc">D02G1/00</class-ref></text></reference></title-part></class-title><notes-and-warnings><note type="note"><note-paragraph> In this main group, further classification in indexing scheme <class-ref scheme="cpc">D10B</class-ref> for aspects relating to yarns is required.</note-paragraph></note></notes-and-warnings>
<classification-item breakdown-code="false" not-allocatable="false" level="8" additional-only="false" sort-key="D02G3/02" definition-exists="true" ipc-concordant="D02G3/02" c-set-base-allowed="false" c-set-subsequent-allowed="true" date-revised="2013-01-01" status="published"><classification-symbol>D02G3/02</classification-symbol><class-title date-revised="2013-01-01"><title-part><text>Yarns or threads characterised by the material or by the materials from which they are made</text></title-part></class-title>
<classification-item breakdown-code="false" not-allocatable="false" level="9" additional-only="false" sort-key="D02G3/025" definition-exists="false" ipc-concordant="D02G3/02" c-set-base-allowed="false" c-set-subsequent-allowed="true" date-revised="2013-01-01" status="published"><classification-symbol>D02G3/025</classification-symbol><class-title date-revised="2013-01-01"><title-part><CPC-specific-text><text>Yarns or threads formed from hair </text><reference><text>horse-hair threads <class-ref scheme="cpc">D02G3/14</class-ref></text></reference></CPC-specific-text></title-part></class-title></classification-item>
<classification-item breakdown-code="false" not-allocatable="false" level="9" additional-only="false" sort-key="D02G3/04" definition-exists="false" ipc-concordant="D02G3/04" c-set-base-allowed="false" c-set-subsequent-allowed="true" date-revised="2013-01-01" status="published"><classification-symbol>D02G3/04</classification-symbol><class-title date-revised="2013-01-01"><title-part><text>Blended or other yarns or threads containing components made from different materials</text></title-part></class-title>
<classification-item breakdown-code="false" not-allocatable="false" level="10" additional-only="false" sort-key="D02G3/042" definition-exists="false" ipc-concordant="D02G3/04" c-set-base-allowed="false" c-set-subsequent-allowed="true" date-revised="2013-01-01" status="published"><classification-symbol>D02G3/042</classification-symbol><class-title date-revised="2013-01-01"><title-part><CPC-specific-text><text>all components being made from natural material</text></CPC-specific-text></title-part></class-title></classification-item>
<classification-item breakdown-code="false" not-allocatable="false" level="10" additional-only="false" sort-key="D02G3/045" definition-exists="true" ipc-concordant="D02G3/04" c-set-base-allowed="false" c-set-subsequent-allowed="true" date-revised="2013-01-01" status="published"><classification-symbol>D02G3/045</classification-symbol><class-title date-revised="2013-01-01"><title-part><CPC-specific-text><text>all components being made from artificial or synthetic material</text></CPC-specific-text></title-part></class-title></classification-item>
<classification-item breakdown-code="false" not-allocatable="false" level="10" additional-only="false" sort-key="D02G3/047" definition-exists="false" ipc-concordant="D02G3/04" c-set-base-allowed="false" c-set-subsequent-allowed="true" date-revised="2013-01-01" status="published"><classification-symbol>D02G3/047</classification-symbol><class-title date-revised="2013-01-01"><title-part><CPC-specific-text><text>including aramid fibres</text></CPC-specific-text></title-part></class-title></classification-item></classification-item>
<classification-item breakdown-code="false" not-allocatable="false" level="9" additional-only="false" sort-key="D02G3/06" definition-exists="false" ipc-concordant="D02G3/06" c-set-base-allowed="false" c-set-subsequent-allowed="true" date-revised="2013-01-01" status="published"><classification-symbol>D02G3/06</classification-symbol><class-title date-revised="2013-01-01"><title-part><text>Threads formed from strip material other than paper</text></title-part></class-title></classification-item>
<classification-item breakdown-code="false" not-allocatable="false" level="9" additional-only="false" sort-key="D02G3/08" definition-exists="true" ipc-concordant="D02G3/08" c-set-base-allowed="false" c-set-subsequent-allowed="true" date-revised="2013-01-01" status="published"><classification-symbol>D02G3/08</classification-symbol><class-title date-revised="2013-01-01"><title-part><text>Paper yarns or threads</text></title-part></class-title></classification-item>
<classification-item breakdown-code="false" not-allocatable="false" level="9" additional-only="false" sort-key="D02G3/10" definition-exists="false" ipc-concordant="D02G3/10" c-set-base-allowed="false" c-set-subsequent-allowed="true" date-revised="2017-08-01" status="published"><classification-symbol>D02G3/10</classification-symbol><class-title date-revised="2017-08-01"><title-part><text>Yarns or threads formed from collagenous materials, e.g. catgut </text><CPC-specific-text><reference><text>surgical threads or yarns <class-ref scheme="cpc">A61L</class-ref></text></reference></CPC-specific-text></title-part></class-title></classification-item>
<classification-item breakdown-code="false" not-allocatable="false" level="9" additional-only="false" sort-key="D02G3/12" definition-exists="true" ipc-concordant="D02G3/12" c-set-base-allowed="false" c-set-subsequent-allowed="true" date-revised="2013-01-01" status="published"><classification-symbol>D02G3/12</classification-symbol><class-title date-revised="2013-01-01"><title-part><text>Threads containing metallic filaments or strips</text></title-part></class-title></classification-item>
<classification-item breakdown-code="false" not-allocatable="false" level="9" additional-only="false" sort-key="D02G3/14" definition-exists="false" ipc-concordant="D02G3/14" c-set-base-allowed="false" c-set-subsequent-allowed="true" date-revised="2013-01-01" status="published"><classification-symbol>D02G3/14</classification-symbol><class-title date-revised="2013-01-01"><title-part><text>Horse-hair threads</text></title-part></class-title></classification-item>
<classification-item breakdown-code="false" not-allocatable="false" level="9" additional-only="false" sort-key="D02G3/16" definition-exists="true" ipc-concordant="D02G3/16" c-set-base-allowed="false" c-set-subsequent-allowed="true" date-revised="2013-01-01" status="published"><classification-symbol>D02G3/16</classification-symbol><class-title date-revised="2013-01-01"><title-part><text>Yarns or threads made from mineral substances</text></title-part></class-title>
<classification-item breakdown-code="false" not-allocatable="false" level="10" additional-only="false" sort-key="D02G3/18" definition-exists="true" ipc-concordant="D02G3/18" c-set-base-allowed="false" c-set-subsequent-allowed="true" date-revised="2013-01-01" status="published"><classification-symbol>D02G3/18</classification-symbol><class-title date-revised="2013-01-01"><title-part><text>from glass or the like</text></title-part></class-title>
<classification-item breakdown-code="false" not-allocatable="false" level="11" additional-only="false" sort-key="D02G3/182" definition-exists="false" ipc-concordant="D02G3/18" c-set-base-allowed="false" c-set-subsequent-allowed="true" date-revised="2013-01-01" status="published"><classification-symbol>D02G3/182</classification-symbol><class-title date-revised="2013-01-01"><title-part><CPC-specific-text><text>the glass being present only in part of the structure</text></CPC-specific-text></title-part></class-title>
<classification-item breakdown-code="false" not-allocatable="false" level="12" additional-only="false" sort-key="D02G3/185" definition-exists="false" ipc-concordant="D02G3/18" c-set-base-allowed="false" c-set-subsequent-allowed="true" date-revised="2013-01-01" status="published"><classification-symbol>D02G3/185</classification-symbol><class-title date-revised="2013-01-01"><title-part><CPC-specific-text><text>in the core</text></CPC-specific-text></title-part></class-title></classification-item>
<classification-item breakdown-code="false" not-allocatable="false" level="12" additional-only="false" sort-key="D02G3/187" definition-exists="false" ipc-concordant="D02G3/18" c-set-base-allowed="false" c-set-subsequent-allowed="true" date-revised="2013-01-01" status="published"><classification-symbol>D02G3/187</classification-symbol><class-title date-revised="2013-01-01"><title-part><CPC-specific-text><text>in the sheath</text></CPC-specific-text></title-part></class-title></classification-item></classification-item></classification-item>
<classification-item breakdown-code="false" not-allocatable="false" level="10" additional-only="false" sort-key="D02G3/20" definition-exists="false" ipc-concordant="D02G3/20" c-set-base-allowed="false" c-set-subsequent-allowed="true" date-revised="2013-01-01" status="published"><classification-symbol>D02G3/20</classification-symbol><class-title date-revised="2013-01-01"><title-part><text>from asbestos</text></title-part></class-title></classification-item></classification-item></classification-item>
<classification-item breakdown-code="false" not-allocatable="false" level="8" additional-only="false" sort-key="D02G3/22" definition-exists="false" ipc-concordant="D02G3/22" c-set-base-allowed="false" c-set-subsequent-allowed="true" date-revised="2017-08-01" status="published"><classification-symbol>D02G3/22</classification-symbol><class-title date-revised="2017-08-01"><title-part><text>Yarns or threads characterised by constructional features </text><CPC-specific-text><text>, e.g. blending, filament/fibre </text><reference><text>piecing of yarns or threads <class-ref scheme="cpc">D01H15/00</class-ref></text></reference></CPC-specific-text></title-part></class-title>
<classification-item breakdown-code="false" not-allocatable="false" level="9" additional-only="false" sort-key="D02G3/24" definition-exists="false" ipc-concordant="D02G3/24" c-set-base-allowed="false" c-set-subsequent-allowed="true" date-revised="2013-01-01" status="published"><classification-symbol>D02G3/24</classification-symbol><class-title date-revised="2013-01-01"><title-part><text>Bulked yarns or threads, e.g. formed from staple fibre components with different relaxation characteristics</text></title-part></class-title></classification-item>
<classification-item breakdown-code="false" not-allocatable="false" level="9" additional-only="false" sort-key="D02G3/26" definition-exists="false" ipc-concordant="D02G3/26" c-set-base-allowed="false" c-set-subsequent-allowed="true" date-revised="2013-01-01" status="published"><classification-symbol>D02G3/26</classification-symbol><class-title date-revised="2013-01-01"><title-part><text>with characteristics dependent on the amount or direction of twist</text></title-part></class-title>
<classification-item breakdown-code="false" not-allocatable="false" level="10" additional-only="false" sort-key="D02G3/28" definition-exists="true" ipc-concordant="D02G3/28" c-set-base-allowed="false" c-set-subsequent-allowed="true" date-revised="2013-01-01" status="published"><classification-symbol>D02G3/28</classification-symbol><class-title date-revised="2013-01-01"><title-part><text>Doubled, plied, or cabled threads </text><CPC-specific-text><reference><text><class-ref scheme="cpc">D02G3/32</class-ref>, <class-ref scheme="cpc">D02G3/36</class-ref> take precedence; effect yarns <class-ref scheme="cpc">D02G3/34</class-ref>; details of spindles, e.g. bearings <class-ref scheme="cpc">D01H7/86</class-ref></text></reference></CPC-specific-text></title-part></class-title>
<classification-item breakdown-code="false" not-allocatable="false" level="11" additional-only="false" sort-key="D02G3/281" definition-exists="true" ipc-concordant="D02G3/28" c-set-base-allowed="false" c-set-subsequent-allowed="true" date-revised="2013-01-01" status="published"><classification-symbol>D02G3/281</classification-symbol><class-title date-revised="2013-01-01"><title-part><CPC-specific-text><text>using one drawing frame for two slivers and twisting of the slivers to a single yarn, i.e. spin-twisting </text><reference><text>guides having associated actuators with mutual action <class-ref scheme="cpc">D01H13/1658</class-ref></text></reference></CPC-specific-text></title-part></class-title></classification-item>
<classification-item breakdown-code="false" not-allocatable="false" level="11" additional-only="false" sort-key="D02G3/283" definition-exists="true" ipc-concordant="D02G3/28" c-set-base-allowed="false" c-set-subsequent-allowed="true" date-revised="2013-01-01" status="published"><classification-symbol>D02G3/283</classification-symbol><class-title date-revised="2013-01-01"><title-part><CPC-specific-text><text>using hollow spindles through which one yarn is running</text></CPC-specific-text></title-part></class-title></classification-item>
<classification-item breakdown-code="false" not-allocatable="false" level="11" additional-only="false" sort-key="D02G3/285" definition-exists="true" ipc-concordant="D02G3/28" c-set-base-allowed="false" c-set-subsequent-allowed="true" date-revised="2013-01-01" status="published"><classification-symbol>D02G3/285</classification-symbol><class-title date-revised="2013-01-01"><title-part><CPC-specific-text><text>one yarn running over the feeding spool of another yarn</text></CPC-specific-text></title-part></class-title></classification-item>
<classification-item breakdown-code="false" not-allocatable="false" level="11" additional-only="false" sort-key="D02G3/286" definition-exists="true" ipc-concordant="D02G3/28" c-set-base-allowed="false" c-set-subsequent-allowed="true" date-revised="2013-01-01" status="published"><classification-symbol>D02G3/286</classification-symbol><class-title date-revised="2013-01-01"><title-part><CPC-specific-text><text>with alternatively &quot;S&quot; and &quot;Z&quot; direction of twist, e.g. Self-twist process</text></CPC-specific-text></title-part></class-title></classification-item>
<classification-item breakdown-code="false" not-allocatable="false" level="11" additional-only="false" sort-key="D02G3/288" definition-exists="true" ipc-concordant="D02G3/28" c-set-base-allowed="false" c-set-subsequent-allowed="true" date-revised="2013-01-01" status="published"><classification-symbol>D02G3/288</classification-symbol><class-title date-revised="2013-01-01"><title-part><CPC-specific-text><text>with same direction of twist, but with an amount of twist varying along the thread</text></CPC-specific-text></title-part></class-title></classification-item></classification-item>
<classification-item breakdown-code="false" not-allocatable="false" level="10" additional-only="false" sort-key="D02G3/30" definition-exists="true" ipc-concordant="D02G3/30" c-set-base-allowed="false" c-set-subsequent-allowed="true" date-revised="2013-01-01" status="published"><classification-symbol>D02G3/30</classification-symbol><class-title date-revised="2013-01-01"><title-part><text>Cr&#234;ped or other highly-twisted yarns or threads</text></title-part></class-title></classification-item></classification-item>
<classification-item breakdown-code="false" not-allocatable="false" level="9" additional-only="false" sort-key="D02G3/32" definition-exists="true" ipc-concordant="D02G3/32" c-set-base-allowed="false" c-set-subsequent-allowed="true" date-revised="2017-08-01" status="published"><classification-symbol>D02G3/32</classification-symbol><class-title date-revised="2017-08-01"><title-part><text>Elastic yarns or threads </text><CPC-specific-text><text>; Production of plied or cored yarns, one of which is elastic</text></CPC-specific-text></title-part></class-title>
<classification-item breakdown-code="false" not-allocatable="false" level="10" additional-only="false" sort-key="D02G3/322" definition-exists="true" ipc-concordant="D02G3/32" c-set-base-allowed="false" c-set-subsequent-allowed="true" date-revised="2013-01-01" status="published"><classification-symbol>D02G3/322</classification-symbol><class-title date-revised="2013-01-01"><title-part><CPC-specific-text><text>using hollow spindles </text><reference><text>details of spindles, e.g. bearings <class-ref scheme="cpc">D01H7/86</class-ref></text></reference></CPC-specific-text></title-part></class-title></classification-item>
<classification-item breakdown-code="false" not-allocatable="false" level="10" additional-only="false" sort-key="D02G3/324" definition-exists="true" ipc-concordant="D02G3/32" c-set-base-allowed="false" c-set-subsequent-allowed="true" date-revised="2013-01-01" status="published"><classification-symbol>D02G3/324</classification-symbol><class-title date-revised="2013-01-01"><title-part><CPC-specific-text><text>using a drawing frame</text></CPC-specific-text></title-part></class-title></classification-item>
<classification-item breakdown-code="false" not-allocatable="false" level="10" additional-only="false" sort-key="D02G3/326" definition-exists="false" ipc-concordant="D02G3/32" c-set-base-allowed="false" c-set-subsequent-allowed="true" date-revised="2013-01-01" status="published"><classification-symbol>D02G3/326</classification-symbol><class-title date-revised="2013-01-01"><title-part><CPC-specific-text><text>the elastic properties due to the construction rather than to the use of elastic material</text></CPC-specific-text></title-part></class-title></classification-item>
<classification-item breakdown-code="false" not-allocatable="false" level="10" additional-only="false" sort-key="D02G3/328" definition-exists="false" ipc-concordant="D02G3/32" c-set-base-allowed="false" c-set-subsequent-allowed="true" date-revised="2013-01-01" status="published"><classification-symbol>D02G3/328</classification-symbol><class-title date-revised="2013-01-01"><title-part><CPC-specific-text><text>containing elastane</text></CPC-specific-text></title-part></class-title></classification-item></classification-item>
<classification-item breakdown-code="false" not-allocatable="false" level="9" additional-only="false" sort-key="D02G3/34" definition-exists="true" ipc-concordant="D02G3/34" c-set-base-allowed="false" c-set-subsequent-allowed="true" date-revised="2013-01-01" status="published"><classification-symbol>D02G3/34</classification-symbol><class-title date-revised="2013-01-01"><title-part><text>Yarns or threads having slubs, knops, spirals, loops, tufts, or other irregular or decorative effects, i.e. effect yarns </text><CPC-specific-text><reference><text>carding machines for producing decorative or fancy effects in products <class-ref scheme="cpc">D01G</class-ref>; drafting machines with varying draft according to a pre-arranged pattern <class-ref scheme="cpc">D01H5/36</class-ref></text></reference></CPC-specific-text></title-part></class-title>
<classification-item breakdown-code="false" not-allocatable="false" level="10" additional-only="false" sort-key="D02G3/343" definition-exists="false" ipc-concordant="D02G3/34" c-set-base-allowed="false" c-set-subsequent-allowed="true" date-revised="2013-01-01" status="published"><classification-symbol>D02G3/343</classification-symbol><class-title date-revised="2013-01-01"><title-part><CPC-specific-text><text>using hollow spindles </text><reference><text>details of spindles, e.g. bearings <class-ref scheme="cpc">D01H7/86</class-ref></text></reference></CPC-specific-text></title-part></class-title></classification-item>
<classification-item breakdown-code="false" not-allocatable="false" level="10" additional-only="false" sort-key="D02G3/346" definition-exists="true" ipc-concordant="D02G3/34" c-set-base-allowed="false" c-set-subsequent-allowed="true" date-revised="2013-01-01" status="published"><classification-symbol>D02G3/346</classification-symbol><class-title date-revised="2013-01-01"><title-part><CPC-specific-text><text>with coloured effects, i.e. by differential dyeing process</text></CPC-specific-text></title-part></class-title></classification-item></classification-item>
<classification-item breakdown-code="false" not-allocatable="false" level="9" additional-only="false" sort-key="D02G3/36" definition-exists="true" ipc-concordant="D02G3/36" c-set-base-allowed="false" c-set-subsequent-allowed="true" date-revised="2013-01-01" status="published"><classification-symbol>D02G3/36</classification-symbol><class-title date-revised="2013-01-01"><title-part><text>Cored or coated yarns or threads </text><reference><CPC-specific-text><text><class-ref scheme="cpc">D02G3/34</class-ref>, <class-ref scheme="cpc">D02G3/40</class-ref> take precedence</text></CPC-specific-text><text>; elastic yarns or threads <class-ref scheme="cpc">D02G3/32</class-ref></text></reference></title-part></class-title>
<classification-item breakdown-code="false" not-allocatable="false" level="10" additional-only="false" sort-key="D02G3/362" definition-exists="false" ipc-concordant="D02G3/36" c-set-base-allowed="false" c-set-subsequent-allowed="true" date-revised="2013-01-01" status="published"><classification-symbol>D02G3/362</classification-symbol><class-title date-revised="2013-01-01"><title-part><CPC-specific-text><text>using hollow spindles </text><reference><text>details of spindles, e.g. bearings <class-ref scheme="cpc">D01H7/86</class-ref></text></reference></CPC-specific-text></title-part></class-title>
<classification-item breakdown-code="false" not-allocatable="false" level="11" additional-only="false" sort-key="D02G3/365" definition-exists="true" ipc-concordant="D02G3/36" c-set-base-allowed="false" c-set-subsequent-allowed="true" date-revised="2013-01-01" status="published"><classification-symbol>D02G3/365</classification-symbol><class-title date-revised="2013-01-01"><title-part><CPC-specific-text><text>around which a reel supporting feeding spool rotates</text></CPC-specific-text></title-part></class-title></classification-item></classification-item>
<classification-item breakdown-code="false" not-allocatable="false" level="10" additional-only="false" sort-key="D02G3/367" definition-exists="false" ipc-concordant="D02G3/36" c-set-base-allowed="false" c-set-subsequent-allowed="true" date-revised="2013-01-01" status="published"><classification-symbol>D02G3/367</classification-symbol><class-title date-revised="2013-01-01"><title-part><CPC-specific-text><text>using a drawing frame</text></CPC-specific-text></title-part></class-title></classification-item></classification-item>
<classification-item breakdown-code="false" not-allocatable="false" level="9" additional-only="false" sort-key="D02G3/38" definition-exists="true" ipc-concordant="D02G3/38" c-set-base-allowed="false" c-set-subsequent-allowed="true" date-revised="2013-01-01" status="published"><classification-symbol>D02G3/38</classification-symbol><class-title date-revised="2013-01-01"><title-part><text>Threads in which fibres, filaments, or yarns are wound with other yarns or filaments, </text><CPC-specific-text><text>e.g. wrap yarns, i.e. strands of filaments or staple fibres are wrapped by a helically wound binder yarn; </text><reference><text><class-ref scheme="cpc">D02G3/32</class-ref> takes precedence</text></reference></CPC-specific-text><text>; </text><reference><text>covering endless core threads with fibres by using open-end spinning techniques <class-ref scheme="cpc">D01H4/00</class-ref></text></reference></title-part></class-title>
<classification-item breakdown-code="false" not-allocatable="false" level="10" additional-only="false" sort-key="D02G3/385" definition-exists="false" ipc-concordant="D02G3/38" c-set-base-allowed="false" c-set-subsequent-allowed="true" date-revised="2013-01-01" status="published"><classification-symbol>D02G3/385</classification-symbol><class-title date-revised="2013-01-01"><title-part><CPC-specific-text><text>using hollow spindles, e.g. making coverspun yarns</text></CPC-specific-text></title-part></class-title></classification-item></classification-item>
<classification-item breakdown-code="false" not-allocatable="false" level="9" additional-only="false" sort-key="D02G3/40" definition-exists="true" ipc-concordant="D02G3/40" c-set-base-allowed="false" c-set-subsequent-allowed="true" date-revised="2013-01-01" status="published"><classification-symbol>D02G3/40</classification-symbol><class-title date-revised="2013-01-01"><title-part><text>Yarns in which fibres are united by adhesives</text></title-part><title-part><text>Impregnated yarns or threads</text></title-part></class-title>
<classification-item breakdown-code="false" not-allocatable="false" level="10" additional-only="false" sort-key="D02G3/402" definition-exists="false" ipc-concordant="D02G3/40" c-set-base-allowed="false" c-set-subsequent-allowed="true" date-revised="2013-01-01" status="published"><classification-symbol>D02G3/402</classification-symbol><class-title date-revised="2013-01-01"><title-part><CPC-specific-text><text>the adhesive being one component of the yarn, i.e. thermoplastic yarn</text></CPC-specific-text></title-part></class-title></classification-item>
<classification-item breakdown-code="false" not-allocatable="false" level="10" additional-only="false" sort-key="D02G3/404" definition-exists="true" ipc-concordant="D02G3/40" c-set-base-allowed="false" c-set-subsequent-allowed="true" date-revised="2013-01-01" status="published"><classification-symbol>D02G3/404</classification-symbol><class-title date-revised="2013-01-01"><title-part><CPC-specific-text><text>Yarns or threads coated with polymeric solutions</text></CPC-specific-text></title-part></class-title>
<classification-item breakdown-code="false" not-allocatable="false" level="11" additional-only="false" sort-key="D02G3/406" definition-exists="true" ipc-concordant="D02G3/40" c-set-base-allowed="false" c-set-subsequent-allowed="true" date-revised="2013-01-01" status="published"><classification-symbol>D02G3/406</classification-symbol><class-title date-revised="2013-01-01"><title-part><CPC-specific-text><text>where the polymeric solution is removable at a later stage, e.g. by washing</text></CPC-specific-text></title-part></class-title></classification-item></classification-item>
<classification-item breakdown-code="false" not-allocatable="false" level="10" additional-only="false" sort-key="D02G3/408" definition-exists="false" ipc-concordant="D02G3/40" c-set-base-allowed="false" c-set-subsequent-allowed="true" date-revised="2013-01-01" status="published"><classification-symbol>D02G3/408</classification-symbol><class-title date-revised="2013-01-01"><title-part><CPC-specific-text><text>Flocked yarns</text></CPC-specific-text></title-part></class-title></classification-item></classification-item>
<classification-item breakdown-code="false" not-allocatable="false" level="9" additional-only="false" sort-key="D02G3/42" definition-exists="true" ipc-concordant="D02G3/42" c-set-base-allowed="false" c-set-subsequent-allowed="true" date-revised="2013-01-01" status="published"><classification-symbol>D02G3/42</classification-symbol><class-title date-revised="2013-01-01"><title-part><text>Chenille threads</text></title-part></class-title></classification-item></classification-item>
<classification-item breakdown-code="false" not-allocatable="false" level="8" additional-only="false" sort-key="D02G3/44" definition-exists="true" ipc-concordant="D02G3/44" c-set-base-allowed="false" c-set-subsequent-allowed="true" date-revised="2013-01-01" status="published"><classification-symbol>D02G3/44</classification-symbol><class-title date-revised="2013-01-01"><title-part><text>Yarns or threads characterised by the purpose for which they are designed </text><CPC-specific-text><reference><text>protective gloves <class-ref scheme="cpc">A41D19/00</class-ref>; protective clothing <class-ref scheme="cpc">A62B17/00</class-ref>; ropes <class-ref scheme="cpc">D07B1/02</class-ref></text></reference></CPC-specific-text></title-part></class-title>
<classification-item breakdown-code="false" not-allocatable="false" level="9" additional-only="false" sort-key="D02G3/441" definition-exists="true" ipc-concordant="D02G3/44" c-set-base-allowed="false" c-set-subsequent-allowed="true" date-revised="2021-01-01" status="published"><classification-symbol>D02G3/441</classification-symbol><class-title date-revised="2021-01-01"><title-part><CPC-specific-text><text>Yarns or threads with antistatic, conductive or radiation-shielding properties </text><reference><text>electroconductive, anti-static or radiation-shielding filaments <class-ref scheme="cpc">D01F1/09</class-ref>, <class-ref scheme="cpc">D01F1/106</class-ref>; anti-static fabrics <class-ref scheme="cpc">D03D15/533</class-ref>; conducting, insulating or anti-static layers for floor coverings <class-ref scheme="cpc">D06N7/0042</class-ref></text></reference></CPC-specific-text></title-part></class-title></classification-item>
<classification-item breakdown-code="false" not-allocatable="false" level="9" additional-only="false" sort-key="D02G3/442" definition-exists="true" ipc-concordant="D02G3/44" c-set-base-allowed="false" c-set-subsequent-allowed="true" date-revised="2013-01-01" status="published"><classification-symbol>D02G3/442</classification-symbol><class-title date-revised="2013-01-01"><title-part><CPC-specific-text><text>Cut or abrasion resistant yarns or threads</text></CPC-specific-text></title-part></class-title></classification-item>
<classification-item breakdown-code="false" not-allocatable="false" level="9" additional-only="false" sort-key="D02G3/443" definition-exists="true" ipc-concordant="D02G3/44" c-set-base-allowed="false" c-set-subsequent-allowed="true" date-revised="2021-01-01" status="published"><classification-symbol>D02G3/443</classification-symbol><class-title date-revised="2021-01-01"><title-part><CPC-specific-text><text>Heat-resistant, fireproof or flame-retardant yarns or threads </text><reference><text>fire- or flame-proof filaments <class-ref scheme="cpc">D01F1/07</class-ref>; woven fabrics using heat-resistant or fireproof threads <class-ref scheme="cpc">D03D15/513</class-ref></text></reference></CPC-specific-text></title-part></class-title></classification-item>
<classification-item breakdown-code="false" not-allocatable="false" level="9" additional-only="false" sort-key="D02G3/444" definition-exists="true" ipc-concordant="D02G3/44" c-set-base-allowed="false" c-set-subsequent-allowed="true" date-revised="2013-01-01" status="published"><classification-symbol>D02G3/444</classification-symbol><class-title date-revised="2013-01-01"><title-part><CPC-specific-text><text>Yarns or threads for use in sports applications </text><reference><text>strings for tennis rackets <class-ref scheme="cpc">A63B51/02</class-ref></text></reference></CPC-specific-text></title-part></class-title></classification-item>
<classification-item breakdown-code="false" not-allocatable="false" level="9" additional-only="false" sort-key="D02G3/445" definition-exists="true" ipc-concordant="D02G3/44" c-set-base-allowed="false" c-set-subsequent-allowed="true" date-revised="2013-01-01" status="published"><classification-symbol>D02G3/445</classification-symbol><class-title date-revised="2013-01-01"><title-part><CPC-specific-text><text>Yarns or threads for use in floor fabrics </text><reference><text>floor fabrics <class-ref scheme="cpc">A47G27/00</class-ref>; floor coverings on textile basis <class-ref scheme="cpc">D06N7/0005</class-ref></text></reference></CPC-specific-text></title-part></class-title></classification-item>
<classification-item breakdown-code="false" not-allocatable="false" level="9" additional-only="false" sort-key="D02G3/446" definition-exists="false" ipc-concordant="D02G3/44" c-set-base-allowed="false" c-set-subsequent-allowed="true" date-revised="2013-01-01" status="published"><classification-symbol>D02G3/446</classification-symbol><class-title date-revised="2013-01-01"><title-part><CPC-specific-text><text>Yarns or threads for use in automotive applications</text></CPC-specific-text></title-part></class-title></classification-item>
<classification-item breakdown-code="false" not-allocatable="false" level="9" additional-only="false" sort-key="D02G3/447" definition-exists="true" ipc-concordant="D02G3/44" c-set-base-allowed="false" c-set-subsequent-allowed="true" date-revised="2013-01-01" status="published"><classification-symbol>D02G3/447</classification-symbol><class-title date-revised="2013-01-01"><title-part><CPC-specific-text><text>Yarns or threads for specific use in general industrial applications, e.g. as filters or reinforcement</text></CPC-specific-text></title-part></class-title></classification-item>
<classification-item breakdown-code="false" not-allocatable="false" level="9" additional-only="false" sort-key="D02G3/448" definition-exists="false" ipc-concordant="D02G3/44" c-set-base-allowed="false" c-set-subsequent-allowed="true" date-revised="2013-01-01" status="published"><classification-symbol>D02G3/448</classification-symbol><class-title date-revised="2013-01-01"><title-part><CPC-specific-text><text>Yarns or threads for use in medical applications </text><reference><text><class-ref scheme="cpc">D02G3/449</class-ref> takes precedence; surgical suture materials <class-ref scheme="cpc">A61L17/00</class-ref></text></reference></CPC-specific-text></title-part></class-title></classification-item>
<classification-item breakdown-code="false" not-allocatable="false" level="9" additional-only="false" sort-key="D02G3/449" definition-exists="true" ipc-concordant="D02G3/44" c-set-base-allowed="false" c-set-subsequent-allowed="true" date-revised="2017-08-01" status="published"><classification-symbol>D02G3/449</classification-symbol><class-title date-revised="2017-08-01"><title-part><CPC-specific-text><text>Yarns or threads with antibacterial properties </text><reference><text>filaments containing agents inhibiting growth of microorganisms <class-ref scheme="cpc">D01F1/103</class-ref></text></reference></CPC-specific-text></title-part></class-title></classification-item>
<classification-item breakdown-code="false" not-allocatable="false" level="9" additional-only="false" sort-key="D02G3/46" definition-exists="false" ipc-concordant="D02G3/46" c-set-base-allowed="false" c-set-subsequent-allowed="true" date-revised="2013-01-01" status="published"><classification-symbol>D02G3/46</classification-symbol><class-title date-revised="2013-01-01"><title-part><text>Sewing-cottons or the like</text></title-part></class-title></classification-item>
<classification-item breakdown-code="false" not-allocatable="false" level="9" additional-only="false" sort-key="D02G3/48" definition-exists="true" ipc-concordant="D02G3/48" c-set-base-allowed="false" c-set-subsequent-allowed="true" date-revised="2013-01-01" status="published"><classification-symbol>D02G3/48</classification-symbol><class-title date-revised="2013-01-01"><title-part><text>Tyre cords </text><CPC-specific-text><reference><text>tyre reinforcements <class-ref scheme="cpc">B60C9/00</class-ref>; metal cords for reinforcing rubber or plastic articles <class-ref scheme="cpc">D07B1/0606</class-ref></text></reference></CPC-specific-text></title-part></class-title></classification-item></classification-item></classification-item></classification-item></classification-item></class-scheme>