<?xml version="1.0" encoding="UTF-8"?>
<class-scheme publication-date="2024-08-01" scheme-type="cpc" publication-type="official">
<classification-item breakdown-code="false" not-allocatable="true" level="5" additional-only="false" sort-key="C06F" definition-exists="true" date-revised="2018-08-01" status="published"><classification-symbol>C06F</classification-symbol><class-title date-revised="2013-01-01"><title-part><text>MATCHES</text></title-part><title-part><text>MANUFACTURE OF MATCHES</text></title-part></class-title><notes-and-warnings><note type="warning"><note-paragraph>In this subclass non-limiting references (in the sense of paragraph 39 of the Guide to the IPC) may still be displayed in the scheme.</note-paragraph></note></notes-and-warnings>
<classification-item breakdown-code="false" not-allocatable="true" level="6" additional-only="false" sort-key="C06F1/00" date-revised="2013-01-01" status="published"><classification-symbol>C06F1/00</classification-symbol>
<classification-item breakdown-code="false" not-allocatable="false" level="7" additional-only="false" sort-key="C06F1/00" definition-exists="false" ipc-concordant="C06F1/00" c-set-base-allowed="false" c-set-subsequent-allowed="true" date-revised="2013-01-01" status="published"><classification-symbol>C06F1/00</classification-symbol><class-title date-revised="2013-01-01"><title-part><text>Mechanical manufacture of matches</text></title-part></class-title>
<classification-item breakdown-code="false" not-allocatable="false" level="8" additional-only="false" sort-key="C06F1/02" definition-exists="false" ipc-concordant="C06F1/02" c-set-base-allowed="false" c-set-subsequent-allowed="true" date-revised="2013-01-01" status="published"><classification-symbol>C06F1/02</classification-symbol><class-title date-revised="2013-01-01"><title-part><text>Cutting match splints </text><reference><text>independently of other operations <class-ref scheme="cpc">B27L9/00</class-ref></text></reference></title-part></class-title></classification-item>
<classification-item breakdown-code="false" not-allocatable="false" level="8" additional-only="false" sort-key="C06F1/04" definition-exists="false" ipc-concordant="C06F1/04" c-set-base-allowed="false" c-set-subsequent-allowed="true" date-revised="2013-01-01" status="published"><classification-symbol>C06F1/04</classification-symbol><class-title date-revised="2013-01-01"><title-part><text>Filling match splints into carrier bars</text></title-part><title-part><text>Discharging matches</text></title-part></class-title></classification-item>
<classification-item breakdown-code="false" not-allocatable="false" level="8" additional-only="false" sort-key="C06F1/06" definition-exists="true" ipc-concordant="C06F1/06" c-set-base-allowed="false" c-set-subsequent-allowed="true" date-revised="2013-01-01" status="published"><classification-symbol>C06F1/06</classification-symbol><class-title date-revised="2013-01-01"><title-part><text>Dipping, coating, impregnating, or drying of matches </text><reference><text>dipping or coating in general <class-ref scheme="cpc">B05C</class-ref>, <class-ref scheme="cpc">B05D</class-ref>; impregnating in general <class-ref scheme="cpc">B27K</class-ref>; drying in general <class-ref scheme="cpc">F26B</class-ref></text></reference></title-part></class-title></classification-item>
<classification-item breakdown-code="false" not-allocatable="false" level="8" additional-only="false" sort-key="C06F1/08" definition-exists="false" ipc-concordant="C06F1/08" c-set-base-allowed="false" c-set-subsequent-allowed="true" date-revised="2013-01-01" status="published"><classification-symbol>C06F1/08</classification-symbol><class-title date-revised="2013-01-01"><title-part><text>Carrier bars</text></title-part></class-title>
<classification-item breakdown-code="false" not-allocatable="false" level="9" additional-only="false" sort-key="C06F1/10" definition-exists="false" ipc-concordant="C06F1/10" c-set-base-allowed="false" c-set-subsequent-allowed="true" date-revised="2013-01-01" status="published"><classification-symbol>C06F1/10</classification-symbol><class-title date-revised="2013-01-01"><title-part><text>Guiding means for carrier bars</text></title-part></class-title></classification-item></classification-item>
<classification-item breakdown-code="false" not-allocatable="false" level="8" additional-only="false" sort-key="C06F1/12" definition-exists="false" ipc-concordant="C06F1/12" c-set-base-allowed="false" c-set-subsequent-allowed="true" date-revised="2013-01-01" status="published"><classification-symbol>C06F1/12</classification-symbol><class-title date-revised="2013-01-01"><title-part><text>Filling matches into boxes </text><reference><text>packaging in general <class-ref scheme="cpc">B65B</class-ref></text></reference></title-part></class-title></classification-item>
<classification-item breakdown-code="false" not-allocatable="false" level="8" additional-only="false" sort-key="C06F1/14" definition-exists="false" ipc-concordant="C06F1/14" c-set-base-allowed="false" c-set-subsequent-allowed="true" date-revised="2013-01-01" status="published"><classification-symbol>C06F1/14</classification-symbol><class-title date-revised="2013-01-01"><title-part><text>Manufacture of ignition strips</text></title-part></class-title></classification-item>
<classification-item breakdown-code="false" not-allocatable="false" level="8" additional-only="false" sort-key="C06F1/16" definition-exists="false" ipc-concordant="C06F1/16" c-set-base-allowed="false" c-set-subsequent-allowed="true" date-revised="2013-01-01" status="published"><classification-symbol>C06F1/16</classification-symbol><class-title date-revised="2013-01-01"><title-part><text>Manufacture of matches connected together, e.g. in bands or blocks</text></title-part></class-title></classification-item>
<classification-item breakdown-code="false" not-allocatable="false" level="8" additional-only="false" sort-key="C06F1/18" definition-exists="false" ipc-concordant="C06F1/18" c-set-base-allowed="false" c-set-subsequent-allowed="true" date-revised="2013-01-01" status="published"><classification-symbol>C06F1/18</classification-symbol><class-title date-revised="2013-01-01"><title-part><text>Printing on matches or match-boxes when combined with match manufacture</text></title-part></class-title></classification-item>
<classification-item breakdown-code="false" not-allocatable="false" level="8" additional-only="false" sort-key="C06F1/20" definition-exists="false" ipc-concordant="C06F1/20" c-set-base-allowed="false" c-set-subsequent-allowed="true" date-revised="2013-01-01" status="published"><classification-symbol>C06F1/20</classification-symbol><class-title date-revised="2013-01-01"><title-part><text>Applying strike-surfaces, e.g. on match-boxes on match-books</text></title-part></class-title></classification-item>
<classification-item breakdown-code="false" not-allocatable="false" level="8" additional-only="false" sort-key="C06F1/22" definition-exists="false" ipc-concordant="C06F1/22" c-set-base-allowed="false" c-set-subsequent-allowed="true" date-revised="2013-01-01" status="published"><classification-symbol>C06F1/22</classification-symbol><class-title date-revised="2013-01-01"><title-part><text>Manufacturing of match-books, match packs or match packages</text></title-part></class-title></classification-item>
<classification-item breakdown-code="false" not-allocatable="false" level="8" additional-only="false" sort-key="C06F1/24" definition-exists="false" ipc-concordant="C06F1/24" c-set-base-allowed="false" c-set-subsequent-allowed="true" date-revised="2013-01-01" status="published"><classification-symbol>C06F1/24</classification-symbol><class-title date-revised="2013-01-01"><title-part><text>Safety devices against fire</text></title-part></class-title></classification-item>
<classification-item breakdown-code="false" not-allocatable="false" level="8" additional-only="false" sort-key="C06F1/26" definition-exists="false" ipc-concordant="C06F1/26" c-set-base-allowed="false" c-set-subsequent-allowed="true" date-revised="2013-01-01" status="published"><classification-symbol>C06F1/26</classification-symbol><class-title date-revised="2013-01-01"><title-part><text>Production lines for complete match manufacture</text></title-part></class-title></classification-item></classification-item>
<classification-item breakdown-code="false" not-allocatable="false" level="7" additional-only="false" sort-key="C06F3/00" definition-exists="false" ipc-concordant="C06F3/00" c-set-base-allowed="false" c-set-subsequent-allowed="true" date-revised="2013-01-01" status="published"><classification-symbol>C06F3/00</classification-symbol><class-title date-revised="2013-01-01"><title-part><text>Chemical features in the manufacture of matches </text><reference><text>ignition compositions <class-ref scheme="cpc">C06B</class-ref></text></reference></title-part></class-title>
<classification-item breakdown-code="false" not-allocatable="false" level="8" additional-only="false" sort-key="C06F3/02" definition-exists="false" ipc-concordant="C06F3/02" c-set-base-allowed="false" c-set-subsequent-allowed="true" date-revised="2013-01-01" status="published"><classification-symbol>C06F3/02</classification-symbol><class-title date-revised="2013-01-01"><title-part><text>Wooden strip for matches or substitute therefor</text></title-part></class-title>
<classification-item breakdown-code="false" not-allocatable="false" level="9" additional-only="false" sort-key="C06F3/04" definition-exists="false" ipc-concordant="C06F3/04" c-set-base-allowed="false" c-set-subsequent-allowed="true" date-revised="2013-01-01" status="published"><classification-symbol>C06F3/04</classification-symbol><class-title date-revised="2013-01-01"><title-part><text>Chemical treatment before or after dipping, e.g. dyeing, impregnating</text></title-part></class-title></classification-item></classification-item>
<classification-item breakdown-code="false" not-allocatable="false" level="8" additional-only="false" sort-key="C06F3/08" definition-exists="false" ipc-concordant="C06F3/08" c-set-base-allowed="false" c-set-subsequent-allowed="true" date-revised="2013-01-01" status="published"><classification-symbol>C06F3/08</classification-symbol><class-title date-revised="2013-01-01"><title-part><text>Strike-surface compositions</text></title-part></class-title></classification-item></classification-item>
<classification-item breakdown-code="false" not-allocatable="false" level="7" additional-only="false" sort-key="C06F5/00" definition-exists="true" ipc-concordant="C06F5/00" c-set-base-allowed="false" c-set-subsequent-allowed="true" date-revised="2013-01-01" status="published"><classification-symbol>C06F5/00</classification-symbol><class-title date-revised="2013-01-01"><title-part><text>Matches </text><reference><text>match-books <class-ref scheme="cpc">A24F27/12</class-ref></text></reference></title-part></class-title>
<classification-item breakdown-code="false" not-allocatable="false" level="8" additional-only="false" sort-key="C06F5/02" definition-exists="false" ipc-concordant="C06F5/02" c-set-base-allowed="false" c-set-subsequent-allowed="true" date-revised="2013-01-01" status="published"><classification-symbol>C06F5/02</classification-symbol><class-title date-revised="2013-01-01"><title-part><text>Permanent matches</text></title-part></class-title></classification-item>
<classification-item breakdown-code="false" not-allocatable="false" level="8" additional-only="false" sort-key="C06F5/04" definition-exists="false" ipc-concordant="C06F5/04" c-set-base-allowed="false" c-set-subsequent-allowed="true" date-revised="2013-01-01" status="published"><classification-symbol>C06F5/04</classification-symbol><class-title date-revised="2013-01-01"><title-part><text>Wax matches</text></title-part></class-title></classification-item></classification-item></classification-item></classification-item></class-scheme>