<?xml version="1.0" encoding="UTF-8"?>
<class-scheme publication-date="2024-08-01" scheme-type="cpc" publication-type="official">
<classification-item breakdown-code="false" not-allocatable="true" level="5" additional-only="false" sort-key="D06C" definition-exists="true" date-revised="2020-01-01" status="published"><classification-symbol>D06C</classification-symbol><class-title date-revised="2020-01-01"><title-part><text>FINISHING, DRESSING, TENTERING OR STRETCHING TEXTILE FABRICS</text></title-part></class-title><notes-and-warnings date-revised="2013-01-01"><note type="note"><note-paragraph>In this subclass, the following term is used with the meaning indicated: <subnote type="bullet"><note-paragraph>&quot;fabric&quot; includes yarns in warp or sheet form</note-paragraph></subnote></note-paragraph><note-paragraph>This subclass <u>does not cover</u> treatment of textiles by purely chemical means, which is covered by subclasses <class-ref scheme="cpc">D06L</class-ref> - <class-ref scheme="cpc">D06Q</class-ref>.</note-paragraph></note><note type="warning"><note-paragraph><CPC-specific-note>In this subclass non-limiting references (in the sense of paragraph 39 of the Guide to the IPC) may still be displayed in the scheme.</CPC-specific-note></note-paragraph></note></notes-and-warnings>
<classification-item breakdown-code="false" not-allocatable="true" level="6" additional-only="false" sort-key="D06C3/00" date-revised="2013-01-01" status="published"><classification-symbol>D06C3/00</classification-symbol>
<classification-item breakdown-code="false" not-allocatable="false" level="7" additional-only="false" sort-key="D06C3/00" definition-exists="true" ipc-concordant="D06C3/00" c-set-base-allowed="false" c-set-subsequent-allowed="true" date-revised="2020-01-01" status="published"><classification-symbol>D06C3/00</classification-symbol><class-title date-revised="2020-01-01"><title-part><text>Stretching, tentering or spreading textile fabrics</text></title-part><title-part><text>Producing elasticity in textile fabrics </text><reference><text>shaping or stretching tubular fabrics upon cores or internal frames <class-ref scheme="cpc">D06C5/00</class-ref></text></reference></title-part></class-title>
<classification-item breakdown-code="false" not-allocatable="false" level="8" additional-only="false" sort-key="D06C3/02" definition-exists="true" ipc-concordant="D06C3/02" c-set-base-allowed="false" c-set-subsequent-allowed="true" date-revised="2020-01-01" status="published"><classification-symbol>D06C3/02</classification-symbol><class-title date-revised="2020-01-01"><title-part><text>by endless chain or like apparatus</text></title-part></class-title>
<classification-item breakdown-code="false" not-allocatable="false" level="9" additional-only="false" sort-key="D06C3/021" definition-exists="false" ipc-concordant="D06C3/02" c-set-base-allowed="false" c-set-subsequent-allowed="true" date-revised="2013-01-01" status="published"><classification-symbol>D06C3/021</classification-symbol><class-title date-revised="2013-01-01"><title-part><CPC-specific-text><text>Biaxial stretching</text></CPC-specific-text></title-part></class-title></classification-item>
<classification-item breakdown-code="false" not-allocatable="false" level="9" additional-only="false" sort-key="D06C3/023" definition-exists="false" ipc-concordant="D06C3/02" c-set-base-allowed="false" c-set-subsequent-allowed="true" date-revised="2013-01-01" status="published"><classification-symbol>D06C3/023</classification-symbol><class-title date-revised="2013-01-01"><title-part><CPC-specific-text><text>Chains</text></CPC-specific-text></title-part></class-title></classification-item>
<classification-item breakdown-code="false" not-allocatable="false" level="9" additional-only="false" sort-key="D06C3/025" definition-exists="false" ipc-concordant="D06C3/02" c-set-base-allowed="false" c-set-subsequent-allowed="true" date-revised="2013-01-01" status="published"><classification-symbol>D06C3/025</classification-symbol><class-title date-revised="2013-01-01"><title-part><CPC-specific-text><text>Driving or guiding means for stenter chains </text><reference><text>chains <u>per se</u> <class-ref scheme="cpc">D06C3/023</class-ref></text></reference></CPC-specific-text></title-part></class-title>
<classification-item breakdown-code="false" not-allocatable="false" level="10" additional-only="false" sort-key="D06C3/026" definition-exists="false" ipc-concordant="D06C3/02" c-set-base-allowed="false" c-set-subsequent-allowed="true" date-revised="2013-01-01" status="published"><classification-symbol>D06C3/026</classification-symbol><class-title date-revised="2013-01-01"><title-part><CPC-specific-text><text>Detection means for controlling lateral position of the textile material</text></CPC-specific-text></title-part></class-title></classification-item></classification-item>
<classification-item breakdown-code="false" not-allocatable="false" level="9" additional-only="false" sort-key="D06C3/028" definition-exists="false" ipc-concordant="D06C3/02" c-set-base-allowed="false" c-set-subsequent-allowed="true" date-revised="2013-01-01" status="published"><classification-symbol>D06C3/028</classification-symbol><class-title date-revised="2013-01-01"><title-part><CPC-specific-text><text>Devices for feeding material onto or removing it from stenders</text></CPC-specific-text></title-part></class-title></classification-item>
<classification-item breakdown-code="false" not-allocatable="false" level="9" additional-only="false" sort-key="D06C3/04" definition-exists="false" ipc-concordant="D06C3/04" c-set-base-allowed="false" c-set-subsequent-allowed="true" date-revised="2013-01-01" status="published"><classification-symbol>D06C3/04</classification-symbol><class-title date-revised="2013-01-01"><title-part><text>Tentering clips</text></title-part></class-title></classification-item></classification-item>
<classification-item breakdown-code="false" not-allocatable="false" level="8" additional-only="false" sort-key="D06C3/06" definition-exists="true" ipc-concordant="D06C3/06" c-set-base-allowed="false" c-set-subsequent-allowed="true" date-revised="2013-01-01" status="published"><classification-symbol>D06C3/06</classification-symbol><class-title date-revised="2013-01-01"><title-part><text>by rotary disc, roller, or like apparatus</text></title-part></class-title>
<classification-item breakdown-code="false" not-allocatable="false" level="9" additional-only="false" sort-key="D06C3/062" definition-exists="false" ipc-concordant="D06C3/06" c-set-base-allowed="false" c-set-subsequent-allowed="true" date-revised="2013-01-01" status="published"><classification-symbol>D06C3/062</classification-symbol><class-title date-revised="2013-01-01"><title-part><CPC-specific-text><text>acting on the selvedges of the material only</text></CPC-specific-text></title-part></class-title>
<classification-item breakdown-code="false" not-allocatable="false" level="10" additional-only="false" sort-key="D06C3/065" definition-exists="false" ipc-concordant="D06C3/06" c-set-base-allowed="false" c-set-subsequent-allowed="true" date-revised="2013-01-01" status="published"><classification-symbol>D06C3/065</classification-symbol><class-title date-revised="2013-01-01"><title-part><CPC-specific-text><text>with uncurling of the edges of the fabric</text></CPC-specific-text></title-part></class-title></classification-item></classification-item>
<classification-item breakdown-code="false" not-allocatable="false" level="9" additional-only="false" sort-key="D06C3/067" definition-exists="true" ipc-concordant="D06C3/06" c-set-base-allowed="false" c-set-subsequent-allowed="true" date-revised="2013-01-01" status="published"><classification-symbol>D06C3/067</classification-symbol><class-title date-revised="2013-01-01"><title-part><CPC-specific-text><text>by curved rollers</text></CPC-specific-text></title-part></class-title></classification-item></classification-item>
<classification-item breakdown-code="false" not-allocatable="false" level="8" additional-only="false" sort-key="D06C3/08" definition-exists="false" ipc-concordant="D06C3/08" c-set-base-allowed="false" c-set-subsequent-allowed="true" date-revised="2013-01-01" status="published"><classification-symbol>D06C3/08</classification-symbol><class-title date-revised="2013-01-01"><title-part><text>by frames or like apparatus</text></title-part></class-title></classification-item>
<classification-item breakdown-code="false" not-allocatable="false" level="8" additional-only="false" sort-key="D06C3/10" definition-exists="false" ipc-concordant="D06C3/10" c-set-base-allowed="false" c-set-subsequent-allowed="true" date-revised="2013-01-01" status="published"><classification-symbol>D06C3/10</classification-symbol><class-title date-revised="2013-01-01"><title-part><text>Hooks, pin-blocks, or like apparatus</text></title-part></class-title></classification-item></classification-item>
<classification-item breakdown-code="false" not-allocatable="false" level="7" additional-only="false" sort-key="D06C5/00" definition-exists="true" ipc-concordant="D06C5/00" c-set-base-allowed="false" c-set-subsequent-allowed="true" date-revised="2020-01-01" status="published"><classification-symbol>D06C5/00</classification-symbol><class-title date-revised="2020-01-01"><title-part><text>Shaping or stretching of tubular fabrics upon cores or internal frames</text></title-part></class-title>
<classification-item breakdown-code="false" not-allocatable="false" level="8" additional-only="false" sort-key="D06C5/005" definition-exists="true" ipc-concordant="D06C5/00" c-set-base-allowed="false" c-set-subsequent-allowed="true" date-revised="2013-01-01" status="published"><classification-symbol>D06C5/005</classification-symbol><class-title date-revised="2013-01-01"><title-part><CPC-specific-text><text>of articles, e.g. stockings</text></CPC-specific-text></title-part></class-title></classification-item></classification-item>
<classification-item breakdown-code="false" not-allocatable="false" level="7" additional-only="false" sort-key="D06C7/00" definition-exists="true" ipc-concordant="D06C7/00" c-set-base-allowed="false" c-set-subsequent-allowed="true" date-revised="2020-01-01" status="published"><classification-symbol>D06C7/00</classification-symbol><class-title date-revised="2020-01-01"><title-part><text>Heating or cooling textile fabrics</text></title-part></class-title>
<classification-item breakdown-code="false" not-allocatable="false" level="8" additional-only="false" sort-key="D06C7/02" definition-exists="true" ipc-concordant="D06C7/02" c-set-base-allowed="false" c-set-subsequent-allowed="true" date-revised="2013-01-01" status="published"><classification-symbol>D06C7/02</classification-symbol><class-title date-revised="2013-01-01"><title-part><text>Setting</text></title-part></class-title></classification-item>
<classification-item breakdown-code="false" not-allocatable="false" level="8" additional-only="false" sort-key="D06C7/04" definition-exists="false" ipc-concordant="D06C7/04" c-set-base-allowed="false" c-set-subsequent-allowed="true" date-revised="2013-01-01" status="published"><classification-symbol>D06C7/04</classification-symbol><class-title date-revised="2013-01-01"><title-part><text>Carbonising or oxidising </text><reference><text>processes comprising combined chemical and mechanical treatment <class-ref scheme="cpc">D06M</class-ref></text></reference></title-part></class-title></classification-item></classification-item>
<classification-item breakdown-code="false" not-allocatable="false" level="7" additional-only="false" sort-key="D06C9/00" definition-exists="true" ipc-concordant="D06C9/00" c-set-base-allowed="false" c-set-subsequent-allowed="true" date-revised="2013-01-01" status="published"><classification-symbol>D06C9/00</classification-symbol><class-title date-revised="2013-01-01"><title-part><text>Singeing </text><reference><text>for making patterns or designs <class-ref scheme="cpc">D06C23/02</class-ref></text></reference></title-part></class-title>
<classification-item breakdown-code="false" not-allocatable="false" level="8" additional-only="false" sort-key="D06C9/02" definition-exists="false" ipc-concordant="D06C9/02" c-set-base-allowed="false" c-set-subsequent-allowed="true" date-revised="2013-01-01" status="published"><classification-symbol>D06C9/02</classification-symbol><class-title date-revised="2013-01-01"><title-part><text>by flame</text></title-part></class-title></classification-item>
<classification-item breakdown-code="false" not-allocatable="false" level="8" additional-only="false" sort-key="D06C9/04" definition-exists="false" ipc-concordant="D06C9/04" c-set-base-allowed="false" c-set-subsequent-allowed="true" date-revised="2013-01-01" status="published"><classification-symbol>D06C9/04</classification-symbol><class-title date-revised="2013-01-01"><title-part><text>by contact with heated elements</text></title-part></class-title></classification-item></classification-item>
<classification-item breakdown-code="false" not-allocatable="false" level="7" additional-only="false" sort-key="D06C11/00" definition-exists="true" ipc-concordant="D06C11/00" c-set-base-allowed="false" c-set-subsequent-allowed="true" date-revised="2020-01-01" status="published"><classification-symbol>D06C11/00</classification-symbol><class-title date-revised="2020-01-01"><title-part><text>Teasing, napping or otherwise roughening or raising pile of textile fabrics </text><reference><text>for making patterns or designs <class-ref scheme="cpc">D06C23/02</class-ref></text></reference></title-part></class-title></classification-item>
<classification-item breakdown-code="false" not-allocatable="false" level="7" additional-only="false" sort-key="D06C13/00" definition-exists="true" ipc-concordant="D06C13/00" c-set-base-allowed="false" c-set-subsequent-allowed="true" date-revised="2020-01-01" status="published"><classification-symbol>D06C13/00</classification-symbol><class-title date-revised="2020-01-01"><title-part><text>Shearing, clipping or cropping surfaces of textile fabrics</text></title-part><title-part><text>Pile cutting</text></title-part><title-part><text>Trimming seamed edges </text><reference><text>for making patterns or designs <class-ref scheme="cpc">D06C23/02</class-ref></text></reference></title-part></class-title>
<classification-item breakdown-code="false" not-allocatable="false" level="8" additional-only="false" sort-key="D06C13/02" definition-exists="false" ipc-concordant="D06C13/02" c-set-base-allowed="false" c-set-subsequent-allowed="true" date-revised="2013-01-01" status="published"><classification-symbol>D06C13/02</classification-symbol><class-title date-revised="2013-01-01"><title-part><text>Arrangements for detecting the presence of a seam in the fabric to lift the shearing blade</text></title-part></class-title></classification-item>
<classification-item breakdown-code="false" not-allocatable="false" level="8" additional-only="false" sort-key="D06C13/04" definition-exists="true" ipc-concordant="D06C13/04" c-set-base-allowed="false" c-set-subsequent-allowed="true" date-revised="2013-01-01" status="published"><classification-symbol>D06C13/04</classification-symbol><class-title date-revised="2013-01-01"><title-part><text>Shearing lace or embroidery, e.g. cutting loose threads</text></title-part></class-title></classification-item>
<classification-item breakdown-code="false" not-allocatable="false" level="8" additional-only="false" sort-key="D06C13/06" definition-exists="false" ipc-concordant="D06C13/06" c-set-base-allowed="false" c-set-subsequent-allowed="true" date-revised="2013-01-01" status="published"><classification-symbol>D06C13/06</classification-symbol><class-title date-revised="2013-01-01"><title-part><text>Removing floats</text></title-part></class-title></classification-item>
<classification-item breakdown-code="false" not-allocatable="false" level="8" additional-only="false" sort-key="D06C13/08" definition-exists="false" ipc-concordant="D06C13/08" c-set-base-allowed="false" c-set-subsequent-allowed="true" date-revised="2013-01-01" status="published"><classification-symbol>D06C13/08</classification-symbol><class-title date-revised="2013-01-01"><title-part><text>Cutting pile loops </text><reference><text>on the loom <class-ref scheme="cpc">D03D39/24</class-ref></text></reference></title-part></class-title></classification-item>
<classification-item breakdown-code="false" not-allocatable="false" level="8" additional-only="false" sort-key="D06C13/10" definition-exists="false" ipc-concordant="D06C13/10" c-set-base-allowed="false" c-set-subsequent-allowed="true" date-revised="2013-01-01" status="published"><classification-symbol>D06C13/10</classification-symbol><class-title date-revised="2013-01-01"><title-part><text>Splitting double pile fabrics </text><reference><text>on the loom <class-ref scheme="cpc">D03D39/16</class-ref></text></reference></title-part></class-title></classification-item>
<classification-item breakdown-code="false" not-allocatable="false" level="8" additional-only="false" sort-key="D06C13/12" definition-exists="false" ipc-concordant="D06C13/12" c-set-base-allowed="false" c-set-subsequent-allowed="true" date-revised="2013-01-01" status="published"><classification-symbol>D06C13/12</classification-symbol><class-title date-revised="2013-01-01"><title-part><text>Trimming hosiery or seamed edges of fabrics</text></title-part></class-title></classification-item></classification-item>
<classification-item breakdown-code="false" not-allocatable="false" level="7" additional-only="false" sort-key="D06C15/00" definition-exists="true" ipc-concordant="D06C15/00" c-set-base-allowed="false" c-set-subsequent-allowed="true" date-revised="2020-01-01" status="published"><classification-symbol>D06C15/00</classification-symbol><class-title date-revised="2020-01-01"><title-part><text>Calendering, pressing, ironing, glossing or glazing textile fabrics </text><reference><text>for making patterns or designs <class-ref scheme="cpc">D06C23/00</class-ref></text></reference></title-part></class-title>
<classification-item breakdown-code="false" not-allocatable="false" level="8" additional-only="false" sort-key="D06C15/02" definition-exists="false" ipc-concordant="D06C15/02" c-set-base-allowed="false" c-set-subsequent-allowed="true" date-revised="2013-01-01" status="published"><classification-symbol>D06C15/02</classification-symbol><class-title date-revised="2013-01-01"><title-part><text>between co-operating press or calender rolls</text></title-part></class-title></classification-item>
<classification-item breakdown-code="false" not-allocatable="false" level="8" additional-only="false" sort-key="D06C15/04" definition-exists="false" ipc-concordant="D06C15/04" c-set-base-allowed="false" c-set-subsequent-allowed="true" date-revised="2013-01-01" status="published"><classification-symbol>D06C15/04</classification-symbol><class-title date-revised="2013-01-01"><title-part><text>between rollers and co-operating concave surfaces </text><reference><text><class-ref scheme="cpc">D06C15/06</class-ref> takes precedence</text></reference></title-part></class-title></classification-item>
<classification-item breakdown-code="false" not-allocatable="false" level="8" additional-only="false" sort-key="D06C15/06" definition-exists="false" ipc-concordant="D06C15/06" c-set-base-allowed="false" c-set-subsequent-allowed="true" date-revised="2013-01-01" status="published"><classification-symbol>D06C15/06</classification-symbol><class-title date-revised="2013-01-01"><title-part><text>between rollers and co-operating moving surfaces formed of flexible material, e.g. bands</text></title-part></class-title></classification-item>
<classification-item breakdown-code="false" not-allocatable="false" level="8" additional-only="false" sort-key="D06C15/08" definition-exists="true" ipc-concordant="D06C15/08" c-set-base-allowed="false" c-set-subsequent-allowed="true" date-revised="2013-01-01" status="published"><classification-symbol>D06C15/08</classification-symbol><class-title date-revised="2013-01-01"><title-part><text>Rollers therefor</text></title-part></class-title></classification-item>
<classification-item breakdown-code="false" not-allocatable="false" level="8" additional-only="false" sort-key="D06C15/10" definition-exists="false" ipc-concordant="D06C15/10" c-set-base-allowed="false" c-set-subsequent-allowed="true" date-revised="2013-01-01" status="published"><classification-symbol>D06C15/10</classification-symbol><class-title date-revised="2013-01-01"><title-part><text>between flat plates of a press</text></title-part></class-title>
<classification-item breakdown-code="false" not-allocatable="false" level="9" additional-only="false" sort-key="D06C15/12" definition-exists="false" ipc-concordant="D06C15/12" c-set-base-allowed="false" c-set-subsequent-allowed="true" date-revised="2013-01-01" status="published"><classification-symbol>D06C15/12</classification-symbol><class-title date-revised="2013-01-01"><title-part><text>for pressing a pile of fabrics</text></title-part></class-title></classification-item></classification-item>
<classification-item breakdown-code="false" not-allocatable="false" level="8" additional-only="false" sort-key="D06C15/14" definition-exists="true" ipc-concordant="D06C15/14" c-set-base-allowed="false" c-set-subsequent-allowed="true" date-revised="2013-01-01" status="published"><classification-symbol>D06C15/14</classification-symbol><class-title date-revised="2013-01-01"><title-part><text>Beetling</text></title-part></class-title></classification-item></classification-item>
<classification-item breakdown-code="false" not-allocatable="false" level="7" additional-only="false" sort-key="D06C17/00" definition-exists="true" ipc-concordant="D06C17/00" c-set-base-allowed="false" c-set-subsequent-allowed="true" date-revised="2013-01-01" status="published"><classification-symbol>D06C17/00</classification-symbol><class-title date-revised="2013-01-01"><title-part><text>Fulling</text></title-part></class-title>
<classification-item breakdown-code="false" not-allocatable="false" level="8" additional-only="false" sort-key="D06C17/02" definition-exists="false" ipc-concordant="D06C17/02" c-set-base-allowed="false" c-set-subsequent-allowed="true" date-revised="2013-01-01" status="published"><classification-symbol>D06C17/02</classification-symbol><class-title date-revised="2013-01-01"><title-part><text>by rollers</text></title-part></class-title></classification-item>
<classification-item breakdown-code="false" not-allocatable="false" level="8" additional-only="false" sort-key="D06C17/04" definition-exists="false" ipc-concordant="D06C17/04" c-set-base-allowed="false" c-set-subsequent-allowed="true" date-revised="2013-01-01" status="published"><classification-symbol>D06C17/04</classification-symbol><class-title date-revised="2013-01-01"><title-part><text>by hammers or beaters</text></title-part></class-title></classification-item></classification-item>
<classification-item breakdown-code="false" not-allocatable="false" level="7" additional-only="false" sort-key="D06C19/00" definition-exists="true" ipc-concordant="D06C19/00" c-set-base-allowed="false" c-set-subsequent-allowed="true" date-revised="2013-01-01" status="published"><classification-symbol>D06C19/00</classification-symbol><class-title date-revised="2013-01-01"><title-part><text>Breaking or softening of fabrics </text><reference><text>by stretching <class-ref scheme="cpc">D06C3/00</class-ref>; by calendering, pressing, or beetling <class-ref scheme="cpc">D06C15/00</class-ref>; by fulling <class-ref scheme="cpc">D06C17/00</class-ref></text></reference></title-part></class-title></classification-item>
<classification-item breakdown-code="false" not-allocatable="false" level="7" additional-only="false" sort-key="D06C21/00" definition-exists="true" ipc-concordant="D06C21/00" c-set-base-allowed="false" c-set-subsequent-allowed="true" date-revised="2013-01-01" status="published"><classification-symbol>D06C21/00</classification-symbol><class-title date-revised="2013-01-01"><title-part><text>Shrinking by compressing</text></title-part></class-title>
<classification-item breakdown-code="false" not-allocatable="false" level="8" additional-only="false" sort-key="D06C21/005" definition-exists="false" ipc-concordant="D06C21/00" c-set-base-allowed="false" c-set-subsequent-allowed="true" date-revised="2013-01-01" status="published"><classification-symbol>D06C21/005</classification-symbol><class-title date-revised="2013-01-01"><title-part><CPC-specific-text><text>Compacting belts</text></CPC-specific-text></title-part></class-title></classification-item></classification-item>
<classification-item breakdown-code="false" not-allocatable="false" level="7" additional-only="false" sort-key="D06C23/00" definition-exists="true" ipc-concordant="D06C23/00" c-set-base-allowed="false" c-set-subsequent-allowed="true" date-revised="2020-01-01" status="published"><classification-symbol>D06C23/00</classification-symbol><class-title date-revised="2020-01-01"><title-part><text>Making patterns or designs on fabrics</text></title-part></class-title>
<classification-item breakdown-code="false" not-allocatable="false" level="8" additional-only="false" sort-key="D06C23/02" definition-exists="false" ipc-concordant="D06C23/02" c-set-base-allowed="false" c-set-subsequent-allowed="true" date-revised="2013-01-01" status="published"><classification-symbol>D06C23/02</classification-symbol><class-title date-revised="2013-01-01"><title-part><text>by singeing, teasing, shearing, etching or brushing</text></title-part></class-title></classification-item>
<classification-item breakdown-code="false" not-allocatable="false" level="8" additional-only="false" sort-key="D06C23/04" definition-exists="true" ipc-concordant="D06C23/04" c-set-base-allowed="false" c-set-subsequent-allowed="true" date-revised="2017-01-01" status="published"><classification-symbol>D06C23/04</classification-symbol><class-title date-revised="2017-01-01"><title-part><text>by shrinking, embossing, moir&#233;ing, or cr&#234;ping</text></title-part></class-title></classification-item></classification-item>
<classification-item breakdown-code="false" not-allocatable="false" level="7" additional-only="false" sort-key="D06C25/00" definition-exists="true" ipc-concordant="D06C25/00" c-set-base-allowed="false" c-set-subsequent-allowed="true" date-revised="2020-01-01" status="published"><classification-symbol>D06C25/00</classification-symbol><class-title date-revised="2020-01-01"><title-part><text>Treating selvedges or other edges, e.g. stiffening</text></title-part></class-title></classification-item>
<classification-item breakdown-code="false" not-allocatable="false" level="7" additional-only="false" sort-key="D06C27/00" definition-exists="true" ipc-concordant="D06C27/00" c-set-base-allowed="false" c-set-subsequent-allowed="true" date-revised="2013-01-01" status="published"><classification-symbol>D06C27/00</classification-symbol><class-title date-revised="2013-01-01"><title-part><text>Compound processes or apparatus, for finishing or dressing textile fabrics, not otherwise provided for</text></title-part></class-title></classification-item>
<classification-item breakdown-code="false" not-allocatable="false" level="7" additional-only="false" sort-key="D06C29/00" definition-exists="true" ipc-concordant="D06C29/00" c-set-base-allowed="false" c-set-subsequent-allowed="true" date-revised="2013-01-01" status="published"><classification-symbol>D06C29/00</classification-symbol><class-title date-revised="2013-01-01"><title-part><text>Finishing or dressing, of textile fabrics, not provided for in the preceding groups</text></title-part></class-title>
<classification-item breakdown-code="false" not-allocatable="false" level="8" additional-only="false" sort-key="D06C29/005" definition-exists="false" ipc-concordant="D06C29/00" c-set-base-allowed="false" c-set-subsequent-allowed="true" date-revised="2013-01-01" status="published"><classification-symbol>D06C29/005</classification-symbol><class-title date-revised="2013-01-01"><title-part><CPC-specific-text><text>hydroentangling</text></CPC-specific-text></title-part></class-title></classification-item></classification-item></classification-item>
<classification-item breakdown-code="true" not-allocatable="true" level="6" additional-only="true" sort-key="D06C700/00" date-revised="2013-01-01" status="published"><classification-symbol>D06C2700/00</classification-symbol>
<classification-item breakdown-code="true" not-allocatable="false" level="7" additional-only="true" sort-key="D06C700/00" definition-exists="false" ipc-concordant="CPCONLY" c-set-base-allowed="false" c-set-subsequent-allowed="true" date-revised="2013-01-01" status="published"><classification-symbol>D06C2700/00</classification-symbol><class-title date-revised="2013-01-01"><title-part><text>Finishing or decoration of textile materials, except for bleaching, dyeing, printing, mercerising, washing or fulling</text></title-part></class-title>
<classification-item breakdown-code="true" not-allocatable="false" level="8" additional-only="true" sort-key="D06C700/02" definition-exists="false" ipc-concordant="CPCONLY" c-set-base-allowed="false" c-set-subsequent-allowed="true" date-revised="2013-01-01" status="published"><classification-symbol>D06C2700/02</classification-symbol><class-title date-revised="2013-01-01"><title-part><text>Tenters for tentering or drying fabrics</text></title-part></class-title></classification-item>
<classification-item breakdown-code="true" not-allocatable="false" level="8" additional-only="true" sort-key="D06C700/04" definition-exists="false" ipc-concordant="CPCONLY" c-set-base-allowed="false" c-set-subsequent-allowed="true" date-revised="2013-01-01" status="published"><classification-symbol>D06C2700/04</classification-symbol><class-title date-revised="2013-01-01"><title-part><text>Tenters or driers for fabrics without diagonal displacement</text></title-part></class-title></classification-item>
<classification-item breakdown-code="true" not-allocatable="false" level="8" additional-only="true" sort-key="D06C700/05" definition-exists="false" ipc-concordant="CPCONLY" c-set-base-allowed="false" c-set-subsequent-allowed="true" date-revised="2013-01-01" status="published"><classification-symbol>D06C2700/05</classification-symbol><class-title date-revised="2013-01-01"><title-part><text>Tenters or driers for fabrics with diagonal displacement</text></title-part></class-title></classification-item>
<classification-item breakdown-code="true" not-allocatable="false" level="8" additional-only="true" sort-key="D06C700/06" definition-exists="false" ipc-concordant="CPCONLY" c-set-base-allowed="false" c-set-subsequent-allowed="true" date-revised="2013-01-01" status="published"><classification-symbol>D06C2700/06</classification-symbol><class-title date-revised="2013-01-01"><title-part><text>Clips or accessories for tenters or driers</text></title-part></class-title></classification-item>
<classification-item breakdown-code="true" not-allocatable="false" level="8" additional-only="true" sort-key="D06C700/09" definition-exists="false" ipc-concordant="CPCONLY" c-set-base-allowed="false" c-set-subsequent-allowed="true" date-revised="2013-01-01" status="published"><classification-symbol>D06C2700/09</classification-symbol><class-title date-revised="2013-01-01"><title-part><text>Various apparatus for drying textiles</text></title-part></class-title></classification-item>
<classification-item breakdown-code="true" not-allocatable="false" level="8" additional-only="true" sort-key="D06C700/10" definition-exists="false" ipc-concordant="CPCONLY" c-set-base-allowed="false" c-set-subsequent-allowed="true" date-revised="2013-01-01" status="published"><classification-symbol>D06C2700/10</classification-symbol><class-title date-revised="2013-01-01"><title-part><text>Guides or expanders for finishing</text></title-part></class-title></classification-item>
<classification-item breakdown-code="true" not-allocatable="false" level="8" additional-only="true" sort-key="D06C700/13" definition-exists="false" ipc-concordant="CPCONLY" c-set-base-allowed="false" c-set-subsequent-allowed="true" date-revised="2013-01-01" status="published"><classification-symbol>D06C2700/13</classification-symbol><class-title date-revised="2013-01-01"><title-part><text>Steaming or decatising of fabrics or yarns</text></title-part></class-title>
<classification-item breakdown-code="true" not-allocatable="false" level="9" additional-only="true" sort-key="D06C700/135" definition-exists="false" ipc-concordant="CPCONLY" c-set-base-allowed="false" c-set-subsequent-allowed="true" date-revised="2013-01-01" status="published"><classification-symbol>D06C2700/135</classification-symbol><class-title date-revised="2013-01-01"><title-part><text>Moistening of fabrics or yarns as a complementary treatment</text></title-part></class-title></classification-item></classification-item>
<classification-item breakdown-code="true" not-allocatable="false" level="8" additional-only="true" sort-key="D06C700/15" definition-exists="false" ipc-concordant="CPCONLY" c-set-base-allowed="false" c-set-subsequent-allowed="true" date-revised="2013-01-01" status="published"><classification-symbol>D06C2700/15</classification-symbol><class-title date-revised="2013-01-01"><title-part><text>Brushing or beating of fabrics for finishing but not for cleaning</text></title-part></class-title></classification-item>
<classification-item breakdown-code="true" not-allocatable="false" level="8" additional-only="true" sort-key="D06C700/16" definition-exists="false" ipc-concordant="CPCONLY" c-set-base-allowed="false" c-set-subsequent-allowed="true" date-revised="2013-01-01" status="published"><classification-symbol>D06C2700/16</classification-symbol><class-title date-revised="2013-01-01"><title-part><text>Singeing of fabrics or yarns</text></title-part></class-title></classification-item>
<classification-item breakdown-code="true" not-allocatable="false" level="8" additional-only="true" sort-key="D06C700/17" definition-exists="false" ipc-concordant="CPCONLY" c-set-base-allowed="false" c-set-subsequent-allowed="true" date-revised="2013-01-01" status="published"><classification-symbol>D06C2700/17</classification-symbol><class-title date-revised="2013-01-01"><title-part><text>Flat presses, pressing plates or heating devices for pressing plates</text></title-part></class-title></classification-item>
<classification-item breakdown-code="true" not-allocatable="false" level="8" additional-only="true" sort-key="D06C700/21" definition-exists="false" ipc-concordant="CPCONLY" c-set-base-allowed="false" c-set-subsequent-allowed="true" date-revised="2013-01-01" status="published"><classification-symbol>D06C2700/21</classification-symbol><class-title date-revised="2013-01-01"><title-part><text>Calenders for drying fabrics</text></title-part></class-title></classification-item>
<classification-item breakdown-code="true" not-allocatable="false" level="8" additional-only="true" sort-key="D06C700/26" definition-exists="false" ipc-concordant="CPCONLY" c-set-base-allowed="false" c-set-subsequent-allowed="true" date-revised="2013-01-01" status="published"><classification-symbol>D06C2700/26</classification-symbol><class-title date-revised="2013-01-01"><title-part><text>Glossing of fabrics or yarns, e.g. silk-finish</text></title-part></class-title></classification-item>
<classification-item breakdown-code="true" not-allocatable="false" level="8" additional-only="true" sort-key="D06C700/29" definition-exists="false" ipc-concordant="CPCONLY" c-set-base-allowed="false" c-set-subsequent-allowed="true" date-revised="2013-01-01" status="published"><classification-symbol>D06C2700/29</classification-symbol><class-title date-revised="2013-01-01"><title-part><text>Mechanical finishing of velvet or needled velvet</text></title-part></class-title></classification-item>
<classification-item breakdown-code="true" not-allocatable="false" level="8" additional-only="true" sort-key="D06C700/31" definition-exists="false" ipc-concordant="CPCONLY" c-set-base-allowed="false" c-set-subsequent-allowed="true" date-revised="2017-01-01" status="published"><classification-symbol>D06C2700/31</classification-symbol><class-title date-revised="2017-01-01"><title-part><text>Methods for making patterns on fabrics, e.g. by application of powder dye, moir&#233;ing, embossing</text></title-part></class-title></classification-item></classification-item></classification-item></classification-item></class-scheme>