<?xml version="1.0" encoding="UTF-8"?>
<class-scheme publication-date="2024-08-01" scheme-type="cpc" publication-type="official">
<classification-item breakdown-code="false" not-allocatable="true" level="5" additional-only="false" sort-key="B03B" definition-exists="true" date-revised="2023-02-01" status="published"><classification-symbol>B03B</classification-symbol><class-title date-revised="2023-02-01"><title-part><text>SEPARATING SOLID MATERIALS USING LIQUIDS OR USING PNEUMATIC TABLES OR JIGS</text></title-part></class-title>
<classification-item breakdown-code="false" not-allocatable="true" level="6" additional-only="false" sort-key="B03B1/00" date-revised="2013-01-01" status="published"><classification-symbol>B03B1/00</classification-symbol>
<classification-item breakdown-code="false" not-allocatable="false" level="7" additional-only="false" sort-key="B03B1/00" definition-exists="true" ipc-concordant="B03B1/00" c-set-base-allowed="false" c-set-subsequent-allowed="true" date-revised="2023-02-01" status="published"><classification-symbol>B03B1/00</classification-symbol><class-title date-revised="2023-02-01"><title-part><text>Conditioning for facilitating separation by altering physical properties of the matter to be treated</text></title-part></class-title>
<classification-item breakdown-code="false" not-allocatable="false" level="8" additional-only="false" sort-key="B03B1/02" definition-exists="false" ipc-concordant="B03B1/02" c-set-base-allowed="false" c-set-subsequent-allowed="true" date-revised="2013-01-01" status="published"><classification-symbol>B03B1/02</classification-symbol><class-title date-revised="2013-01-01"><title-part><text>Preparatory heating</text></title-part></class-title></classification-item>
<classification-item breakdown-code="false" not-allocatable="false" level="8" additional-only="false" sort-key="B03B1/04" definition-exists="false" ipc-concordant="B03B1/04" c-set-base-allowed="false" c-set-subsequent-allowed="true" date-revised="2013-01-01" status="published"><classification-symbol>B03B1/04</classification-symbol><class-title date-revised="2013-01-01"><title-part><text>by additives</text></title-part></class-title></classification-item>
<classification-item breakdown-code="false" not-allocatable="false" level="8" additional-only="false" sort-key="B03B1/06" definition-exists="false" ipc-concordant="B03B1/06" c-set-base-allowed="false" c-set-subsequent-allowed="true" date-revised="2013-01-01" status="published"><classification-symbol>B03B1/06</classification-symbol><class-title date-revised="2013-01-01"><title-part><text>by varying ambient atmospheric pressure</text></title-part></class-title></classification-item></classification-item>
<classification-item breakdown-code="false" not-allocatable="false" level="7" additional-only="false" sort-key="B03B4/00" definition-exists="true" ipc-concordant="B03B4/00" c-set-base-allowed="false" c-set-subsequent-allowed="true" date-revised="2023-02-01" status="published"><classification-symbol>B03B4/00</classification-symbol><class-title date-revised="2023-02-01"><title-part><text>Separating by pneumatic tables or by pneumatic jigs</text></title-part></class-title><notes-and-warnings date-revised="2013-01-01"><note type="note"><note-paragraph> Group <class-ref scheme="cpc">B03B4/005</class-ref> takes precedence over groups <class-ref scheme="cpc">B03B4/02</class-ref>&#160;-&#160;<class-ref scheme="cpc">B03B4/065</class-ref></note-paragraph></note></notes-and-warnings>
<classification-item breakdown-code="false" not-allocatable="false" level="8" additional-only="false" sort-key="B03B4/005" definition-exists="false" ipc-concordant="B03B4/00" c-set-base-allowed="false" c-set-subsequent-allowed="true" date-revised="2013-01-01" status="published"><classification-symbol>B03B4/005</classification-symbol><class-title date-revised="2013-01-01"><title-part><CPC-specific-text><text>the currents being pulsating, e.g. pneumatic jigs; combination of continuous and pulsating currents</text></CPC-specific-text></title-part></class-title></classification-item>
<classification-item breakdown-code="false" not-allocatable="false" level="8" additional-only="false" sort-key="B03B4/02" definition-exists="false" ipc-concordant="B03B4/02" c-set-base-allowed="false" c-set-subsequent-allowed="true" date-revised="2013-01-01" status="published"><classification-symbol>B03B4/02</classification-symbol><class-title date-revised="2013-01-01"><title-part><text>using swinging or shaking tables</text></title-part></class-title></classification-item>
<classification-item breakdown-code="false" not-allocatable="false" level="8" additional-only="false" sort-key="B03B4/04" definition-exists="true" ipc-concordant="B03B4/04" c-set-base-allowed="false" c-set-subsequent-allowed="true" date-revised="2023-02-01" status="published"><classification-symbol>B03B4/04</classification-symbol><class-title date-revised="2023-02-01"><title-part><text>using rotary tables or tables formed by travelling belts</text></title-part></class-title></classification-item>
<classification-item breakdown-code="false" not-allocatable="false" level="8" additional-only="false" sort-key="B03B4/06" definition-exists="false" ipc-concordant="B03B4/06" c-set-base-allowed="false" c-set-subsequent-allowed="true" date-revised="2017-08-01" status="published"><classification-symbol>B03B4/06</classification-symbol><class-title date-revised="2017-08-01"><title-part><text>using fixed and inclined tables </text><CPC-specific-text><text>; using stationary pneumatic tables, e.g. fluidised beds</text></CPC-specific-text></title-part></class-title>
<classification-item breakdown-code="false" not-allocatable="false" level="9" additional-only="false" sort-key="B03B4/065" definition-exists="false" ipc-concordant="B03B4/06" c-set-base-allowed="false" c-set-subsequent-allowed="true" date-revised="2013-01-01" status="published"><classification-symbol>B03B4/065</classification-symbol><class-title date-revised="2013-01-01"><title-part><CPC-specific-text><text>having inclined portions</text></CPC-specific-text></title-part></class-title></classification-item></classification-item></classification-item>
<classification-item breakdown-code="false" not-allocatable="false" level="7" additional-only="false" sort-key="B03B5/00" definition-exists="true" ipc-concordant="B03B5/00" c-set-base-allowed="false" c-set-subsequent-allowed="true" date-revised="2013-01-01" status="published"><classification-symbol>B03B5/00</classification-symbol><class-title date-revised="2013-01-01"><title-part><text>Washing granular, powdered or lumpy materials</text></title-part><title-part><text>Wet separating </text><reference><text>separating by pneumatic tables or by pneumatic jigs <class-ref scheme="cpc">B03B4/00</class-ref></text></reference></title-part></class-title>
<classification-item breakdown-code="false" not-allocatable="false" level="8" additional-only="false" sort-key="B03B5/02" definition-exists="false" ipc-concordant="B03B5/02" c-set-base-allowed="false" c-set-subsequent-allowed="true" date-revised="2013-01-01" status="published"><classification-symbol>B03B5/02</classification-symbol><class-title date-revised="2013-01-01"><title-part><text>using shaken, pulsated or stirred beds as the principal means of separation </text><reference><text><class-ref scheme="cpc">B03B5/28</class-ref>, <class-ref scheme="cpc">B03B5/48</class-ref> take precedence</text></reference></title-part></class-title>
<classification-item breakdown-code="false" not-allocatable="false" level="9" additional-only="false" sort-key="B03B5/04" definition-exists="false" ipc-concordant="B03B5/04" c-set-base-allowed="false" c-set-subsequent-allowed="true" date-revised="2013-01-01" status="published"><classification-symbol>B03B5/04</classification-symbol><class-title date-revised="2013-01-01"><title-part><text>on shaking tables </text><reference><text>on vanners <class-ref scheme="cpc">B03B5/08</class-ref></text></reference></title-part></class-title>
<classification-item breakdown-code="false" not-allocatable="false" level="10" additional-only="false" sort-key="B03B5/06" definition-exists="false" ipc-concordant="B03B5/06" c-set-base-allowed="false" c-set-subsequent-allowed="true" date-revised="2013-01-01" status="published"><classification-symbol>B03B5/06</classification-symbol><class-title date-revised="2013-01-01"><title-part><text>Constructional details of shaking tables, e.g. riffling</text></title-part></class-title></classification-item></classification-item>
<classification-item breakdown-code="false" not-allocatable="false" level="9" additional-only="false" sort-key="B03B5/08" definition-exists="false" ipc-concordant="B03B5/08" c-set-base-allowed="false" c-set-subsequent-allowed="true" date-revised="2013-01-01" status="published"><classification-symbol>B03B5/08</classification-symbol><class-title date-revised="2013-01-01"><title-part><text>on vanners</text></title-part></class-title></classification-item>
<classification-item breakdown-code="false" not-allocatable="false" level="9" additional-only="false" sort-key="B03B5/10" definition-exists="false" ipc-concordant="B03B5/10" c-set-base-allowed="false" c-set-subsequent-allowed="true" date-revised="2013-01-01" status="published"><classification-symbol>B03B5/10</classification-symbol><class-title date-revised="2013-01-01"><title-part><text>on jigs</text></title-part></class-title>
<classification-item breakdown-code="false" not-allocatable="false" level="10" additional-only="false" sort-key="B03B5/12" definition-exists="false" ipc-concordant="B03B5/12" c-set-base-allowed="false" c-set-subsequent-allowed="true" date-revised="2013-01-01" status="published"><classification-symbol>B03B5/12</classification-symbol><class-title date-revised="2013-01-01"><title-part><text>using pulses generated mechanically in fluid</text></title-part></class-title>
<classification-item breakdown-code="false" not-allocatable="false" level="11" additional-only="false" sort-key="B03B5/14" definition-exists="false" ipc-concordant="B03B5/14" c-set-base-allowed="false" c-set-subsequent-allowed="true" date-revised="2013-01-01" status="published"><classification-symbol>B03B5/14</classification-symbol><class-title date-revised="2013-01-01"><title-part><text>Plunger jigs</text></title-part></class-title></classification-item>
<classification-item breakdown-code="false" not-allocatable="false" level="11" additional-only="false" sort-key="B03B5/16" definition-exists="false" ipc-concordant="B03B5/16" c-set-base-allowed="false" c-set-subsequent-allowed="true" date-revised="2013-01-01" status="published"><classification-symbol>B03B5/16</classification-symbol><class-title date-revised="2013-01-01"><title-part><text>Diaphragm jigs</text></title-part></class-title></classification-item>
<classification-item breakdown-code="false" not-allocatable="false" level="11" additional-only="false" sort-key="B03B5/18" definition-exists="false" ipc-concordant="B03B5/18" c-set-base-allowed="false" c-set-subsequent-allowed="true" date-revised="2013-01-01" status="published"><classification-symbol>B03B5/18</classification-symbol><class-title date-revised="2013-01-01"><title-part><text>Moving-sieve jigs</text></title-part></class-title></classification-item></classification-item>
<classification-item breakdown-code="false" not-allocatable="false" level="10" additional-only="false" sort-key="B03B5/20" definition-exists="false" ipc-concordant="B03B5/20" c-set-base-allowed="false" c-set-subsequent-allowed="true" date-revised="2013-01-01" status="published"><classification-symbol>B03B5/20</classification-symbol><class-title date-revised="2013-01-01"><title-part><text>using pulses generated by air injection</text></title-part></class-title></classification-item>
<classification-item breakdown-code="false" not-allocatable="false" level="10" additional-only="false" sort-key="B03B5/22" definition-exists="false" ipc-concordant="B03B5/22" c-set-base-allowed="false" c-set-subsequent-allowed="true" date-revised="2013-01-01" status="published"><classification-symbol>B03B5/22</classification-symbol><class-title date-revised="2013-01-01"><title-part><text>using pulses generated by liquid injection</text></title-part></class-title></classification-item>
<classification-item breakdown-code="false" not-allocatable="false" level="10" additional-only="false" sort-key="B03B5/24" definition-exists="false" ipc-concordant="B03B5/24" c-set-base-allowed="false" c-set-subsequent-allowed="true" date-revised="2013-01-01" status="published"><classification-symbol>B03B5/24</classification-symbol><class-title date-revised="2013-01-01"><title-part><text>Constructional details of jigs, e.g. pulse control devices</text></title-part></class-title></classification-item></classification-item>
<classification-item breakdown-code="false" not-allocatable="false" level="9" additional-only="false" sort-key="B03B5/26" definition-exists="false" ipc-concordant="B03B5/26" c-set-base-allowed="false" c-set-subsequent-allowed="true" date-revised="2013-01-01" status="published"><classification-symbol>B03B5/26</classification-symbol><class-title date-revised="2013-01-01"><title-part><text>in sluices</text></title-part></class-title></classification-item></classification-item>
<classification-item breakdown-code="false" not-allocatable="false" level="8" additional-only="false" sort-key="B03B5/28" definition-exists="false" ipc-concordant="B03B5/28" c-set-base-allowed="false" c-set-subsequent-allowed="true" date-revised="2013-01-01" status="published"><classification-symbol>B03B5/28</classification-symbol><class-title date-revised="2013-01-01"><title-part><text>by sink-float separation</text></title-part></class-title>
<classification-item breakdown-code="false" not-allocatable="false" level="9" additional-only="false" sort-key="B03B5/30" definition-exists="false" ipc-concordant="B03B5/30" c-set-base-allowed="false" c-set-subsequent-allowed="true" date-revised="2013-01-01" status="published"><classification-symbol>B03B5/30</classification-symbol><class-title date-revised="2013-01-01"><title-part><text>using heavy liquids or suspensions</text></title-part></class-title>
<classification-item breakdown-code="false" not-allocatable="false" level="10" additional-only="false" sort-key="B03B5/32" definition-exists="true" ipc-concordant="B03B5/32" c-set-base-allowed="false" c-set-subsequent-allowed="true" date-revised="2023-02-01" status="published"><classification-symbol>B03B5/32</classification-symbol><class-title date-revised="2023-02-01"><title-part><text>using centrifugal force</text></title-part></class-title>
<classification-item breakdown-code="false" not-allocatable="false" level="11" additional-only="false" sort-key="B03B5/34" definition-exists="false" ipc-concordant="B03B5/34" c-set-base-allowed="false" c-set-subsequent-allowed="true" date-revised="2013-01-01" status="published"><classification-symbol>B03B5/34</classification-symbol><class-title date-revised="2013-01-01"><title-part><text>Applications of hydrocyclones</text></title-part></class-title></classification-item></classification-item>
<classification-item breakdown-code="false" not-allocatable="false" level="10" additional-only="false" sort-key="B03B5/36" definition-exists="true" ipc-concordant="B03B5/36" c-set-base-allowed="false" c-set-subsequent-allowed="true" date-revised="2023-02-01" status="published"><classification-symbol>B03B5/36</classification-symbol><class-title date-revised="2023-02-01"><title-part><text>Devices therefor, other than using centrifugal force</text></title-part></class-title>
<classification-item breakdown-code="false" not-allocatable="false" level="11" additional-only="false" sort-key="B03B5/38" definition-exists="false" ipc-concordant="B03B5/38" c-set-base-allowed="false" c-set-subsequent-allowed="true" date-revised="2013-01-01" status="published"><classification-symbol>B03B5/38</classification-symbol><class-title date-revised="2013-01-01"><title-part><text>of conical receptacle type</text></title-part></class-title></classification-item>
<classification-item breakdown-code="false" not-allocatable="false" level="11" additional-only="false" sort-key="B03B5/40" definition-exists="false" ipc-concordant="B03B5/40" c-set-base-allowed="false" c-set-subsequent-allowed="true" date-revised="2013-01-01" status="published"><classification-symbol>B03B5/40</classification-symbol><class-title date-revised="2013-01-01"><title-part><text>of trough type</text></title-part></class-title>
<classification-item breakdown-code="true" not-allocatable="false" level="12" additional-only="true" sort-key="B03B5/405" definition-exists="false" ipc-concordant="B03B5/40" c-set-base-allowed="false" c-set-subsequent-allowed="true" date-revised="2013-01-01" status="published"><classification-symbol>B03B2005/405</classification-symbol><class-title date-revised="2013-01-01"><title-part><CPC-specific-text><text>using horizontal currents</text></CPC-specific-text></title-part></class-title></classification-item></classification-item>
<classification-item breakdown-code="false" not-allocatable="false" level="11" additional-only="false" sort-key="B03B5/42" definition-exists="false" ipc-concordant="B03B5/42" c-set-base-allowed="false" c-set-subsequent-allowed="true" date-revised="2017-08-01" status="published"><classification-symbol>B03B5/42</classification-symbol><class-title date-revised="2017-08-01"><title-part><text>of drum or lifting wheel type</text></title-part></class-title></classification-item></classification-item>
<classification-item breakdown-code="false" not-allocatable="false" level="10" additional-only="false" sort-key="B03B5/44" definition-exists="false" ipc-concordant="B03B5/44" c-set-base-allowed="false" c-set-subsequent-allowed="true" date-revised="2013-01-01" status="published"><classification-symbol>B03B5/44</classification-symbol><class-title date-revised="2013-01-01"><title-part><text>Application of particular media therefor</text></title-part></class-title>
<classification-item breakdown-code="false" not-allocatable="false" level="11" additional-only="false" sort-key="B03B5/442" definition-exists="false" ipc-concordant="B03B5/44" c-set-base-allowed="false" c-set-subsequent-allowed="true" date-revised="2013-01-01" status="published"><classification-symbol>B03B5/442</classification-symbol><class-title date-revised="2013-01-01"><title-part><CPC-specific-text><text>composition of heavy media</text></CPC-specific-text></title-part></class-title>
<classification-item breakdown-code="false" not-allocatable="false" level="12" additional-only="false" sort-key="B03B5/445" definition-exists="false" ipc-concordant="B03B5/44" c-set-base-allowed="false" c-set-subsequent-allowed="true" date-revised="2013-01-01" status="published"><classification-symbol>B03B5/445</classification-symbol><class-title date-revised="2013-01-01"><title-part><CPC-specific-text><text>composition of dry heavy media</text></CPC-specific-text></title-part></class-title></classification-item></classification-item>
<classification-item breakdown-code="false" not-allocatable="false" level="11" additional-only="false" sort-key="B03B5/447" definition-exists="false" ipc-concordant="B03B5/44" c-set-base-allowed="false" c-set-subsequent-allowed="true" date-revised="2013-01-01" status="published"><classification-symbol>B03B5/447</classification-symbol><class-title date-revised="2013-01-01"><title-part><CPC-specific-text><text>recovery of heavy media</text></CPC-specific-text></title-part></class-title></classification-item></classification-item></classification-item>
<classification-item breakdown-code="false" not-allocatable="false" level="9" additional-only="false" sort-key="B03B5/46" definition-exists="false" ipc-concordant="B03B5/46" c-set-base-allowed="false" c-set-subsequent-allowed="true" date-revised="2013-01-01" status="published"><classification-symbol>B03B5/46</classification-symbol><class-title date-revised="2013-01-01"><title-part><text>using dry heavy media</text></title-part><title-part><text>Devices therefor</text></title-part></class-title></classification-item></classification-item>
<classification-item breakdown-code="false" not-allocatable="false" level="8" additional-only="false" sort-key="B03B5/48" definition-exists="true" ipc-concordant="B03B5/48" c-set-base-allowed="false" c-set-subsequent-allowed="true" date-revised="2023-02-01" status="published"><classification-symbol>B03B5/48</classification-symbol><class-title date-revised="2023-02-01"><title-part><text>by mechanical classifiers</text></title-part></class-title>
<classification-item breakdown-code="false" not-allocatable="false" level="9" additional-only="false" sort-key="B03B5/50" definition-exists="false" ipc-concordant="B03B5/50" c-set-base-allowed="false" c-set-subsequent-allowed="true" date-revised="2013-01-01" status="published"><classification-symbol>B03B5/50</classification-symbol><class-title date-revised="2013-01-01"><title-part><text>Rake classifiers</text></title-part></class-title></classification-item>
<classification-item breakdown-code="false" not-allocatable="false" level="9" additional-only="false" sort-key="B03B5/52" definition-exists="false" ipc-concordant="B03B5/52" c-set-base-allowed="false" c-set-subsequent-allowed="true" date-revised="2013-01-01" status="published"><classification-symbol>B03B5/52</classification-symbol><class-title date-revised="2013-01-01"><title-part><text>Spiral classifiers</text></title-part></class-title></classification-item>
<classification-item breakdown-code="false" not-allocatable="false" level="9" additional-only="false" sort-key="B03B5/54" definition-exists="false" ipc-concordant="B03B5/54" c-set-base-allowed="false" c-set-subsequent-allowed="true" date-revised="2013-01-01" status="published"><classification-symbol>B03B5/54</classification-symbol><class-title date-revised="2013-01-01"><title-part><text>Drag classifiers</text></title-part></class-title></classification-item>
<classification-item breakdown-code="false" not-allocatable="false" level="9" additional-only="false" sort-key="B03B5/56" definition-exists="false" ipc-concordant="B03B5/56" c-set-base-allowed="false" c-set-subsequent-allowed="true" date-revised="2013-01-01" status="published"><classification-symbol>B03B5/56</classification-symbol><class-title date-revised="2013-01-01"><title-part><text>Drum classifiers</text></title-part></class-title></classification-item>
<classification-item breakdown-code="false" not-allocatable="false" level="9" additional-only="false" sort-key="B03B5/58" definition-exists="false" ipc-concordant="B03B5/58" c-set-base-allowed="false" c-set-subsequent-allowed="true" date-revised="2013-01-01" status="published"><classification-symbol>B03B5/58</classification-symbol><class-title date-revised="2013-01-01"><title-part><text>Bowl classifiers</text></title-part></class-title></classification-item></classification-item>
<classification-item breakdown-code="false" not-allocatable="false" level="8" additional-only="false" sort-key="B03B5/60" definition-exists="true" ipc-concordant="B03B5/60" c-set-base-allowed="false" c-set-subsequent-allowed="true" date-revised="2023-02-01" status="published"><classification-symbol>B03B5/60</classification-symbol><class-title date-revised="2023-02-01"><title-part><text>by non-mechanical classifiers, e.g. slime tanks&#160; </text><reference><text>hydraulic classifiers <class-ref scheme="cpc">B03B5/62</class-ref>; water impulse classifiers <class-ref scheme="cpc">B03B5/68</class-ref></text></reference></title-part></class-title></classification-item>
<classification-item breakdown-code="false" not-allocatable="false" level="8" additional-only="false" sort-key="B03B5/62" definition-exists="false" ipc-concordant="B03B5/62" c-set-base-allowed="false" c-set-subsequent-allowed="true" date-revised="2013-01-01" status="published"><classification-symbol>B03B5/62</classification-symbol><class-title date-revised="2013-01-01"><title-part><text>by hydraulic classifiers, e.g. of launder, tank, spiral or helical chute concentrator type</text></title-part></class-title>
<classification-item breakdown-code="false" not-allocatable="false" level="9" additional-only="false" sort-key="B03B5/623" definition-exists="true" ipc-concordant="B03B5/62" c-set-base-allowed="false" c-set-subsequent-allowed="true" date-revised="2013-01-01" status="published"><classification-symbol>B03B5/623</classification-symbol><class-title date-revised="2013-01-01"><title-part><CPC-specific-text><text>Upward current classifiers</text></CPC-specific-text></title-part></class-title></classification-item>
<classification-item breakdown-code="false" not-allocatable="false" level="9" additional-only="false" sort-key="B03B5/626" definition-exists="false" ipc-concordant="B03B5/62" c-set-base-allowed="false" c-set-subsequent-allowed="true" date-revised="2013-01-01" status="published"><classification-symbol>B03B5/626</classification-symbol><class-title date-revised="2013-01-01"><title-part><CPC-specific-text><text>Helical separators</text></CPC-specific-text></title-part></class-title></classification-item>
<classification-item breakdown-code="false" not-allocatable="false" level="9" additional-only="false" sort-key="B03B5/64" definition-exists="false" ipc-concordant="B03B5/64" c-set-base-allowed="false" c-set-subsequent-allowed="true" date-revised="2013-01-01" status="published"><classification-symbol>B03B5/64</classification-symbol><class-title date-revised="2013-01-01"><title-part><text>of the free settling type</text></title-part></class-title></classification-item>
<classification-item breakdown-code="false" not-allocatable="false" level="9" additional-only="false" sort-key="B03B5/66" definition-exists="false" ipc-concordant="B03B5/66" c-set-base-allowed="false" c-set-subsequent-allowed="true" date-revised="2013-01-01" status="published"><classification-symbol>B03B5/66</classification-symbol><class-title date-revised="2013-01-01"><title-part><text>of the hindered settling type</text></title-part></class-title></classification-item></classification-item>
<classification-item breakdown-code="false" not-allocatable="false" level="8" additional-only="false" sort-key="B03B5/68" definition-exists="true" ipc-concordant="B03B5/68" c-set-base-allowed="false" c-set-subsequent-allowed="true" date-revised="2023-02-01" status="published"><classification-symbol>B03B5/68</classification-symbol><class-title date-revised="2023-02-01"><title-part><text>by water impulse </text><reference><text>hydraulic classifiers <class-ref scheme="cpc">B03B5/62</class-ref></text></reference></title-part></class-title>
<classification-item breakdown-code="false" not-allocatable="false" level="9" additional-only="false" sort-key="B03B5/70" definition-exists="false" ipc-concordant="B03B5/70" c-set-base-allowed="false" c-set-subsequent-allowed="true" date-revised="2013-01-01" status="published"><classification-symbol>B03B5/70</classification-symbol><class-title date-revised="2013-01-01"><title-part><text>on tables or strakes</text></title-part></class-title>
<classification-item breakdown-code="false" not-allocatable="false" level="10" additional-only="false" sort-key="B03B5/72" definition-exists="false" ipc-concordant="B03B5/72" c-set-base-allowed="false" c-set-subsequent-allowed="true" date-revised="2013-01-01" status="published"><classification-symbol>B03B5/72</classification-symbol><class-title date-revised="2013-01-01"><title-part><text>which are movable</text></title-part></class-title>
<classification-item breakdown-code="false" not-allocatable="false" level="11" additional-only="false" sort-key="B03B5/74" definition-exists="false" ipc-concordant="B03B5/74" c-set-base-allowed="false" c-set-subsequent-allowed="true" date-revised="2013-01-01" status="published"><classification-symbol>B03B5/74</classification-symbol><class-title date-revised="2013-01-01"><title-part><text>Revolving tables</text></title-part></class-title></classification-item></classification-item></classification-item></classification-item></classification-item>
<classification-item breakdown-code="false" not-allocatable="false" level="7" additional-only="false" sort-key="B03B7/00" definition-exists="true" ipc-concordant="B03B7/00" c-set-base-allowed="false" c-set-subsequent-allowed="true" date-revised="2013-01-01" status="published"><classification-symbol>B03B7/00</classification-symbol><class-title date-revised="2013-01-01"><title-part><text>Combinations of wet processes or apparatus with other processes or apparatus, e.g. for dressing ores or garbage</text></title-part></class-title></classification-item>
<classification-item breakdown-code="false" not-allocatable="false" level="7" additional-only="false" sort-key="B03B9/00" definition-exists="true" ipc-concordant="B03B9/00" c-set-base-allowed="false" c-set-subsequent-allowed="true" date-revised="2013-01-01" status="published"><classification-symbol>B03B9/00</classification-symbol><class-title date-revised="2013-01-01"><title-part><text>General arrangement of separating plant, e.g. flow sheets</text></title-part></class-title>
<classification-item breakdown-code="false" not-allocatable="false" level="8" additional-only="false" sort-key="B03B9/005" definition-exists="false" ipc-concordant="B03B9/00" c-set-base-allowed="false" c-set-subsequent-allowed="true" date-revised="2013-01-01" status="published"><classification-symbol>B03B9/005</classification-symbol><class-title date-revised="2013-01-01"><title-part><CPC-specific-text><text>specially adapted for coal</text></CPC-specific-text></title-part></class-title></classification-item>
<classification-item breakdown-code="false" not-allocatable="false" level="8" additional-only="false" sort-key="B03B9/02" definition-exists="false" ipc-concordant="B03B9/02" c-set-base-allowed="false" c-set-subsequent-allowed="true" date-revised="2013-01-01" status="published"><classification-symbol>B03B9/02</classification-symbol><class-title date-revised="2013-01-01"><title-part><text>specially adapted for oil-sand, oil-chalk, oil-shales, ozokerite, bitumen, or the like</text></title-part></class-title></classification-item>
<classification-item breakdown-code="false" not-allocatable="false" level="8" additional-only="false" sort-key="B03B9/04" definition-exists="false" ipc-concordant="B03B9/04" c-set-base-allowed="false" c-set-subsequent-allowed="true" date-revised="2013-01-01" status="published"><classification-symbol>B03B9/04</classification-symbol><class-title date-revised="2013-01-01"><title-part><text>specially adapted for furnace residues, smeltings, or foundry slags</text></title-part></class-title></classification-item>
<classification-item breakdown-code="false" not-allocatable="false" level="8" additional-only="false" sort-key="B03B9/06" definition-exists="false" ipc-concordant="B03B9/06" c-set-base-allowed="false" c-set-subsequent-allowed="true" date-revised="2013-01-01" status="published"><classification-symbol>B03B9/06</classification-symbol><class-title date-revised="2013-01-01"><title-part><text>specially adapted for refuse</text></title-part></class-title>
<classification-item breakdown-code="false" not-allocatable="false" level="9" additional-only="false" sort-key="B03B9/061" definition-exists="false" ipc-concordant="B03B9/06" c-set-base-allowed="false" c-set-subsequent-allowed="true" date-revised="2013-01-01" status="published"><classification-symbol>B03B9/061</classification-symbol><class-title date-revised="2013-01-01"><title-part><CPC-specific-text><text>the refuse being industrial</text></CPC-specific-text></title-part></class-title>
<classification-item breakdown-code="false" not-allocatable="false" level="10" additional-only="false" sort-key="B03B9/062" definition-exists="false" ipc-concordant="B03B9/06" c-set-base-allowed="false" c-set-subsequent-allowed="true" date-revised="2013-01-01" status="published"><classification-symbol>B03B9/062</classification-symbol><class-title date-revised="2013-01-01"><title-part><CPC-specific-text><text>the refuse being glass</text></CPC-specific-text></title-part></class-title></classification-item>
<classification-item breakdown-code="false" not-allocatable="false" level="10" additional-only="false" sort-key="B03B9/063" definition-exists="false" ipc-concordant="B03B9/06" c-set-base-allowed="false" c-set-subsequent-allowed="true" date-revised="2013-01-01" status="published"><classification-symbol>B03B9/063</classification-symbol><class-title date-revised="2013-01-01"><title-part><CPC-specific-text><text>the refuse being concrete slurry</text></CPC-specific-text></title-part></class-title></classification-item>
<classification-item breakdown-code="false" not-allocatable="false" level="10" additional-only="false" sort-key="B03B9/065" definition-exists="false" ipc-concordant="B03B9/06" c-set-base-allowed="false" c-set-subsequent-allowed="true" date-revised="2013-01-01" status="published"><classification-symbol>B03B9/065</classification-symbol><class-title date-revised="2013-01-01"><title-part><CPC-specific-text><text>the refuse being building rubble</text></CPC-specific-text></title-part></class-title></classification-item></classification-item>
<classification-item breakdown-code="true" not-allocatable="false" level="9" additional-only="true" sort-key="B03B9/066" definition-exists="false" ipc-concordant="B03B9/06" c-set-base-allowed="false" c-set-subsequent-allowed="true" date-revised="2013-01-01" status="published"><classification-symbol>B03B2009/066</classification-symbol><class-title date-revised="2013-01-01"><title-part><CPC-specific-text><text>the refuse being batteries</text></CPC-specific-text></title-part></class-title></classification-item>
<classification-item breakdown-code="true" not-allocatable="false" level="9" additional-only="true" sort-key="B03B9/067" definition-exists="false" ipc-concordant="B03B9/06" c-set-base-allowed="false" c-set-subsequent-allowed="true" date-revised="2013-01-01" status="published"><classification-symbol>B03B2009/067</classification-symbol><class-title date-revised="2013-01-01"><title-part><CPC-specific-text><text>the refuse being carpets</text></CPC-specific-text></title-part></class-title></classification-item>
<classification-item breakdown-code="true" not-allocatable="false" level="9" additional-only="true" sort-key="B03B9/068" definition-exists="false" ipc-concordant="B03B9/06" c-set-base-allowed="false" c-set-subsequent-allowed="true" date-revised="2013-01-01" status="published"><classification-symbol>B03B2009/068</classification-symbol><class-title date-revised="2013-01-01"><title-part><CPC-specific-text><text>Specific treatment of shredder light fraction</text></CPC-specific-text></title-part></class-title></classification-item></classification-item></classification-item>
<classification-item breakdown-code="false" not-allocatable="false" level="7" additional-only="false" sort-key="B03B11/00" definition-exists="true" ipc-concordant="B03B11/00" c-set-base-allowed="false" c-set-subsequent-allowed="true" date-revised="2023-02-01" status="published"><classification-symbol>B03B11/00</classification-symbol><class-title date-revised="2023-02-01"><title-part><text>Feed or discharge devices integral with washing or wet-separating equipment</text></title-part></class-title>
<classification-item breakdown-code="true" not-allocatable="false" level="8" additional-only="true" sort-key="B03B11/002" definition-exists="false" ipc-concordant="B03B11/00" c-set-base-allowed="false" c-set-subsequent-allowed="true" date-revised="2013-01-01" status="published"><classification-symbol>B03B2011/002</classification-symbol><class-title date-revised="2013-01-01"><title-part><CPC-specific-text><text>Rotary feeding devices</text></CPC-specific-text></title-part></class-title></classification-item>
<classification-item breakdown-code="true" not-allocatable="false" level="8" additional-only="true" sort-key="B03B11/004" definition-exists="false" ipc-concordant="B03B11/00" c-set-base-allowed="false" c-set-subsequent-allowed="true" date-revised="2013-01-01" status="published"><classification-symbol>B03B2011/004</classification-symbol><class-title date-revised="2013-01-01"><title-part><CPC-specific-text><text>Lifting wheel dischargers</text></CPC-specific-text></title-part></class-title></classification-item>
<classification-item breakdown-code="true" not-allocatable="false" level="8" additional-only="true" sort-key="B03B11/006" definition-exists="false" ipc-concordant="B03B11/00" c-set-base-allowed="false" c-set-subsequent-allowed="true" date-revised="2013-01-01" status="published"><classification-symbol>B03B2011/006</classification-symbol><class-title date-revised="2013-01-01"><title-part><CPC-specific-text><text>Scraper dischargers</text></CPC-specific-text></title-part></class-title></classification-item>
<classification-item breakdown-code="true" not-allocatable="false" level="8" additional-only="true" sort-key="B03B11/008" definition-exists="false" ipc-concordant="B03B11/00" c-set-base-allowed="false" c-set-subsequent-allowed="true" date-revised="2013-01-01" status="published"><classification-symbol>B03B2011/008</classification-symbol><class-title date-revised="2013-01-01"><title-part><CPC-specific-text><text>Screw dischargers</text></CPC-specific-text></title-part></class-title></classification-item></classification-item>
<classification-item breakdown-code="false" not-allocatable="false" level="7" additional-only="false" sort-key="B03B13/00" definition-exists="true" ipc-concordant="B03B13/00" c-set-base-allowed="false" c-set-subsequent-allowed="true" date-revised="2023-02-01" status="published"><classification-symbol>B03B13/00</classification-symbol><class-title date-revised="2023-02-01"><title-part><text>Control arrangements specially adapted for wet-separating apparatus or for dressing plant, using physical effects</text></title-part></class-title>
<classification-item breakdown-code="false" not-allocatable="false" level="8" additional-only="false" sort-key="B03B13/005" definition-exists="false" ipc-concordant="B03B13/00" c-set-base-allowed="false" c-set-subsequent-allowed="true" date-revised="2023-02-01" status="published"><classification-symbol>B03B13/005</classification-symbol><class-title date-revised="2023-02-01"><title-part><CPC-specific-text><text>Methods or arrangements for controlling the physical properties of heavy media, e.g. density, concentration or viscosity</text></CPC-specific-text></title-part></class-title></classification-item>
<classification-item breakdown-code="false" not-allocatable="false" level="8" additional-only="false" sort-key="B03B13/02" definition-exists="false" ipc-concordant="B03B13/02" c-set-base-allowed="false" c-set-subsequent-allowed="true" date-revised="2013-01-01" status="published"><classification-symbol>B03B13/02</classification-symbol><class-title date-revised="2013-01-01"><title-part><text>using optical effects</text></title-part></class-title></classification-item>
<classification-item breakdown-code="false" not-allocatable="false" level="8" additional-only="false" sort-key="B03B13/04" definition-exists="false" ipc-concordant="B03B13/04" c-set-base-allowed="false" c-set-subsequent-allowed="true" date-revised="2013-01-01" status="published"><classification-symbol>B03B13/04</classification-symbol><class-title date-revised="2013-01-01"><title-part><text>using electrical or electromagnetic effects</text></title-part></class-title></classification-item>
<classification-item breakdown-code="false" not-allocatable="false" level="8" additional-only="false" sort-key="B03B13/06" definition-exists="false" ipc-concordant="B03B13/06" c-set-base-allowed="false" c-set-subsequent-allowed="true" date-revised="2013-01-01" status="published"><classification-symbol>B03B13/06</classification-symbol><class-title date-revised="2013-01-01"><title-part><text>using absorption or reflection of radioactive emanation</text></title-part></class-title></classification-item></classification-item></classification-item></classification-item></class-scheme>