<?xml version="1.0" encoding="UTF-8"?>
<class-scheme publication-date="2024-08-01" scheme-type="cpc" publication-type="official">
<classification-item breakdown-code="false" not-allocatable="true" level="5" additional-only="false" sort-key="B27F" definition-exists="true" date-revised="2018-08-01" status="published"><classification-symbol>B27F</classification-symbol><class-title date-revised="2013-01-01"><title-part><text>DOVETAILED WORK</text></title-part><title-part><text>TENONS</text></title-part><title-part><text>SLOTTING MACHINES FOR WOOD OR SIMILAR MATERIAL</text></title-part><title-part><text>NAILING OR STAPLING MACHINES </text><reference><text>hand-held nailing or stapling tools <class-ref scheme="cpc">B25C</class-ref>; manufacture of cases, trunks or boxes from wood <class-ref scheme="cpc">B27M3/34</class-ref>; connections for building structures in general, e.g. dowels for use in building constructions <class-ref scheme="cpc">E04B1/38</class-ref>; jointing elements in general, e.g. dowels in general, <class-ref scheme="cpc">F16B</class-ref> </text><CPC-specific-text><text>; manufacture of long strips or planks by bonding together pieces of wood, e.g. by glueing, <class-ref scheme="cpc">B27M3/0013</class-ref></text></CPC-specific-text></reference></title-part></class-title><notes-and-warnings date-revised="2013-01-01"><note type="note"><note-paragraph>This subclass <u>covers</u> also the assembling of the elements to be jointed, e.g. using adhesives, but the application of adhesives or glue to surfaces of wood to be jointed <u>per se</u> is dealt with in group <class-ref scheme="cpc">B27G11/00</class-ref><CPC-specific-note>manufacture of specific semi-finished or finished articles <class-ref scheme="cpc">B27M3/00</class-ref></CPC-specific-note></note-paragraph></note><note type="warning"><note-paragraph>In this subclass non-limiting references (in the sense of paragraph 39 of the Guide to the IPC) may still be displayed in the scheme.</note-paragraph></note></notes-and-warnings>
<classification-item breakdown-code="false" not-allocatable="true" level="6" additional-only="false" sort-key="B27F1/00" date-revised="2013-01-01" status="published"><classification-symbol>B27F1/00</classification-symbol>
<classification-item breakdown-code="false" not-allocatable="false" level="7" additional-only="false" sort-key="B27F1/00" definition-exists="true" ipc-concordant="B27F1/00" c-set-base-allowed="false" c-set-subsequent-allowed="true" date-revised="2013-01-01" status="published"><classification-symbol>B27F1/00</classification-symbol><class-title date-revised="2013-01-01"><title-part><text>Dovetailed work</text></title-part><title-part><text>Tenons</text></title-part><title-part><text>Making tongues or grooves </text><reference><text>slotting <class-ref scheme="cpc">B27F5/00</class-ref></text></reference></title-part><title-part><text>Groove- and- tongue jointed work</text></title-part><title-part><text>Finger- joints </text><reference><text>machines or devices for working mitred joints <class-ref scheme="cpc">B27G5/00</class-ref>; cutting tools for cutting grooves or tenons <class-ref scheme="cpc">B27G13/14</class-ref></text></reference></title-part></class-title>
<classification-item breakdown-code="false" not-allocatable="false" level="8" additional-only="false" sort-key="B27F1/005" definition-exists="false" ipc-concordant="B27F1/00" c-set-base-allowed="false" c-set-subsequent-allowed="true" date-revised="2013-01-01" status="published"><classification-symbol>B27F1/005</classification-symbol><class-title date-revised="2013-01-01"><title-part><CPC-specific-text><text>Machines or devices for working mitre joints with uneven ends</text></CPC-specific-text></title-part></class-title></classification-item>
<classification-item breakdown-code="false" not-allocatable="false" level="8" additional-only="false" sort-key="B27F1/02" definition-exists="false" ipc-concordant="B27F1/02" c-set-base-allowed="false" c-set-subsequent-allowed="true" date-revised="2013-01-01" status="published"><classification-symbol>B27F1/02</classification-symbol><class-title date-revised="2013-01-01"><title-part><text>Making tongues or grooves, of indefinite length</text></title-part></class-title>
<classification-item breakdown-code="false" not-allocatable="false" level="9" additional-only="false" sort-key="B27F1/04" definition-exists="false" ipc-concordant="B27F1/04" c-set-base-allowed="false" c-set-subsequent-allowed="true" date-revised="2013-01-01" status="published"><classification-symbol>B27F1/04</classification-symbol><class-title date-revised="2013-01-01"><title-part><text>along only one edge of a board</text></title-part></class-title></classification-item>
<classification-item breakdown-code="false" not-allocatable="false" level="9" additional-only="false" sort-key="B27F1/06" definition-exists="false" ipc-concordant="B27F1/06" c-set-base-allowed="false" c-set-subsequent-allowed="true" date-revised="2013-01-01" status="published"><classification-symbol>B27F1/06</classification-symbol><class-title date-revised="2013-01-01"><title-part><text>simultaneously along opposite edges of a board</text></title-part></class-title></classification-item></classification-item>
<classification-item breakdown-code="false" not-allocatable="false" level="8" additional-only="false" sort-key="B27F1/08" definition-exists="false" ipc-concordant="B27F1/08" c-set-base-allowed="false" c-set-subsequent-allowed="true" date-revised="2013-01-01" status="published"><classification-symbol>B27F1/08</classification-symbol><class-title date-revised="2013-01-01"><title-part><text>Making dovetails, tongues, or tenons, of definite limited length</text></title-part></class-title>
<classification-item breakdown-code="false" not-allocatable="false" level="9" additional-only="false" sort-key="B27F1/10" definition-exists="false" ipc-concordant="B27F1/10" c-set-base-allowed="false" c-set-subsequent-allowed="true" date-revised="2013-01-01" status="published"><classification-symbol>B27F1/10</classification-symbol><class-title date-revised="2013-01-01"><title-part><text>Cutting tenons of round or rounded- off profile</text></title-part></class-title></classification-item>
<classification-item breakdown-code="false" not-allocatable="false" level="9" additional-only="false" sort-key="B27F1/12" definition-exists="false" ipc-concordant="B27F1/12" c-set-base-allowed="false" c-set-subsequent-allowed="true" date-revised="2013-01-01" status="published"><classification-symbol>B27F1/12</classification-symbol><class-title date-revised="2013-01-01"><title-part><text>Corner- locking mechanisms, i.e. machines for cutting crenellated joints</text></title-part></class-title>
<classification-item breakdown-code="false" not-allocatable="false" level="10" additional-only="false" sort-key="B27F1/14" definition-exists="false" ipc-concordant="B27F1/14" c-set-base-allowed="false" c-set-subsequent-allowed="true" date-revised="2013-01-01" status="published"><classification-symbol>B27F1/14</classification-symbol><class-title date-revised="2013-01-01"><title-part><text>Arrangements of gauging means specially designed for corner-locking machines </text><reference><text>measuring instruments <class-ref scheme="cpc">G01</class-ref></text></reference></title-part></class-title></classification-item></classification-item></classification-item>
<classification-item breakdown-code="false" not-allocatable="false" level="8" additional-only="false" sort-key="B27F1/16" definition-exists="false" ipc-concordant="B27F1/16" c-set-base-allowed="false" c-set-subsequent-allowed="true" date-revised="2013-01-01" status="published"><classification-symbol>B27F1/16</classification-symbol><class-title date-revised="2013-01-01"><title-part><text>Making finger joints, i.e. joints having tapers in the opposite direction to those of dovetail joints </text><reference><text><class-ref scheme="cpc">B27F1/08</class-ref> takes precedence</text></reference></title-part></class-title></classification-item></classification-item>
<classification-item breakdown-code="false" not-allocatable="false" level="7" additional-only="false" sort-key="B27F4/00" definition-exists="true" ipc-concordant="B27F4/00" c-set-base-allowed="false" c-set-subsequent-allowed="true" date-revised="2017-08-01" status="published"><classification-symbol>B27F4/00</classification-symbol><class-title date-revised="2017-08-01"><title-part><text>Machines for inserting dowels, with or without drilling equipment </text><reference><text>manufacture of wooden dowels <class-ref scheme="cpc">B27M3/28</class-ref> </text><CPC-specific-text><text>; dowels <class-ref scheme="cpc">F16B</class-ref>; for use in building constructions <class-ref scheme="cpc">E04B1/38</class-ref>; drills for making holes for dowels</text></CPC-specific-text></reference></title-part></class-title></classification-item>
<classification-item breakdown-code="false" not-allocatable="false" level="7" additional-only="false" sort-key="B27F5/00" definition-exists="true" ipc-concordant="B27F5/00" c-set-base-allowed="false" c-set-subsequent-allowed="true" date-revised="2013-01-01" status="published"><classification-symbol>B27F5/00</classification-symbol><class-title date-revised="2013-01-01"><title-part><text>Slotted or mortised work </text><reference><text>hand mortising chisels <class-ref scheme="cpc">B25D3/00</class-ref></text></reference></title-part></class-title>
<classification-item breakdown-code="false" not-allocatable="false" level="8" additional-only="false" sort-key="B27F5/02" definition-exists="false" ipc-concordant="B27F5/02" c-set-base-allowed="false" c-set-subsequent-allowed="true" date-revised="2013-01-01" status="published"><classification-symbol>B27F5/02</classification-symbol><class-title date-revised="2013-01-01"><title-part><text>Slotting or mortising machines </text><CPC-specific-text><text>tools therefor</text></CPC-specific-text></title-part></class-title>
<classification-item breakdown-code="false" not-allocatable="false" level="9" additional-only="false" sort-key="B27F5/023" definition-exists="false" ipc-concordant="B27F5/02" c-set-base-allowed="false" c-set-subsequent-allowed="true" date-revised="2013-01-01" status="published"><classification-symbol>B27F5/023</classification-symbol><class-title date-revised="2013-01-01"><title-part><CPC-specific-text><text>Portable plate joiners</text></CPC-specific-text></title-part></class-title></classification-item>
<classification-item breakdown-code="false" not-allocatable="false" level="9" additional-only="false" sort-key="B27F5/026" definition-exists="false" ipc-concordant="B27F5/02" c-set-base-allowed="false" c-set-subsequent-allowed="true" date-revised="2013-01-01" status="published"><classification-symbol>B27F5/026</classification-symbol><class-title date-revised="2013-01-01"><title-part><CPC-specific-text><text>Slotting a workpiece before introducing into said slot a guide which belongs to a following working device, and which is parallel to the feed movement of this working device</text></CPC-specific-text></title-part></class-title></classification-item>
<classification-item breakdown-code="false" not-allocatable="false" level="9" additional-only="false" sort-key="B27F5/04" definition-exists="false" ipc-concordant="B27F5/04" c-set-base-allowed="false" c-set-subsequent-allowed="true" date-revised="2013-01-01" status="published"><classification-symbol>B27F5/04</classification-symbol><class-title date-revised="2013-01-01"><title-part><text>equipped with both chain cutters and chisel cutters</text></title-part></class-title></classification-item>
<classification-item breakdown-code="false" not-allocatable="false" level="9" additional-only="false" sort-key="B27F5/06" definition-exists="false" ipc-concordant="B27F5/06" c-set-base-allowed="false" c-set-subsequent-allowed="true" date-revised="2013-01-01" status="published"><classification-symbol>B27F5/06</classification-symbol><class-title date-revised="2013-01-01"><title-part><text>equipped with chain cutters </text><CPC-specific-text><reference><text>chain saws in general <class-ref scheme="cpc">B27B17/00</class-ref></text></reference></CPC-specific-text></title-part></class-title>
<classification-item breakdown-code="false" not-allocatable="false" level="10" additional-only="false" sort-key="B27F5/08" definition-exists="false" ipc-concordant="B27F5/08" c-set-base-allowed="false" c-set-subsequent-allowed="true" date-revised="2017-08-01" status="published"><classification-symbol>B27F5/08</classification-symbol><class-title date-revised="2017-08-01"><title-part><text>Chain cutters </text><CPC-specific-text><reference><text>saw chains in general <class-ref scheme="cpc">B27B33/14</class-ref></text></reference></CPC-specific-text></title-part></class-title></classification-item></classification-item>
<classification-item breakdown-code="false" not-allocatable="false" level="9" additional-only="false" sort-key="B27F5/10" definition-exists="false" ipc-concordant="B27F5/10" c-set-base-allowed="false" c-set-subsequent-allowed="true" date-revised="2016-08-01" status="published"><classification-symbol>B27F5/10</classification-symbol><class-title date-revised="2016-08-01"><title-part><text>equipped with chisel cutters </text><CPC-specific-text><text>, e.g. hollow chisel cutters equipped with drills</text></CPC-specific-text></title-part></class-title></classification-item>
<classification-item breakdown-code="false" not-allocatable="false" level="9" additional-only="false" sort-key="B27F5/12" definition-exists="false" ipc-concordant="B27F5/12" c-set-base-allowed="false" c-set-subsequent-allowed="true" date-revised="2013-01-01" status="published"><classification-symbol>B27F5/12</classification-symbol><class-title date-revised="2013-01-01"><title-part><text>for making holes designed for taking up fittings, e.g. in frames of doors, windows, furniture </text><CPC-specific-text><reference><text>devices for fixing fittings into holes <class-ref scheme="cpc">B27M3/0006</class-ref></text></reference></CPC-specific-text></title-part></class-title></classification-item></classification-item></classification-item>
<classification-item breakdown-code="false" not-allocatable="false" level="7" additional-only="false" sort-key="B27F7/00" definition-exists="true" ipc-concordant="B27F7/00" c-set-base-allowed="false" c-set-subsequent-allowed="true" date-revised="2013-01-01" status="published"><classification-symbol>B27F7/00</classification-symbol><class-title date-revised="2013-01-01"><title-part><text>Nailing or stapling</text></title-part><title-part><text>Nailed or stapled work</text></title-part></class-title>
<classification-item breakdown-code="false" not-allocatable="false" level="8" additional-only="false" sort-key="B27F7/003" definition-exists="false" ipc-concordant="B27F7/00" c-set-base-allowed="false" c-set-subsequent-allowed="true" date-revised="2013-01-01" status="published"><classification-symbol>B27F7/003</classification-symbol><class-title date-revised="2013-01-01"><title-part><CPC-specific-text><text>Nailing or stapling machines provided with assembling means</text></CPC-specific-text></title-part></class-title></classification-item>
<classification-item breakdown-code="false" not-allocatable="false" level="8" additional-only="false" sort-key="B27F7/006" definition-exists="false" ipc-concordant="B27F7/00" c-set-base-allowed="false" c-set-subsequent-allowed="true" date-revised="2013-01-01" status="published"><classification-symbol>B27F7/006</classification-symbol><class-title date-revised="2013-01-01"><title-part><CPC-specific-text><text>Nailing or stapling machines provided with means for operating on discrete points</text></CPC-specific-text></title-part></class-title></classification-item>
<classification-item breakdown-code="false" not-allocatable="false" level="8" additional-only="false" sort-key="B27F7/02" definition-exists="false" ipc-concordant="B27F7/02" c-set-base-allowed="false" c-set-subsequent-allowed="true" date-revised="2013-01-01" status="published"><classification-symbol>B27F7/02</classification-symbol><class-title date-revised="2013-01-01"><title-part><text>Nailing machines </text><reference><text>hand-held nailing tools <class-ref scheme="cpc">B25C1/00</class-ref></text></reference></title-part></class-title>
<classification-item breakdown-code="false" not-allocatable="false" level="9" additional-only="false" sort-key="B27F7/025" definition-exists="false" ipc-concordant="B27F7/02" c-set-base-allowed="false" c-set-subsequent-allowed="true" date-revised="2013-01-01" status="published"><classification-symbol>B27F7/025</classification-symbol><class-title date-revised="2013-01-01"><title-part><CPC-specific-text><text>for inserting joint-nails</text></CPC-specific-text></title-part></class-title></classification-item>
<classification-item breakdown-code="false" not-allocatable="false" level="9" additional-only="false" sort-key="B27F7/04" definition-exists="false" ipc-concordant="B27F7/04" c-set-base-allowed="false" c-set-subsequent-allowed="true" date-revised="2013-01-01" status="published"><classification-symbol>B27F7/04</classification-symbol><class-title date-revised="2013-01-01"><title-part><text>Equipment for bending nails driven through</text></title-part></class-title></classification-item>
<classification-item breakdown-code="false" not-allocatable="false" level="9" additional-only="false" sort-key="B27F7/05" definition-exists="false" ipc-concordant="B27F7/05" c-set-base-allowed="false" c-set-subsequent-allowed="true" date-revised="2013-01-01" status="published"><classification-symbol>B27F7/05</classification-symbol><class-title date-revised="2013-01-01"><title-part><text>Driving means</text></title-part></class-title>
<classification-item breakdown-code="false" not-allocatable="false" level="10" additional-only="false" sort-key="B27F7/07" definition-exists="false" ipc-concordant="B27F7/07" c-set-base-allowed="false" c-set-subsequent-allowed="true" date-revised="2013-01-01" status="published"><classification-symbol>B27F7/07</classification-symbol><class-title date-revised="2013-01-01"><title-part><text>operated by manual power</text></title-part></class-title></classification-item>
<classification-item breakdown-code="false" not-allocatable="false" level="10" additional-only="false" sort-key="B27F7/09" definition-exists="false" ipc-concordant="B27F7/09" c-set-base-allowed="false" c-set-subsequent-allowed="true" date-revised="2013-01-01" status="published"><classification-symbol>B27F7/09</classification-symbol><class-title date-revised="2013-01-01"><title-part><text>operated by fluid pressure</text></title-part></class-title></classification-item>
<classification-item breakdown-code="false" not-allocatable="false" level="10" additional-only="false" sort-key="B27F7/11" definition-exists="false" ipc-concordant="B27F7/11" c-set-base-allowed="false" c-set-subsequent-allowed="true" date-revised="2013-01-01" status="published"><classification-symbol>B27F7/11</classification-symbol><class-title date-revised="2013-01-01"><title-part><text>operated by electric power</text></title-part></class-title></classification-item></classification-item>
<classification-item breakdown-code="false" not-allocatable="false" level="9" additional-only="false" sort-key="B27F7/13" definition-exists="false" ipc-concordant="B27F7/13" c-set-base-allowed="false" c-set-subsequent-allowed="true" date-revised="2014-02-04" status="published"><classification-symbol>B27F7/13</classification-symbol><class-title date-revised="2013-01-01"><title-part><text>Nail feeding devices</text></title-part></class-title></classification-item></classification-item>
<classification-item breakdown-code="false" not-allocatable="false" level="8" additional-only="false" sort-key="B27F7/15" definition-exists="false" ipc-concordant="B27F7/15" c-set-base-allowed="false" c-set-subsequent-allowed="true" date-revised="2013-01-01" status="published"><classification-symbol>B27F7/15</classification-symbol><class-title date-revised="2013-01-01"><title-part><text>Machines for driving in nail- plates </text><CPC-specific-text><text>and spiked fittings</text></CPC-specific-text></title-part></class-title>
<classification-item breakdown-code="false" not-allocatable="false" level="9" additional-only="false" sort-key="B27F7/155" definition-exists="false" ipc-concordant="B27F7/15" c-set-base-allowed="false" c-set-subsequent-allowed="true" date-revised="2013-01-01" status="published"><classification-symbol>B27F7/155</classification-symbol><class-title date-revised="2013-01-01"><title-part><CPC-specific-text><text>for nail plates</text></CPC-specific-text></title-part></class-title></classification-item></classification-item>
<classification-item breakdown-code="false" not-allocatable="false" level="8" additional-only="false" sort-key="B27F7/17" definition-exists="false" ipc-concordant="B27F7/17" c-set-base-allowed="false" c-set-subsequent-allowed="true" date-revised="2013-01-01" status="published"><classification-symbol>B27F7/17</classification-symbol><class-title date-revised="2013-01-01"><title-part><text>Stapling machines </text><reference><text>manually operated portable stapling tools, hand- held power-operated stapling tools <class-ref scheme="cpc">B25C5/00</class-ref></text></reference></title-part></class-title>
<classification-item breakdown-code="false" not-allocatable="false" level="9" additional-only="false" sort-key="B27F7/19" definition-exists="false" ipc-concordant="B27F7/19" c-set-base-allowed="false" c-set-subsequent-allowed="true" date-revised="2013-01-01" status="published"><classification-symbol>B27F7/19</classification-symbol><class-title date-revised="2013-01-01"><title-part><text>with provision for bending the ends of the staples on to the work</text></title-part></class-title>
<classification-item breakdown-code="false" not-allocatable="false" level="10" additional-only="false" sort-key="B27F7/21" definition-exists="false" ipc-concordant="B27F7/21" c-set-base-allowed="false" c-set-subsequent-allowed="true" date-revised="2013-01-01" status="published"><classification-symbol>B27F7/21</classification-symbol><class-title date-revised="2013-01-01"><title-part><text>with means for forming the staples in the machine</text></title-part></class-title>
<classification-item breakdown-code="false" not-allocatable="false" level="11" additional-only="false" sort-key="B27F7/23" definition-exists="false" ipc-concordant="B27F7/23" c-set-base-allowed="false" c-set-subsequent-allowed="true" date-revised="2013-01-01" status="published"><classification-symbol>B27F7/23</classification-symbol><class-title date-revised="2013-01-01"><title-part><text>with rotary drive</text></title-part></class-title></classification-item></classification-item></classification-item>
<classification-item breakdown-code="false" not-allocatable="false" level="9" additional-only="false" sort-key="B27F7/26" definition-exists="false" ipc-concordant="B27F7/26" c-set-base-allowed="false" c-set-subsequent-allowed="true" date-revised="2013-01-01" status="published"><classification-symbol>B27F7/26</classification-symbol><class-title date-revised="2013-01-01"><title-part><text>without provision for bending the ends of the staples on to the work</text></title-part></class-title>
<classification-item breakdown-code="false" not-allocatable="false" level="10" additional-only="false" sort-key="B27F7/28" definition-exists="false" ipc-concordant="B27F7/28" c-set-base-allowed="false" c-set-subsequent-allowed="true" date-revised="2013-01-01" status="published"><classification-symbol>B27F7/28</classification-symbol><class-title date-revised="2013-01-01"><title-part><text>with means for forming the staples in the machine</text></title-part></class-title></classification-item></classification-item>
<classification-item breakdown-code="false" not-allocatable="false" level="9" additional-only="false" sort-key="B27F7/30" definition-exists="false" ipc-concordant="B27F7/30" c-set-base-allowed="false" c-set-subsequent-allowed="true" date-revised="2013-01-01" status="published"><classification-symbol>B27F7/30</classification-symbol><class-title date-revised="2013-01-01"><title-part><text>Driving means</text></title-part></class-title>
<classification-item breakdown-code="false" not-allocatable="false" level="10" additional-only="false" sort-key="B27F7/32" definition-exists="false" ipc-concordant="B27F7/32" c-set-base-allowed="false" c-set-subsequent-allowed="true" date-revised="2013-01-01" status="published"><classification-symbol>B27F7/32</classification-symbol><class-title date-revised="2013-01-01"><title-part><text>operated by manual power</text></title-part></class-title></classification-item>
<classification-item breakdown-code="false" not-allocatable="false" level="10" additional-only="false" sort-key="B27F7/34" definition-exists="false" ipc-concordant="B27F7/34" c-set-base-allowed="false" c-set-subsequent-allowed="true" date-revised="2013-01-01" status="published"><classification-symbol>B27F7/34</classification-symbol><class-title date-revised="2013-01-01"><title-part><text>operated by fluid pressure</text></title-part></class-title></classification-item>
<classification-item breakdown-code="false" not-allocatable="false" level="10" additional-only="false" sort-key="B27F7/36" definition-exists="false" ipc-concordant="B27F7/36" c-set-base-allowed="false" c-set-subsequent-allowed="true" date-revised="2013-01-01" status="published"><classification-symbol>B27F7/36</classification-symbol><class-title date-revised="2013-01-01"><title-part><text>operated by electric power</text></title-part></class-title></classification-item></classification-item>
<classification-item breakdown-code="false" not-allocatable="false" level="9" additional-only="false" sort-key="B27F7/38" definition-exists="false" ipc-concordant="B27F7/38" c-set-base-allowed="false" c-set-subsequent-allowed="true" date-revised="2013-01-01" status="published"><classification-symbol>B27F7/38</classification-symbol><class-title date-revised="2013-01-01"><title-part><text>Staple feeding devices</text></title-part></class-title></classification-item></classification-item></classification-item></classification-item></classification-item></class-scheme>